Modelo,N,Eventos,Numero_parametros,Max_Rhat,Min_ESS_bulk,Min_ESS_tail,Divergencias,Max_treedepth_excedido,Estado
BAYES_ACOMPANAMIENTO_DETALLE,23095,468,18,1.0012802418002695,8663.554905680096,8157.447639789853,0,0,OK
BAYES_CLINICO_INGRESO,23272,471,12,1.000685888757472,8880.386736018854,7618.311293167706,0,0,OK
BAYES_HIPERTENSION_AGRUPADA,23095,468,15,1.0009836483018035,11824.927534767672,7885.12498065422,0,0,OK
BAYES_OBSTETRICO,23398,480,12,1.000693812188248,12799.610905367588,7939.350322518275,0,0,OK
BAYES_PRINCIPAL,23095,468,16,1.0011893166973946,12215.355652170674,8037.231025345441,0,0,OK
BAYES_PRIOR_AMPLIO,23095,468,16,1.0008384424136543,9952.611136192283,7153.088925648886,0,0,OK
BAYES_PRIOR_ESCEPTICO,23095,468,16,1.0009114852076852,11829.101019356604,7867.761279175526,0,0,OK
BAYES_SEGURO_SENSIBILIDAD,15924,324,9,1.001051129519403,11731.707932683585,7902.402589390714,0,0,OK
BAYES_SENS_EDAD_CONTINUA,23095,468,15,1.000962203912582,10870.012983197279,7341.157868233665,0,0,OK
BAYES_SENS_EDAD_GESTACIONAL,22963,404,17,1.0009619776342997,10867.568058401917,7615.699177975096,0,0,OK
