"VARIABLE","REFERENCIA","CATEGORIA","OR_CRUDO","IC95_INF","IC95_SUP","P_WALD","N_ANALIZADO","P_GLOBAL"
"PAREJA_ESTABLE_A","NO","XSI",0.892971309175374,0.731098596353606,1.09068429755911,0.267294849647195,23599,0.26360073809351
"SEGURO_A","NO","XSI",1.40175807210471,0.940699726614487,2.08879160599137,0.0970012058838689,16306,0.112398007359446
"INSTRUCCION_A","SECUNDARIA","XNINGUNA",1.00559047016109,0.572923730392374,1.76500315842437,0.984504142069628,23513,0.857314217265189
"INSTRUCCION_A","SECUNDARIA","XPRIMARIA",1.07382409741916,0.883746320972157,1.3047841499692,0.473624366857341,23513,0.857314217265189
"INSTRUCCION_A","SECUNDARIA","XSUPERIOR",0.946573466662946,0.679000906329448,1.31958782298822,0.745997570290015,23513,0.857314217265189
"ACOMPANADA_BIN","NO","XSI",0.680590947065841,0.560245857483035,0.826787081137866,0.000106260131446809,23571,0.000157037154166262
"ACOMPANADA_DETALLE","PAREJA","XFAMILIAR",0.838122579604216,0.641558061823359,1.09491174726417,0.195314972688946,23571,0.00000277662409374326
"ACOMPANADA_DETALLE","PAREJA","XOTRO",1.50320601213471,1.15438863873251,1.95742424960016,0.00248032651144024,23571,0.00000277662409374326
"ACOMPANADA_DETALLE","PAREJA","XSOLA",1.52791000420804,1.22332689477906,1.90832801185216,0.000186243985974742,23571,0.00000277662409374326
"RIESGO_INGRESO_A","RIESGO BAJO","XRIESGO ALTO",1.55226750046357,1.25261114588031,1.92360925489134,0.0000586682392077033,23554,0.0000188164247269572
"RIESGO_INGRESO_A","RIESGO BAJO","XRIESGO INMINENTE",1.7013219577761,1.30416865926049,2.21941877184227,0.00008932078804676,23554,0.0000188164247269572
"IVU_A","NO","XSI",0.308670179810968,0.0766434838083364,1.24312303108242,0.098171211386537,23642,0.0415850382480432
"RPM_A","NO","XSI",0.482330705253025,0.332670548330277,0.699319222568845,0.000119591347990028,23642,0.0000189446347968449
"PSICOPROFILAXIS_ALGUNA","NO","XSI",0.392812129578013,0.324701797929293,0.475209469512128,0.000000000000000000000673407625825189,23526,0.0000000000000000000983960769434847
"HEMORRAGIA_A","NO","XSI",0.886826639364047,0.660065533060284,1.1914900095441,0.425371223021446,23641,0.418304866370203
"VERTICE","NO","XSI",0.923005192021348,0.557688084385304,1.52762558202654,0.755287001956021,23642,0.75809224468857
"HIPERTENSIVOS_A","NINGUNO","XPREECLAMPSIA",1.07203336077171,0.819717317973547,1.40201445230972,0.611436901432165,23642,0.169972081791053
"HIPERTENSIVOS_A","NINGUNO","XHTA INDUCIDA POR EL EMBARAZO",0.967536667553466,0.574944106576265,1.62820558094771,0.901097646026717,23642,0.169972081791053
"HIPERTENSIVOS_A","NINGUNO","XHTA PREEXISTENTE",0.775069812688316,0.107269731653375,5.60021177718495,0.800632174940687,23642,0.169972081791053
"HIPERTENSIVOS_A","NINGUNO","XECLAMPSIA",4.00452672536768,1.59970810350551,10.0244752521058,0.00304179619290444,23642,0.169972081791053
"DPP","NO","XSI",6.62917141539477,3.8359075508042,11.4564579757596,0.00000000001231423682289,23642,0.0000000546151687554477
