"Variable","Comparacion","Referencia","OR_crudo","IC95","p","Metodo","N_analizado"
"Pareja estable","SI","NO","0.89","0.73-1.09","0.267","Logistica",23599
"SEGURO_A","SI","NO","1.40","0.94-2.09","0.097","Logistica",16306
"Instruccion","NINGUNA","SECUNDARIA","1.01","0.57-1.77","0.985","Logistica",23513
"Instruccion","PRIMARIA","SECUNDARIA","1.07","0.88-1.30","0.474","Logistica",23513
"Instruccion","SUPERIOR","SECUNDARIA","0.95","0.68-1.32","0.746","Logistica",23513
"Acompanada","SI","NO","0.68","0.56-0.83","<0.001","Logistica",23571
"Acompanamiento (detalle)","FAMILIAR","PAREJA","0.84","0.64-1.09","0.195","Logistica",23571
"Acompanamiento (detalle)","OTRO","PAREJA","1.50","1.15-1.96","0.002","Logistica",23571
"Acompanamiento (detalle)","SOLA","PAREJA","1.53","1.22-1.91","<0.001","Logistica",23571
"Riesgo al ingreso","RIESGO ALTO","RIESGO BAJO","1.55","1.25-1.92","<0.001","Logistica",23554
"Riesgo al ingreso","RIESGO INMINENTE","RIESGO BAJO","1.70","1.30-2.22","<0.001","Logistica",23554
"Infeccion de vias urinarias (IVU)","SI","NO","0.31","0.08-1.24","0.098","Fisher",23642
"Ruptura prematura de membranas (RPM)","SI","NO","0.48","0.33-0.70","<0.001","Logistica",23642
"Psicoprofilaxis (alguna)","SI","NO","0.39","0.32-0.48","<0.001","Logistica",23526
"Hemorragia","SI","NO","0.89","0.66-1.19","0.425","Fisher",23641
"Presentacion de vertice","SI","NO","0.92","0.56-1.53","0.755","Logistica",23642
"Trastornos hipertensivos","PREECLAMPSIA","NINGUNO","1.07","0.82-1.40","0.611","Logistica",23642
"Trastornos hipertensivos","HTA INDUCIDA POR EL EMBARAZO","NINGUNO","0.97","0.57-1.63","0.901","Logistica",23642
"Trastornos hipertensivos","HTA PREEXISTENTE","NINGUNO","0.78","0.11-5.60","0.801","Logistica",23642
"Trastornos hipertensivos","ECLAMPSIA","NINGUNO","4.00","1.60-10.02","0.003","Logistica",23642
"Desprendimiento prematuro de placenta (DPP)","SI","NO","6.63","3.84-11.46","<0.001","Fisher",23642
