"Variable","aOR","IC95","p","N_modelo"
"Edad materna <20 vs 20-34","0.97","0.49-1.91","0.933",23095
"Edad materna >=35 vs 20-34","1.03","0.83-1.28","0.786",23095
"Pareja estable si vs no","0.95","0.77-1.17","0.627",23095
"Sin instruccion vs secundaria","0.93","0.53-1.64","0.805",23095
"Primaria vs secundaria","0.97","0.80-1.19","0.801",23095
"Superior vs secundaria","1.16","0.83-1.62","0.398",23095
"Acompanada vs sola","0.70","0.58-0.86","<0.001",23095
"Numero de controles prenatales, por cada control adicional","0.84","0.81-0.87","<0.001",23095
"Numero de sesiones de psicoprofilaxis, por cada sesion adicional","0.87","0.83-0.92","<0.001",23095
"IVU si vs no","0.32","0.08-1.29","0.108",23095
