"VARIABLE","CATEGORIA_ORIGINAL","NO_MUERTE","MUERTE","TOTAL"
"PAREJA_ESTABLE_A","NO",16105,350,16455
"PAREJA_ESTABLE_A","SI",7008,136,7144
"SEGURO_A","NO",15031,308,15339
"SEGURO_A","SI",940,27,967
"INSTRUCCION_A","SECUNDARIA",12702,264,12966
"INSTRUCCION_A","NINGUNA",622,13,635
"INSTRUCCION_A","PRIMARIA",7617,170,7787
"INSTRUCCION_A","SUPERIOR",2084,41,2125
"ACOMPANADA_BIN","NO",5432,151,5583
"ACOMPANADA_BIN","SI",17654,334,17988
"ACOMPANADA_DETALLE","PAREJA",9234,168,9402
"ACOMPANADA_DETALLE","FAMILIAR",5312,81,5393
"ACOMPANADA_DETALLE","OTRO",3108,85,3193
"ACOMPANADA_DETALLE","SOLA",5432,151,5583
"RIESGO_INGRESO_A","RIESGO BAJO",8473,128,8601
"RIESGO_INGRESO_A","RIESGO ALTO",10789,253,11042
"RIESGO_INGRESO_A","RIESGO INMINENTE",3813,98,3911
"IVU_A","NO",22849,487,23336
"IVU_A","SI",304,2,306
"RPM_A","NO",20390,459,20849
"RPM_A","SI",2763,30,2793
"PSICOPROFILAXIS_ALGUNA","NO",4002,168,4170
"PSICOPROFILAXIS_ALGUNA","SI",19042,314,19356
"HEMORRAGIA_A","NO",20517,439,20956
"HEMORRAGIA_A","SI",2635,50,2685
"VERTICE","NO",701,16,717
"VERTICE","SI",22452,473,22925
"HIPERTENSIVOS_A","NINGUNO",19462,405,19867
"HIPERTENSIVOS_A","PREECLAMPSIA",2824,63,2887
"HIPERTENSIVOS_A","HTA INDUCIDA POR EL EMBARAZO",745,15,760
"HIPERTENSIVOS_A","HTA PREEXISTENTE",62,1,63
"HIPERTENSIVOS_A","ECLAMPSIA",60,5,65
"DPP","NO",23043,474,23517
"DPP","SI",110,15,125
