"MODELO","VARIABLE","OR_AJUSTADO","IC95_INF","IC95_SUP","P_VALOR","N_MODELO","AIC"
"B_MATERNO_CLINICO_INGRESO","(Intercept)",0.0406192162428773,0.0322228970818829,0.0512033639927828,0.0000000000000000000000000000000000000000000000000000000000000000000000000000000000000000000000000000000000000000000000000000000000000000000000000000000000000000066187369875609,23272,4452.25166452941
"B_MATERNO_CLINICO_INGRESO","EDAD_CAT<20",0.898875231324113,0.458537317914268,1.76207399032033,0.756231078387961,23272,4452.25166452941
"B_MATERNO_CLINICO_INGRESO","EDAD_CAT>=35",1.08301295429534,0.881141998242424,1.33113284976891,0.44863012144395,23272,4452.25166452941
"B_MATERNO_CLINICO_INGRESO","HIPERTENSIVOS_APREECLAMPSIA",0.86149538119823,0.598409150630412,1.24024555948721,0.422620260878199,23272,4452.25166452941
"B_MATERNO_CLINICO_INGRESO","HIPERTENSIVOS_AHTA INDUCIDA POR EL EMBARAZO",0.835223110759865,0.47639016658823,1.46434098281957,0.529646856844975,23272,4452.25166452941
"B_MATERNO_CLINICO_INGRESO","HIPERTENSIVOS_AHTA PREEXISTENTE",0.578600271585266,0.0788240015478528,4.24716162215267,0.590599475324584,23272,4452.25166452941
"B_MATERNO_CLINICO_INGRESO","HIPERTENSIVOS_AECLAMPSIA",2.45617211609529,0.934775269215486,6.45372386557364,0.068285108096767,23272,4452.25166452941
"B_MATERNO_CLINICO_INGRESO","IVU_ASI",0.274697362190103,0.0680109670481829,1.10950695261753,0.0696672733889984,23272,4452.25166452941
"B_MATERNO_CLINICO_INGRESO","RIESGO_INGRESO_ARIESGO ALTO",1.63658379084176,1.31684344207647,2.03395970915308,0.00000892660371456979,23272,4452.25166452941
"B_MATERNO_CLINICO_INGRESO","RIESGO_INGRESO_ARIESGO INMINENTE",1.89155533693721,1.32875013417669,2.69274222494253,0.000404046628234273,23272,4452.25166452941
"B_MATERNO_CLINICO_INGRESO","CONTROLES_NUM",0.81975989889927,0.793795800871017,0.846573251087953,0.0000000000000000000000000000000010210273600562,23272,4452.25166452941
