"VARIABLE","REFERENCIA","CATEGORIA","N_ANALIZADO","OR_CRUDO","IC95_INF","IC95_SUP","P_VALOR"
"PAREJA_ESTABLE","NO","xSI",23599,0.892971309175374,0.731098596353606,1.09068429755911,0.267294849647195
"SEGURO","NO","xSI",16306,1.40175807210471,0.940699726614487,2.08879160599137,0.0970012058838689
"INSTRUCCION","SECUNDARIA","xNINGUNA",23513,1.00559047016109,0.572923730392374,1.76500315842437,0.984504142069628
"INSTRUCCION","SECUNDARIA","xPRIMARIA",23513,1.07382409741916,0.883746320972157,1.3047841499692,0.473624366857341
"INSTRUCCION","SECUNDARIA","xSUPERIOR",23513,0.946573466662946,0.679000906329448,1.31958782298822,0.745997570290015
"ACOMPANADA","PAREJA","x0",23634,3.72639225181724,1.33823642564254,10.3763422877511,0.0118166462553665
"ACOMPANADA","PAREJA","xFAMILIAR",23634,0.838122579604001,0.641558061823328,1.09491174726366,0.195314972687948
"ACOMPANADA","PAREJA","xOTRO",23634,1.50320601213456,1.15438863873261,1.95742424959961,0.0024803265114295
"ACOMPANADA","PAREJA","xSOLA",23634,1.52791000420767,1.22332689477902,1.9083280118513,0.000186243985973777
"RIESGO_AL_INGRESO","RIESGO BAJO","xRIESGO ALTO",23554,1.55226750046357,1.25261114588031,1.92360925489134,0.0000586682392077033
"RIESGO_AL_INGRESO","RIESGO BAJO","xRIESGO INMINENTE",23554,1.7013219577761,1.30416865926049,2.21941877184227,0.00008932078804676
"IVU","NO","xSI",23642,0.308670179810968,0.0766434838083364,1.24312303108242,0.098171211386537
"RPM","NO","xSI",23642,0.482330705253025,0.332670548330277,0.699319222568845,0.000119591347990028
"PRESENTACION_VERTICE","NO","xSI",23642,0.923005192021348,0.557688084385304,1.52762558202654,0.755287001956021
"HEMORRAGIA","NO","xSI",23641,0.886826639364047,0.660065533060284,1.1914900095441,0.425371223021446
"SESIONES_ALGUNA","NO","xSI",23526,0.392812129578013,0.324701797929293,0.475209469512128,0.000000000000000000000673407625825189
"SESIONES_NUM_ALGUNA","NO","xSI",23526,0.392812129578013,0.324701797929293,0.475209469512128,0.000000000000000000000673407625825189
