"VARIABLE","N_FALTANTE","PORCENTAJE_FALTANTE"
"PESO_AL_NACIMIENTO_NUM",23848,100
"APGAR_1_MENOR_NUM",23848,100
"APGAR_5_MENOR_NUM",23848,100
"PESO_AL_NACIMIENTO",20529,86.08
"SEGURO",7386,30.97
"MANEJO_ACTIVO",5308,22.26
"DESGARROS",5292,22.19
"POSICION_DEL_PARTO",5270,22.1
"EPISIOTOMIA",5270,22.1
"PLACENTA",5270,22.1
"APGAR_1_NUM",4057,17.01
"APGAR_2_NUM",4057,17.01
"APGAR_1_BAJO_DERIVADO",4057,17.01
"APGAR_5_BAJO_DERIVADO",4057,17.01
"APGAR_1_MENOR",3996,16.76
"APGAR_5_MENOR",3996,16.76
"APGAR_1",3973,16.66
"APGAR_2",3973,16.66
"P_CEFALICO_NUM",689,2.89
"APEGO_PRECOZ",487,2.04
"LACTANCIA",487,2.04
"TALLA_NUM",362,1.52
"P_CEFALICO",271,1.14
"PESO_NUM",262,1.1
"PINZAMIENTO",241,1.01
"TALLA",216,0.91
"REANIMACION",207,0.87
"MUERTE_INTRAUTERINA",206,0.86
"MUERTE_FETAL",206,0.86
"SEMANAS_GESTACION_NUM",194,0.81
"SEXO",190,0.8
"ANIO_NACIMIENTO_FETO",159,0.67
"PESO",140,0.59
"INSTRUCCION",133,0.56
"SESIONES",116,0.49
"SESIONES_NUM",118,0.49
"RIESGO_AL_INGRESO",90,0.38
"ANIO_NACIMIENTO_MADRE",89,0.37
"SEMANAS_GESTACION",72,0.3
"EDAD_GESTACIONAL_CATEGORIA",72,0.3
"SCORE_1_NUM",67,0.28
"SCORE_1",65,0.27
"PSICOPROFILAXIS",61,0.26
"SCORE",55,0.23
"NO_CONTROLES",56,0.23
"SCORE_NUM",55,0.23
"NO_CONTROLES_NUM",56,0.23
"PAREJA_ESTABLE",43,0.18
"ESTADO_CIVIL",43,0.18
"GRUPO_CULTURAL",42,0.18
"ETNIA_MINORITARIA",42,0.18
"ANIO_EGRESO",32,0.13
"RIESGO",27,0.11
"METODO",24,0.1
"ANIO_INGRESO",23,0.1
"CONSEJERIA_ANTICONCEPCION",16,0.07
"ACOMPANADA",8,0.03
"LUGAR_DE_NACIMIENTO",3,0.01
"ID_REGISTRO",0,0
"NUMERO_FETO",0,0
"NUM_FETOS_EMBARAZO",0,0
"EDAD",0,0
"ANTECEDENTE_DE_CIRUGIA_UTERINA",0,0
"ANOMALIAS_GENITALES",0,0
"VIH",0,0
"OBESIDAD",0,0
"DIABETES_EN_EL_EMBARAZO",0,0
"HIPERTENSIVOS",0,0
"UTERO_PARTO",0,0
"ATENCION_CAUSAS_FETALES",0,0
"OTRAS_PATOLOGIAS",0,0
"DESPRENDIMIENTO_PREMATURO_DE_PLACENTA",0,0
"ANEMIA",0,0
"ALTERACION_PLACENTA",0,0
"ISOINMUNIZACION",0,0
"OTRA_COMPLICACIONES_DEL_EMBARAZO",0,0
"AFECTACION_SISTEMAS_QUE_COMPLICAN",0,0
"INFECCION_GENITAL",0,0
"IVU",0,0
"TORCH",0,0
"ITS",0,0
"PRESENTACION_FETAL",0,0
"TRASTRONOS_DE_LIQUIDO_AMNIOTICO",0,0
"RUPTURA_UTERINA",0,0
"ACTIVIDAD_UTERINA_INDACECUADA",0,0
"ALTERACIONES_DEL_CORDON",0,0
"PARTO_PROLONGADO",0,0
"PARTO_PRECIPITADO",0,0
"OTRAS_COMPLICACIONES_TRABAJO_DE_PARTO",0,0
"OBSTRUCCION_DEL_PARTO",0,0
"CAUSAS_OBSTRUCCION",0,0
"SUFRIMIENTO_FETAL",0,0
"RPM",0,0
"EMBARAZO_MULTIPLE",0,0
"TIPO_PARTO",1,0
"SOLICITO_PLACENTA",1,0
"HEMORRAGIA",1,0
"LIGADURA",1,0
"ANESTESIA",1,0
"EDAD_NUM",0,0
"DATO_FETAL_INCOMPLETO",0,0
"EDAD_MATERNA_CATEGORIA",0,0
"HIPERTENSION_BINARIA",0,0
"CUALQUIER_INFECCION_MATERNA",0,0
"PRESENTACION_CEFALICA",0,0
"EMBARAZO_MULTIPLE_BINARIO",0,0
