"VARIABLE","OR_AJUSTADO","IC95_INF","IC95_SUP","P_VALOR"
"(Intercept)",0.0214862706830073,0.0189530801336094,0.0243580370371991,0
"EDAD_CATEGORIA_ANALITICA<20",0.987886766091383,0.505326834267352,1.93126546314017,0.971575667621217
"EDAD_CATEGORIA_ANALITICA>=35",1.04834172362556,0.850461107626186,1.29226411371332,0.658251142223845
"HIPERTENSIVOSPREECLAMPSIA",1.08684700133549,0.828923591002637,1.42502447406903,0.546828342923492
"HIPERTENSIVOSHTA INDUCIDA POR EL EMBARAZO",0.989303514438256,0.587387177822252,1.66622881913853,0.967749072658478
"HIPERTENSIVOSHTA PREEXISTENTE",0.800032403226092,0.110540511557419,5.79020159391292,0.825149383525123
"HIPERTENSIVOSECLAMPSIA",3.29482160358579,1.19040148466372,9.11948576956142,0.0217040872587457
"CUALQUIER_INFECCION_MATERNASI",0.486014902952843,0.200359544768681,1.17893303343732,0.110516873689867
"ETNIA_MINORITARIASI",0.788969084761054,0.50196089088561,1.24008110594128,0.304262047320544
"PAREJA_ESTABLESI",0.885991630756909,0.720319739266825,1.08976767812899,0.25176882396896
