Eventos,Frecuencia
772,0.0334271487334921
323,0.013985711192898896
132,0.005715522840441654
140,0.006061918164104785
182,0.00788049361333622
539,0.02333838493180342
6715,0.2907555747997402
505,0.021866204806235117
635,0.027495128815760987
107,0.004633037453994371
3273,0.14171898679367828
252,0.010911452695388612
2001,0.08664213033124053
285,0.012340333405499025
1014,0.043905607274301796
2089,0.09045247889153496
430,0.018618748646893266
2062,0.0892833946741719
78,0.0033773544057155228
1528,0.06616150681965793
400,0.01731976618315653
2221,0.09616800173197662
99,0.004286642130331241
170,0.0073609006278415245
1781,0.07711625893050444
1253,0.05425416756873782
2726,0.11803420653821173
1082,0.04684996752543841
360,0.015587789564840875
1855,0.0803204156743884
195,0.008443386014288807
4961,0.21480840008659882
57,0.002468066681099805
315,0.013639315869235766
2338,0.10123403334054991
133,0.005758822255899546
198,0.008573284260662482
687,0.029746698419571335
2985,0.1292487551418056
1723,0.07460489283394674
1029,0.04455509850617017
884,0.03827668326477592
1541,0.06672439922061052
375,0.016237280796709243
944,0.0408746481922494
1096,0.04745615934184889
870,0.03767049144836545
47,0.002035072526520892
40,0.0017319766183156527
267,0.011560943927256982
159,0.006884607057804719
4713,0.20407014505304177
161,0.006971205888720502
83,0.0035938514830049792
3863,0.16726564191383417
257,0.011127949772678069
562,0.02433427148733492
381,0.016497077289456593
352,0.015241394241177745
827,0.03580861658367612
1564,0.06772028577614202
279,0.012080536912751677
649,0.028101320632171467
1115,0.04827884823554882
264,0.011431045680883309
2491,0.10785884390560728
555,0.02403117557912968
318,0.013769214115609439
289,0.01251353106733059
425,0.01840225156960381
1603,0.06940896297899979
261,0.011301147434509634
1458,0.06313054773760554
447,0.01935483870967742
923,0.03996536046763369
222,0.009612470231651873
2833,0.1226672439922061
1535,0.06646460272786317
794,0.03437973587356571
4450,0.19268239878761637
647,0.028014721801255683
241,0.010435159125351808
456,0.01974453344879844
1233,0.05338817925958
282,0.012210435159125352
972,0.04208703182507036
352,0.015241394241177745
487,0.021086815327993072
226,0.009785667893483438
113,0.004892833946741719
132,0.005715522840441654
3776,0.1634985927689976
1342,0.05810781554449015
697,0.03017969257415025
771,0.0333838493180342
610,0.026412643429313706
2016,0.08729162156310889
1143,0.049491231868369776
688,0.02978999783502923
636,0.027538428231218878
1646,0.07127083784368911
256,0.011084650357220177
867,0.037540593201991775
397,0.017189867936782854
956,0.0413942411777441
330,0.014288807101104134
175,0.007577397705130981
1454,0.06295735007577398
1320,0.05715522840441654
356,0.01541459190300931
307,0.013292920545572635
1185,0.051309807317601215
1810,0.07837194197878329
442,0.01913834163238796
4480,0.1939813812513531
1559,0.06750378869885257
779,0.033730244641697334
720,0.03117557912968175
1176,0.05092011257848019
761,0.03295085516345529
1291,0.05589954535613769
1123,0.04862524355921195
53,0.00229486901926824
991,0.0429097207187703
721,0.03121887854513964
4697,0.20337735440571553
1994,0.08633903442303528
633,0.027408529984845206
496,0.021476510067114093
2054,0.08893699935050876
2025,0.08768131630222992
12304,0.5327560077938948
1313,0.0568521324962113
3568,0.1544923143537562
3510,0.15198094825719852
3357,0.14535613769214115
3290,0.14245507685646244
329,0.014245507685646244
58,0.0025113660965576964
274,0.011864039835462222
1247,0.05399437107599048
236,0.01021866204806235
635,0.027495128815760987
1116,0.04832214765100671
616,0.02667243992206105
986,0.04269322364148084
6035,0.2613119722883741
1108,0.04797575232734358
7278,0.31513314570253304
17,7.360900627841525e-4
9744,0.421909504221693
4002,0.17328426066248107
1534,0.06642130331240528
285,0.012340333405499025
1331,0.05763152197445334
213,0.00922277549253085
197,0.00852998484520459
415,0.0179692574150249
477,0.020653821173414157
1313,0.0568521324962113
2865,0.12405282528685863
10117,0.4380601861874865
994,0.04303961896514397
2982,0.1291188568954319
129,0.00558562459406798
4446,0.1925092011257848
841,0.036414808400086596
793,0.034336436458107814
458,0.019831132279714225
1238,0.05360467633686945
1548,0.06702749512881576
4631,0.20051959298549468
34,0.001472180125568305
6683,0.2893699935050877
1353,0.05858410911452695
540,0.023381684347261313
1847,0.07997402035072526
856,0.03706429963195497
537,0.02325178610088764
110,0.004762935700368045
32,0.001385581294652522
8685,0.3760554232517861
42,0.0018185754492314355
8046,0.34838709677419355
480,0.020783719419787832
626,0.027105434076639966
876,0.03793028794111279
484,0.020956917081619397
46,0.0019917731110630004
3114,0.13483437973587356
628,0.027192032907555747
347,0.015024897163888287
321,0.013899112361983114
104,0.004503139207620697
18,7.793894782420437e-4
24,0.0010391859709893917
7534,0.3262177960597532
2706,0.1171682182290539
191,0.008270188352457242
53,0.00229486901926824
3034,0.13137042649924227
1314,0.056895431911669195
704,0.03048278848235549
3481,0.15072526520891968
128,0.005542325178610088
286,0.012383632820956917
2845,0.1231868369777008
1285,0.05563974886339034
456,0.01974453344879844
587,0.025416756873782205
187,0.008096990690625677
1884,0.08157609872266725
1006,0.043559211950638665
889,0.038493180342065385
949,0.04109114526953886
6573,0.2846070578047196
30,0.0012989824637367395
251,0.010868153279930721
496,0.021476510067114093
49,0.0021216713574366748
1323,0.05728512665079021
404,0.017492963844988094
2111,0.09140506603160857
525,0.022732193115392943
1625,0.0703615501190734
2860,0.12383632820956918
199,0.008616583676120372
1636,0.0708378436891102
333,0.014418705347477809
457,0.01978783286425633
1730,0.07490798874215199
1797,0.0778090495778307
226,0.009785667893483438
937,0.04057155228404417
800,0.03463953236631306
325,0.014072310023814679
211,0.009136176661615068
7002,0.303182507036155
127,0.005499025763152197
90,0.0038969473912102187
69,0.002987659666594501
2727,0.11807750595366963
1073,0.04646027278631738
1881,0.08144620047629357
551,0.023857977917298115
800,0.03463953236631306
2431,0.1052608789781338
446,0.019311539294219526
565,0.024464169733708595
658,0.028491015371292488
1491,0.06455942844771595
504,0.021822905390777223
183,0.007923793028794111
419,0.018142455076856464
877,0.037973587356570686
2337,0.10119073392509201
1425,0.061701667027495126
2433,0.10534747780904957
1560,0.06754708811431046
914,0.03957566572851266
2989,0.12942195280363716
844,0.03654470664646027
1311,0.05676553366529552
34,0.001472180125568305
96,0.004156743883957567
225,0.009742368478025547
313,0.013552717038319983
88,0.003810348560294436
155,0.006711409395973154
1371,0.059363498592768994
4529,0.19610305260878977
4875,0.21108465035722018
200,0.008659883091578264
2276,0.09854946958216064
39,0.0016886772028577614
100,0.004329941545789132
906,0.03922927040484953
429,0.018575449231435375
584,0.02528685862740853
263,0.011387746265425417
343,0.014851699502056722
3829,0.16579346178826584
119,0.005152630439489067
2385,0.10326910586707079
475,0.020567222342498376
732,0.031695172115176445
771,0.0333838493180342
3174,0.13743234466334706
1652,0.07153063433643646
24,0.0010391859709893917
943,0.040831348776791516
4071,0.17627192032907557
195,0.008443386014288807
3192,0.13821173414158908
208,0.009006278415241395
706,0.03056938731327127
1646,0.07127083784368911
1936,0.08382766832647759
2071,0.08967308941329293
1874,0.08114310456808833
218,0.009439272569820308
923,0.03996536046763369
268,0.011604243342714874
1011,0.04377570902792812
382,0.016540376704914483
1440,0.0623511582593635
482,0.020870318250703616
385,0.016670274951288158
336,0.014548603593851484
632,0.027365230569387312
2236,0.096817492963845
5564,0.2409179476077073
11744,0.5085083351374756
45,0.0019484736956051094
814,0.03524572418272353
504,0.021822905390777223
1243,0.05382117341415891
399,0.017276466767698635
174,0.00753409828967309
751,0.03251786100887638
343,0.014851699502056722
1806,0.07819874431695172
806,0.0348993288590604
49,0.0021216713574366748
85,0.0036804503139207623
26,0.0011257848019051743
1025,0.0443819008443386
242,0.010478458540809699
10109,0.43771379086382334
3939,0.1705563974886339
414,0.017925957999567005
4183,0.18112145486035938
237,0.010261961463520243
980,0.042433427148733494
2042,0.08841740636501408
57,0.002468066681099805
298,0.012903225806451613
230,0.009958865555315003
851,0.036847802554665514
935,0.040484953453128386
1098,0.04754275817276467
6031,0.26113877462654256
84,0.003637150898462871
226,0.009785667893483438
5482,0.2373673955401602
248,0.010738255033557046
1064,0.046070578047196366
107,0.004633037453994371
3926,0.16999350508768132
4917,0.2129032258064516
2061,0.08924009525871401
289,0.01251353106733059
676,0.029270404849534533
690,0.02987659666594501
1138,0.04927473479108032
882,0.03819008443386014
1532,0.0663347044814895
961,0.04161073825503356
390,0.016886772028577614
1605,0.06949556180991556
601,0.02602294869019268
182,0.00788049361333622
1001,0.04334271487334921
3560,0.1541459190300931
486,0.02104351591253518
433,0.01874864689326694
117,0.005066031608573284
14338,0.6208270188352457
1321,0.05719852781987443
342,0.014808400086598832
365,0.015804286642130332
346,0.014981597748430397
1784,0.0772461571768781
145,0.006278415241394241
808,0.03498592768997619
1606,0.06953886122537346
2719,0.11773111063000649
2116,0.09162156310889803
8400,0.3637150898462871
273,0.01182074042000433
123,0.005325828101320632
867,0.037540593201991775
653,0.028274518294003032
264,0.011431045680883309
167,0.00723100238146785
132,0.005715522840441654
310,0.013422818791946308
639,0.027668326477592552
1778,0.07698636068413077
554,0.02398787616367179
1279,0.055379952370643
324,0.014029010608356787
3311,0.14336436458107815
3639,0.15756657285126652
3921,0.16977700801039186
22,9.52587140073609e-4
8056,0.3488200909287725
262,0.011344446849967526
661,0.028620913617666163
134,0.005802121671357437
1464,0.06339034423035289
2439,0.10560727430179692
2602,0.1126650790214332
2380,0.10305260878978134
586,0.02537345745832431
39,0.0016886772028577614
1585,0.06862957350075774
563,0.024377570902792814
251,0.010868153279930721
149,0.0064516129032258064
2445,0.10586707079454427
2931,0.12691058670707944
533,0.023078588439056073
1108,0.04797575232734358
558,0.024161073825503355
972,0.04208703182507036
355,0.015371292487551418
619,0.026802338168434726
511,0.022126001298982463
1234,0.053431478675037884
1671,0.0723533232301364
2963,0.12829616800173196
695,0.030093093743234465
1299,0.05624594067980082
8051,0.348603593851483
308,0.013336219961030526
3639,0.15756657285126652
237,0.010261961463520243
977,0.04230352890235982
134,0.005802121671357437
1760,0.07620697120588872
406,0.017579562675903875
366,0.015847586057588223
48,0.0020783719419787835
2807,0.12154145919030093
91,0.00394024680666811
114,0.00493613336219961
665,0.028794111279497728
541,0.023424983762719204
410,0.01775276033773544
1087,0.04706646460272786
403,0.0174496644295302
143,0.006191816410478459
5396,0.23364364581078156
1246,0.05395107166053258
934,0.04044165403767049
1193,0.051656202641264345
1272,0.055076856462437755
1156,0.05005412426932236
158,0.006841307642346828
1359,0.0588439056072743
642,0.027798224723966227
70,0.0030309590820523924
481,0.020827018835245723
14,6.061918164104785e-4
3,1.2989824637367397e-4
446,0.019311539294219526
271,0.011734141589088547
1124,0.04866854297466984
2991,0.12950855163455294
5458,0.2363282095691708
2539,0.10993721584758606
4485,0.19419787832864258
843,0.036501407231002383
1050,0.045464386230785886
1136,0.04918813596016454
2613,0.11314137259147002
652,0.02823121887854514
876,0.03793028794111279
1267,0.0548603593851483
1013,0.04386230785884391
2450,0.10608356787183373
1339,0.05797791729811647
478,0.02069712058887205
9776,0.42329508551634554
8285,0.3587356570686296
5080,0.2199610305260879
61,0.0026412643429313703
667,0.02888071011041351
2215,0.09590820523922927
53,0.00229486901926824
2926,0.12669408962979
2422,0.10487118423901277
462,0.02000432994154579
405,0.017536263260445984
2517,0.10898462870751245
263,0.011387746265425417
227,0.00982896730894133
2570,0.11127949772678068
1484,0.06425633253951071
3681,0.15938514830049794
3653,0.158172764667677
3477,0.1505520675470881
7562,0.32743017969257415
7019,0.30391859709893915
908,0.03931586923576532
511,0.022126001298982463
339,0.014678501840225157
206,0.008919679584325612
919,0.03979216280580212
31,0.0013422818791946308
1417,0.061355271703831996
88,0.003810348560294436
3304,0.14306126867287292
73,0.0031608573284260663
3442,0.14903658800606193
94,0.004070145053041784
254,0.010998051526304394
952,0.041221043515912534
1430,0.06191816410478459
636,0.027538428231218878
1623,0.07027495128815761
831,0.035981814245507684
602,0.026066248105650575
210,0.009092877246157177
94,0.004070145053041784
1607,0.06958216064083135
98,0.0042433427148733495
88,0.003810348560294436
8945,0.38731327127083787
2349,0.10171032691058671
196,0.008486685429746699
923,0.03996536046763369
779,0.033730244641697334
55,0.0023814678501840225
1071,0.0463736739554016
176,0.007620697120588872
43,0.0018618748646893268
1318,0.057068629573500756
462,0.02000432994154579
386,0.01671357436674605
1352,0.058540809699069066
171,0.007404200043299416
461,0.019961030526087897
192,0.008313487767915134
345,0.014938298332972505
875,0.037886988525654905
734,0.031781770946092226
824,0.03567871833730245
1378,0.05966659450097424
5065,0.21931153929421954
1658,0.07179043082918381
2105,0.09114526953886122
180,0.0077938947824204375
1601,0.069322364148084
4650,0.20134228187919462
110,0.004762935700368045
86,0.0037237497293786536
1270,0.054990257631521974
293,0.012686728729162156
1270,0.054990257631521974
1329,0.05754492314353756
323,0.013985711192898896
957,0.04143754059320199
53,0.00229486901926824
44,0.001905174280147218
29,0.0012556830482788482
5743,0.24866854297466984
225,0.009742368478025547
187,0.008096990690625677
3678,0.15925525005412428
1922,0.08322147651006712
238,0.010305260878978133
153,0.006624810565057372
929,0.04022515696038104
259,0.011214548603593852
619,0.026802338168434726
2204,0.09543191166919246
3337,0.14449014938298332
107,0.004633037453994371
307,0.013292920545572635
1530,0.06624810565057372
29,0.0012556830482788482
5133,0.22225589954535613
1490,0.06451612903225806
4609,0.19956700584542109
50,0.002164970772894566
387,0.01675687378220394
130,0.005628924009525871
8626,0.37350075773977054
1280,0.055423251786100886
455,0.01970123403334055
5499,0.23810348560294436
197,0.00852998484520459
299,0.012946525221909505
298,0.012903225806451613
2376,0.10287941112794977
2334,0.10106083567871833
1368,0.059233600346395326
754,0.032647759255250056
2309,0.09997835029227105
463,0.02004762935700368
401,0.01736306559861442
536,0.023208486685429748
1340,0.05802121671357437
7062,0.3057804719636285
7994,0.3461355271703832
85,0.0036804503139207623
228,0.00987226672439922
6875,0.2976834812730028
813,0.03520242476726564
2256,0.09768348127300282
558,0.024161073825503355
2575,0.11149599480407014
540,0.023381684347261313
648,0.028058021216713573
674,0.02918380601861875
140,0.006061918164104785
773,0.03347044814894999
434,0.01879194630872483
126,0.005455726347694306
109,0.004719636284910154
1809,0.07832864256332539
2497,0.10811864039835463
692,0.029963195496860794
828,0.03585191599913401
5553,0.24044165403767048
619,0.026802338168434726
380,0.016453777873998703
443,0.019181641047845855
1453,0.06291405066031609
461,0.019961030526087897
1103,0.047759255250054124
404,0.017492963844988094
384,0.016626975535830268
275,0.011907339250920112
266,0.011517644511799091
2229,0.09651439705563974
194,0.008400086598830916
4140,0.17925957999567005
1338,0.057934617882658586
479,0.02074042000432994
557,0.024117774410045464
255,0.011041350941762286
1006,0.043559211950638665
1953,0.08456375838926175
1430,0.06191816410478459
2523,0.1092444252002598
47,0.002035072526520892
911,0.03944576748213899
86,0.0037237497293786536
6077,0.2631305477376055
506,0.021909504221693007
397,0.017189867936782854
167,0.00723100238146785
2727,0.11807750595366963
102,0.004416540376704915
382,0.016540376704914483
1766,0.07646676769863607
1092,0.04728296168001732
519,0.022472396622645593
1071,0.0463736739554016
2115,0.09157826369344013
634,0.027451829400303097
439,0.01900844338601429
178,0.007707295951504655
479,0.02074042000432994
394,0.01705996969040918
150,0.006494912318683698
270,0.011690842173630657
1684,0.07291621563108898
535,0.023165187269971854
2470,0.10694955618099156
1234,0.053431478675037884
121,0.005239229270404849
1772,0.07672656419138342
235,0.01017536263260446
819,0.03546222126001299
1146,0.04962113011474345
151,0.006538211734141589
80,0.0034639532366313053
3594,0.1556180991556614
7922,0.343017969257415
15,6.494912318683698e-4
7999,0.34635202424767264
109,0.004719636284910154
125,0.0054124269322364145
94,0.004070145053041784
5576,0.241437540593202
618,0.026759038752976836
163,0.007057804719636285
4120,0.17839359168651223
142,0.006148516995020567
3644,0.15778306992855595
303,0.01311972288374107
2613,0.11314137259147002
543,0.023511582593634985
261,0.011301147434509634
445,0.019268239878761636
1728,0.0748213899112362
2193,0.09495561809915566
119,0.005152630439489067
7155,0.3098073176012124
329,0.014245507685646244
177,0.007663996536046764
418,0.01809915566139857
990,0.042866421303312405
791,0.03424983762719203
95,0.004113444468499676
90,0.0038969473912102187
286,0.012383632820956917
999,0.04325611604243343
258,0.01117124918813596
1173,0.050790214332106516
122,0.005282528685862741
465,0.020134228187919462
89,0.0038536479757523274
2115,0.09157826369344013
341,0.01476510067114094
129,0.00558562459406798
709,0.030699285559644945
5571,0.24122104351591253
1430,0.06191816410478459
5814,0.25174280147218014
227,0.00982896730894133
5377,0.23282095691708163
773,0.03347044814894999
818,0.0354189218445551
1604,0.06945226239445768
321,0.013899112361983114
369,0.015977484303961897
2125,0.09201125784801906
3321,0.14379735873565708
794,0.03437973587356571
4170,0.1805585624594068
210,0.009092877246157177
78,0.0033773544057155228
812,0.03515912535180775
787,0.03407663996536047
749,0.0324312621779606
1045,0.04524788915349643
2141,0.09270404849534532
2244,0.09716388828750812
240,0.010391859709893916
2114,0.09153496427798224
466,0.020177527603377356
505,0.021866204806235117
1554,0.0672872916215631
1212,0.05247889153496428
128,0.005542325178610088
308,0.013336219961030526
2248,0.09733708594933968
3418,0.14799740203507253
49,0.0021216713574366748
373,0.016150681965793463
938,0.040614851699502054
2644,0.11448365447066465
2858,0.12374972937865339
273,0.01182074042000433
644,0.027884823554882008
4960,0.21476510067114093
248,0.010738255033557046
2397,0.10378869885256549
875,0.037886988525654905
1008,0.043645810781554446
4273,0.1850184022515696
58,0.0025113660965576964
3890,0.16843472613119723
70,0.0030309590820523924
590,0.025546655120155876
1613,0.0698419571335787
3776,0.1634985927689976
204,0.00883308075340983
813,0.03520242476726564
115,0.0049794327776575015
2818,0.12201775276033773
1175,0.0508768131630223
364,0.01576098722667244
4967,0.21506819657934617
34,0.001472180125568305
801,0.034682831781770944
420,0.018185754492314354
1625,0.0703615501190734
364,0.01576098722667244
20,8.659883091578263e-4
4954,0.21450530417839359
179,0.007750595366962546
5925,0.25654903658800604
417,0.01805585624594068
172,0.007447499458757307
198,0.008573284260662482
777,0.03364364581078155
1921,0.08317817709460923
2522,0.1092011257848019
2534,0.1097207187702966
80,0.0034639532366313053
4792,0.2074907988742152
927,0.04013855812946525
1318,0.057068629573500756
1354,0.05862740852998485
837,0.036241610738255034
70,0.0030309590820523924
1648,0.0713574366746049
1243,0.05382117341415891
580,0.025113660965576965
552,0.02390127733275601
844,0.03654470664646027
892,0.03862307858843905
396,0.017146568521324963
1107,0.04793245291188569
1174,0.05083351374756441
4229,0.18311322797142238
105,0.004546438623078589
1958,0.0847802554665512
1076,0.04659017103269106
3989,0.17272136826152848
344,0.014894998917514614
1540,0.06668109980515263
1106,0.0478891534964278
2302,0.09967525438406581
3024,0.13093743234466335
5865,0.2539510716605326
21,9.092877246157177e-4
4817,0.2085732842606625
133,0.005758822255899546
1990,0.08616583676120372
584,0.02528685862740853
1702,0.07369560510933103
362,0.015674388395756658
1274,0.05516345529335354
873,0.037800389694739124
1706,0.07386880277116259
448,0.01939813812513531
2996,0.1297250487118424
66,0.002857761420220827
260,0.011257848019051742
2202,0.09534531283827669
312,0.013509417622862091
4651,0.20138558129465253
213,0.00922277549253085
7952,0.3443169517211518
285,0.012340333405499025
1732,0.07499458757306776
857,0.03710759904741286
929,0.04022515696038104
1015,0.04394890668975969
1085,0.04697986577181208
713,0.03087248322147651
1100,0.04762935700368045
388,0.016800173197661833
355,0.015371292487551418
874,0.03784368911019701
328,0.014202208270188352
583,0.02524355921195064
559,0.02420437324096125
1008,0.043645810781554446
621,0.026888936999350507
841,0.036414808400086596
981,0.04247672656419138
713,0.03087248322147651
139,0.0060186187486468935
85,0.0036804503139207623
5549,0.24026845637583893
219,0.009482571985278198
1177,0.050963411993938085
5184,0.22446416973370859
1034,0.044771595583459625
1068,0.04624377570902793
373,0.016150681965793463
1867,0.0808400086598831
417,0.01805585624594068
3993,0.17289456592336003
283,0.012253734574583243
166,0.0071877029660099585
4463,0.19324529118856895
169,0.007317601212383633
213,0.00922277549253085
365,0.015804286642130332
1851,0.08014721801255684
199,0.008616583676120372
450,0.019484736956051095
808,0.03498592768997619
223,0.009655769647109763
1125,0.048711842390127734
243,0.01052175795626759
1157,0.050097423684780255
89,0.0038536479757523274
6464,0.2798874215198095
358,0.015501190733925092
3786,0.16393158692357654
231,0.010002164970772895
1438,0.06226455942844772
141,0.006105217579562676
966,0.041827235332323014
200,0.008659883091578264
1857,0.08040701450530417
92,0.003983546222126001
342,0.014808400086598832
115,0.0049794327776575015
163,0.007057804719636285
657,0.028447715955834597
640,0.027711625893050443
1111,0.048105650573717254
5592,0.24213033124052824
37,0.0016020783719419788
7868,0.3406798008226889
306,0.013249621130114743
436,0.018878545139640615
1512,0.06546871617233167
232,0.010045464386230786
4432,0.19190300930937432
6261,0.27109764018185756
5256,0.22758172764667678
859,0.037194197878328644
738,0.031954968607923795
1640,0.07101104135094176
244,0.010565057371725481
1249,0.05408096990690626
564,0.024420870318250704
832,0.03602511366096558
1587,0.06871617233167353
309,0.013379519376488418
238,0.010305260878978133
187,0.008096990690625677
1807,0.07824204373240962
1367,0.05919030093093743
272,0.01177744100454644
480,0.020783719419787832
1444,0.06252435592119507
747,0.03234466334704481
573,0.024810565057371725
4563,0.1975752327343581
4630,0.2004762935700368
140,0.006061918164104785
110,0.004762935700368045
6066,0.2626542541675687
48,0.0020783719419787835
3683,0.15947174713141374
182,0.00788049361333622
1078,0.04667676986360684
83,0.0035938514830049792
904,0.03914267157393375
205,0.00887638016886772
4321,0.1870967741935484
1971,0.08534314786750379
2376,0.10287941112794977
5791,0.25074691491664863
3227,0.1397272136826153
136,0.00588872050227322
661,0.028620913617666163
1051,0.04550768564624377
1783,0.07720285776142022
750,0.03247456159341849
861,0.037280796709244425
858,0.03715089846287075
2099,0.09088547304611387
1791,0.07754925308508336
886,0.03836328209569171
17,7.360900627841525e-4
3668,0.15882225589954535
53,0.00229486901926824
974,0.042173630655986144
331,0.014332106516562026
1246,0.05395107166053258
4678,0.2025546655120156
173,0.007490798874215198
1685,0.07295951504654687
152,0.00658151114959948
2757,0.11937648841740636
2060,0.08919679584325611
103,0.004459839792162806
383,0.016583676120372374
356,0.01541459190300931
1207,0.05226239445767482
624,0.027018835245724182
1600,0.06927906473262611
253,0.010954752110846504
963,0.04169733708594934
91,0.00394024680666811
367,0.015890885473046113
998,0.043212816626975535
3624,0.15691708161939813
1728,0.0748213899112362
163,0.007057804719636285
3923,0.16986360684130763
214,0.009266074907988742
1241,0.05373457458324313
2278,0.09863606841307643
1470,0.06365014072310024
892,0.03862307858843905
2284,0.09889586490582378
745,0.03225806451612903
1838,0.07958432561160424
818,0.0354189218445551
473,0.020480623511582592
593,0.02567655336652955
2215,0.09590820523922927
486,0.02104351591253518
1990,0.08616583676120372
1779,0.07702966009958866
291,0.012600129898246373
1172,0.05074691491664862
609,0.026369344013855812
1579,0.06836977700801039
214,0.009266074907988742
2260,0.09785667893483438
123,0.005325828101320632
89,0.0038536479757523274
226,0.009785667893483438
1431,0.061961463520242475
