"Variable","Comparacion","Referencia","OR_posterior","CrI95_inf","CrI95_sup","P_OR_mayor_1","P_OR_menor_1","Rhat","ESS_bulk","ESS_tail","N_modelo","beta_mediana","beta_media","SD_posterior","Modelo","Parametro"
"Acompanamiento","Acompanada vs sola","NO",0.99042586642447,0.790131731574181,1.25165093231847,0.467666666666667,0.532333333333333,0.999949020490627,13690.8789857489,8890.30489932342,22963,-0.00962026035,-0.00835200391928233,0.118107511478744,"BAYES_SENS_EDAD_GESTACIONAL","b_ACOMPANADA_BINSI"
"Controles prenatales","Controles prenatales, por 1 DE adicional","-",0.798548451536897,0.718444755089009,0.886756753184703,0,1,0.999978651270793,11493.1388138807,9014.24865428837,22963,-0.224959635,-0.22504829867375,0.0539954533309039,"BAYES_SENS_EDAD_GESTACIONAL","b_CONTROLES_Z"
"Edad materna","Edad <20 vs 20-34","20-34",0.853200377542778,0.425886500704465,1.57950415889048,0.31525,0.68475,0.999930785269391,14790.1006640917,7876.15517162773,22963,-0.15876085,-0.170459668284244,0.335950918595381,"BAYES_SENS_EDAD_GESTACIONAL","b_EDAD_CAT<20"
"Edad materna","Edad >=35 vs 20-34","20-34",0.974253204497025,0.762000212295384,1.23626253516832,0.412333333333333,0.587666666666667,0.999938126241058,13315.667821721,8262.01147312143,22963,-0.026084046,-0.0282887226995353,0.122576889719487,"BAYES_SENS_EDAD_GESTACIONAL","b_EDAD_CAT>EQ35"
"Edad gestacional","Edad gestacional, por 1 DE adicional","-",0.567726043156793,0.537334671341848,0.598095348278882,0,1,1.00073055206863,10801.6546993911,9252.42267458509,22963,-0.566116295,-0.566603909969167,0.0273373956609959,"BAYES_SENS_EDAD_GESTACIONAL","b_EG_Z"
"Trastornos hipertensivos","Eclampsia vs ningun trastorno hipertensivo","NINGUNO",0.985965370067297,0.34045927879446,2.51639801330994,0.490083333333333,0.509916666666667,1.00082206303387,13589.3089194847,7421.66485632177,22963,-0.0141340665,-0.0326434082217865,0.513729442926206,"BAYES_SENS_EDAD_GESTACIONAL","b_HIPERTENSIVOS_AECLAMPSIA"
"Trastornos hipertensivos","HTA inducida por embarazo vs ninguno","NINGUNO",1.25175532341911,0.720206290974209,2.01692616906607,0.801333333333333,0.198666666666667,1.00007745677408,13830.6728143535,8665.13906447601,22963,0.224546825,0.213599076445774,0.26081428271025,"BAYES_SENS_EDAD_GESTACIONAL","b_HIPERTENSIVOS_AHTAINDUCIDAPORELEMBARAZO"
"Trastornos hipertensivos","HTA preexistente vs ninguno","NINGUNO",0.929085913575599,0.285418544881828,2.62565011705151,0.447833333333333,0.552166666666667,1.00001648307578,14560.7024532455,8210.21524574426,22963,-0.073554067,-0.0940482062478559,0.56535769905012,"BAYES_SENS_EDAD_GESTACIONAL","b_HIPERTENSIVOS_AHTAPREEXISTENTE"
"Trastornos hipertensivos","Preeclampsia vs ningun trastorno hipertensivo","NINGUNO",1.04295250504968,0.782849058306001,1.36437652563673,0.610333333333333,0.389666666666667,0.999943094792403,14239.4722264186,8445.45554821291,22963,0.042055638,0.0388739657362159,0.143509520675936,"BAYES_SENS_EDAD_GESTACIONAL","b_HIPERTENSIVOS_APREECLAMPSIA"
"Instruccion","Sin instruccion vs secundaria","SECUNDARIA",1.26343944491042,0.721642861683347,2.1124684099784,0.7985,0.2015,1.00001070148956,14102.7820003503,8793.46123243608,22963,0.23383772,0.228316316056898,0.276316462790024,"BAYES_SENS_EDAD_GESTACIONAL","b_INSTRUCCION_ANINGUNA"
"Instruccion","Primaria vs secundaria","SECUNDARIA",1.01155616751945,0.800438574836229,1.26393397328275,0.5375,0.4625,1.00002452587105,13142.654906798,9263.5825806339,22963,0.011489905,0.0100608008369975,0.115352830476635,"BAYES_SENS_EDAD_GESTACIONAL","b_INSTRUCCION_APRIMARIA"
"Instruccion","Superior vs secundaria","SECUNDARIA",1.0471011892188,0.717282348629211,1.48041506561019,0.594583333333333,0.405416666666667,0.999973728174887,12610.6693115353,8983.80662963329,22963,0.046025574,0.0401475732877835,0.185682889458591,"BAYES_SENS_EDAD_GESTACIONAL","b_INSTRUCCION_ASUPERIOR"
"Intercept","Intercept","-",0.0128569886983142,0.00997083309208565,0.0163672904593062,0,1,1.00009942472506,12472.2511881997,8796.22299407165,22963,-4.35386775,-4.35505526536667,0.126098891928819,"BAYES_SENS_EDAD_GESTACIONAL","b_Intercept"
"IVU","IVU si vs no","NO",0.422101068467837,0.167440976473521,0.939135936969682,0.0168333333333333,0.983166666666667,1.00004164349426,13167.1779209143,7485.78296210432,22963,-0.862510495,-0.880927972266725,0.438290595054936,"BAYES_SENS_EDAD_GESTACIONAL","b_IVU_ASI"
"Pareja estable","Pareja estable si vs no","NO",1.00191800647902,0.792747503672827,1.2557238848884,0.5065,0.4935,0.999966919353548,13660.1683080598,8947.79281516186,22963,0.00191616945,0.000530623273302083,0.118002812371053,"BAYES_SENS_EDAD_GESTACIONAL","b_PAREJA_ESTABLE_ASI"
"Psicoprofilaxis","Sesiones de psicoprofilaxis, por 1 DE adicional","-",0.93049661016076,0.834779351527666,1.03640760883167,0.09625,0.90375,1.00017186531025,12654.9208807189,8533.82062449152,22963,-0.072036846,-0.0720478910302813,0.0553180569676908,"BAYES_SENS_EDAD_GESTACIONAL","b_SESIONES_Z"
