Dominio,Factor,OR_posterior,CrI95,P_direccion,Direccion,Modelo,Interpretacion_metodologica
Principal,Intercept,0.02231007073480813,0.02-0.03,1,Asociación negativa,BAYES_PRINCIPAL,Asociación no causal en un estudio transversal.
Principal,Edad <20 vs 20-34,0.9469451824045017,0.48-1.67,0.56775,Asociación negativa,BAYES_PRINCIPAL,Asociación no causal en un estudio transversal.
Principal,EDAD_CAT>EQ35,1.0280131970008113,0.83-1.27,0.5996666666666667,Asociación positiva,BAYES_PRINCIPAL,Asociación no causal en un estudio transversal.
Principal,Preeclampsia vs ninguno,1.0789295783678552,0.82-1.40,0.7124166666666667,Asociación positiva,BAYES_PRINCIPAL,Asociación no causal en un estudio transversal.
Principal,HTA inducida por embarazo vs ninguno,1.0367951435200369,0.60-1.66,0.55375,Asociación positiva,BAYES_PRINCIPAL,Asociación no causal en un estudio transversal.
Principal,HTA preexistente vs ninguno,0.8596587034125488,0.27-2.39,0.6095,Asociación negativa,BAYES_PRINCIPAL,Asociación no causal en un estudio transversal.
Principal,Eclampsia vs ningún trastorno hipertensivo,1.670500964188365,0.62-3.89,0.8533333333333334,Asociación positiva,BAYES_PRINCIPAL,Asociación no causal en un estudio transversal.
Principal,Pareja estable sí vs no,0.9523445932363772,0.77-1.17,0.6731666666666667,Asociación negativa,BAYES_PRINCIPAL,Asociación no causal en un estudio transversal.
Principal,Ninguna instrucción vs secundaria,0.9281217998222314,0.53-1.51,0.6164166666666666,Asociación negativa,BAYES_PRINCIPAL,Asociación no causal en un estudio transversal.
Principal,Primaria vs secundaria,0.9723529029856404,0.80-1.19,0.6033333333333334,Asociación negativa,BAYES_PRINCIPAL,Asociación no causal en un estudio transversal.
Principal,Superior vs secundaria,1.134762740642325,0.80-1.56,0.771,Asociación positiva,BAYES_PRINCIPAL,Asociación no causal en un estudio transversal.
Principal,Acompañada vs sola,0.7073204978087095,0.58-0.86,0.9995,Asociación negativa,BAYES_PRINCIPAL,Asociación no causal en un estudio transversal.
Principal,"Controles prenatales, por 1 DE adicional",0.620515155486484,0.57-0.68,1,Asociación negativa,BAYES_PRINCIPAL,Asociación no causal en un estudio transversal.
Principal,"Sesiones de psicoprofilaxis, por 1 DE adicional",0.7572227009289664,0.68-0.84,1,Asociación negativa,BAYES_PRINCIPAL,Asociación no causal en un estudio transversal.
Principal,IVU sí vs no,0.5078081754993411,0.20-1.12,0.95025,Asociación negativa,BAYES_PRINCIPAL,Asociación no causal en un estudio transversal.
Principal,Intercept,0.0127953833358863,0.01-0.02,1,Asociación negativa,BAYES_CLINICO_INGRESO,Asociación no causal en un estudio transversal.
Principal,Edad <20 vs 20-34,0.902516298191691,0.47-1.61,0.62716666666666665,Asociación negativa,BAYES_CLINICO_INGRESO,Asociación no causal en un estudio transversal.
Principal,EDAD_CAT>EQ35,1.0785480101217495,0.88-1.32,0.76975,Asociación positiva,BAYES_CLINICO_INGRESO,Asociación no causal en un estudio transversal.
Principal,Preeclampsia vs ninguno,0.8810734855530892,0.62-1.24,0.7706666666666667,Asociación negativa,BAYES_CLINICO_INGRESO,Asociación no causal en un estudio transversal.
Principal,HTA inducida por embarazo vs ninguno,0.8522556103496415,0.50-1.40,0.7370833333333333,Asociación negativa,BAYES_CLINICO_INGRESO,Asociación no causal en un estudio transversal.
Principal,HTA preexistente vs ninguno,0.7949049350749199,0.26-2.08,0.67175,Asociación negativa,BAYES_CLINICO_INGRESO,Asociación no causal en un estudio transversal.
Principal,Eclampsia vs ningún trastorno hipertensivo,1.779697569334023,0.72-3.98,0.89825,Asociación positiva,BAYES_CLINICO_INGRESO,Asociación no causal en un estudio transversal.
Principal,IVU sí vs no,0.46741987047384975,0.18-1.03,0.97025,Asociación negativa,BAYES_CLINICO_INGRESO,Asociación no causal en un estudio transversal.
Clínico,Riesgo alto vs riesgo bajo,1.596724127335559,1.29-1.98,1,Asociación positiva,BAYES_CLINICO_INGRESO,Asociación no causal en un estudio transversal.
Clínico,Riesgo inminente vs riesgo bajo,1.8060029257317725,1.29-2.51,0.99975,Asociación positiva,BAYES_CLINICO_INGRESO,Asociación no causal en un estudio transversal.
Principal,"Controles prenatales, por 1 DE adicional",0.5854455310941966,0.54-0.64,1,Asociación negativa,BAYES_CLINICO_INGRESO,Asociación no causal en un estudio transversal.
Principal,Intercept,0.02264206997127437,0.01-0.04,1,Asociación negativa,BAYES_OBSTETRICO,Asociación no causal en un estudio transversal.
Principal,Edad <20 vs 20-34,0.9852222083683716,0.51-1.71,0.5185833333333333,Asociación negativa,BAYES_OBSTETRICO,Asociación no causal en un estudio transversal.
Principal,EDAD_CAT>EQ35,1.005471265804139,0.82-1.23,0.5205,Asociación positiva,BAYES_OBSTETRICO,Asociación no causal en un estudio transversal.
Principal,Preeclampsia vs ninguno,1.0020304750783304,0.76-1.30,0.5055,Asociación positiva,BAYES_OBSTETRICO,Asociación no causal en un estudio transversal.
Principal,HTA inducida por embarazo vs ninguno,0.9490660967088976,0.56-1.49,0.5844166666666667,Asociación negativa,BAYES_OBSTETRICO,Asociación no causal en un estudio transversal.
Principal,HTA preexistente vs ninguno,0.8688354171822649,0.27-2.41,0.5990833333333333,Asociación negativa,BAYES_OBSTETRICO,Asociación no causal en un estudio transversal.
Principal,Eclampsia vs ningún trastorno hipertensivo,2.1644906214584885,0.87-4.89,0.95175,Asociación positiva,BAYES_OBSTETRICO,Asociación no causal en un estudio transversal.
Obstétrico,RPM sí vs no,0.5243968678167096,0.36-0.73,0.9998333333333334,Asociación negativa,BAYES_OBSTETRICO,Asociación negativa; la temporalidad del registro impide interpretarla automáticamente como efecto protector. Puede existir temporalidad inversa o diferencias en el registro clínico.
Obstétrico,DPP sí vs no,4.734664647744949,2.57-8.10,1,Asociación positiva,BAYES_OBSTETRICO,Asociación no causal en un estudio transversal.
Obstétrico,Hemorragia sí vs no,0.8591135303629311,0.63-1.14,0.8463333333333334,Asociación negativa,BAYES_OBSTETRICO,Asociación no causal en un estudio transversal.
Obstétrico,Presentación vértice sí vs no,0.96594891035451,0.62-1.63,0.5511666666666667,Asociación negativa,BAYES_OBSTETRICO,Asociación no causal en un estudio transversal.
