Parametro,Variable,Comparacion,Referencia,beta_mediana,beta_media,SD_posterior,OR_posterior,CrI95_inf,CrI95_sup,P_OR_mayor_1,P_OR_menor_1,Rhat,ESS_bulk,ESS_tail,N_modelo,Modelo
b_Intercept,Intercept,Intercept,NO,-3.7879456,-3.796484895225,0.2449646146618329,0.022642069971274374,0.013627378975062025,0.0352887334221037,0,1,1.0000368880066215,14263.384760907911,8262.612172038322,23398,BAYES_OBSTETRICO
b_EDAD_CAT<20,Edad <20 vs 20-34,Edad <20 vs 20-34,20-34,-0.014888071,-0.027875591119727768,0.304620542973267,0.9852222083683717,0.5131846931353827,1.709165512473149,0.48141666666666666,0.5185833333333333,1.0002389140828607,13257.0491766222,8124.184567530264,23398,BAYES_OBSTETRICO
b_EDAD_CAT>EQ35,EDAD_CAT>EQ35,EDAD_CAT>EQ35,20-34,0.0054563528,0.004631424670248591,0.10392154265085099,1.005471265804139,0.8173489462607336,1.2300082949827489,0.5205,0.4795,1.0005322089588862,14604.529858418464,8168.290187827969,23398,BAYES_OBSTETRICO
b_HIPERTENSIVOS_APREECLAMPSIA,Preeclampsia vs ninguno,Preeclampsia vs ninguno,NINGUNO,0.00202841645,6.661818291099584e-4,0.135913080970324,1.0020304750783304,0.764156112848711,1.2973874035438082,0.5055,0.4945,1.0006433662724297,12941.298841825625,9242.188969986944,23398,BAYES_OBSTETRICO
b_HIPERTENSIVOS_AHTAINDUCIDAPORELEMBARAZO,HTA inducida por embarazo vs ninguno,HTA inducida por embarazo vs ninguno,NINGUNO,-0.052276834,-0.0618828123071,0.25051162083189216,0.9490660967088977,0.5588490528341689,1.493070905661494,0.41558333333333336,0.5844166666666667,1.0002258843645069,13337.261015230777,7939.350322518275,23398,BAYES_OBSTETRICO
b_HIPERTENSIVOS_AHTAPREEXISTENTE,HTA preexistente vs ninguno,HTA preexistente vs ninguno,NINGUNO,-0.140601565,-0.15706993392824917,0.5624582573776957,0.8688354171822649,0.27261944449354414,2.4098764954785286,0.40091666666666664,0.5990833333333333,1.0002436992648114,12857.444148917248,8038.154208542715,23398,BAYES_OBSTETRICO
b_HIPERTENSIVOS_AECLAMPSIA,Eclampsia vs ningún trastorno hipertensivo,Eclampsia vs ningún trastorno hipertensivo,NINGUNO,0.772185055,0.7598119990259483,0.44549953275877713,2.1644906214584885,0.8743606549573838,4.894848020037675,0.95175,0.04825,1.000004810443015,14423.879521071132,8208.902835114548,23398,BAYES_OBSTETRICO
b_RPM_ASI,RPM sí vs no,RPM sí vs no,NO,-0.6455065,-0.6491106405991,0.18001925533267127,0.5243968678167096,0.3637652170707387,0.7346052249320218,1.6666666666666666e-4,0.9998333333333334,1.000182257078673,13486.197024107552,9292.108008035537,23398,BAYES_OBSTETRICO
b_DPPSI,DPP sí vs no,DPP sí vs no,NO,1.5549108999999999,1.5466504270408334,0.28822396999696664,4.734664647744949,2.573205836526744,8.0991231481195,1,0,0.9999516391446968,13466.112808871696,8624.711664527524,23398,BAYES_OBSTETRICO
b_HEMORRAGIA_ASI,Hemorragia sí vs no,Hemorragia sí vs no,NO,-0.1518542,-0.15395080388027815,0.14922146902117664,0.8591135303629311,0.632446451894989,1.1355936615337887,0.15366666666666667,0.8463333333333334,1.0004220015041176,12799.610905367588,8604.739078454053,23398,BAYES_OBSTETRICO
b_VERTICESI,Presentación vértice sí vs no,Presentación vértice sí vs no,NO,-0.034644334,-0.025081416206922835,0.2467882401799315,0.9659489103545099,0.6181730889698963,1.6257438038442804,0.4488333333333333,0.5511666666666667,1.000327540375933,14259.925392725838,8276.725486688681,23398,BAYES_OBSTETRICO
