"estrato_eg","categoria_adherencia","N","n_muertes","mortalidad_pct","IC95_inf","IC95_sup","casos_eg_menor_20_excluidos"
"20 a <28 semanas","Buena",44,26,59.0909090909091,44.4097537410319,72.3121443724503,0
"20 a <28 semanas","Parcial",16,7,43.75,23.0986524054924,66.8214436011881,0
"20 a <28 semanas","Baja",42,26,61.9047619047619,46.8140402671527,75.0002742360448,0
"28 a <36 semanas","Buena",681,35,5.13950073421439,3.71840173106754,7.06386880317407,0
"28 a <36 semanas","Parcial",239,16,6.69456066945607,4.16241014912897,10.5967907693428,0
"28 a <36 semanas","Baja",202,24,11.8811881188119,8.11545113573454,17.0696884943983,0
"≥36 semanas","Buena",9517,99,1.04024377429862,0.855241403091063,1.26475460454853,0
"≥36 semanas","Parcial",9269,117,1.26227208976157,1.05434050248292,1.51058482139879,0
"≥36 semanas","Baja",3432,73,2.12703962703963,1.69515599453289,2.66597243984269,0
