variable,N total,N disponible,N faltante,porcentaje faltante,participa en modelo sí/no,población de referencia
ID_REGISTRO,23848,23848,0,0.0,no,base total
NUMERO_FETO,23848,23848,0,0.0,no,base total
NUM_FETOS_EMBARAZO,23848,23848,0,0.0,no,base total
EDAD,23848,23848,0,0.0,no,base total
LUGAR_DE_NACIMIENTO,23848,23845,3,0.01,no,base total
PAREJA_ESTABLE,23848,23805,43,0.18,sí,base total
ESTADO_CIVIL,23848,23805,43,0.18,no,base total
INSTRUCCION,23848,23715,133,0.56,sí,base total
SEGURO,23848,16462,7386,30.97,sí,base total
GRUPO_CULTURAL,23848,23806,42,0.18,no,base total
ETNIA_MINORITARIA,23848,23806,42,0.18,no,base total
ACOMPANADA,23848,23840,8,0.03,sí,base total
RIESGO_AL_INGRESO,23848,23758,90,0.38,sí,base total
SCORE,23848,23793,55,0.23,no,base total
NO_CONTROLES,23848,23792,56,0.23,no,base total
ANTECEDENTE_DE_CIRUGIA_UTERINA,23848,23848,0,0.0,no,base total
ANOMALIAS_GENITALES,23848,23848,0,0.0,no,base total
VIH,23848,23848,0,0.0,no,base total
OBESIDAD,23848,23848,0,0.0,no,base total
DIABETES_EN_EL_EMBARAZO,23848,23848,0,0.0,no,base total
HIPERTENSIVOS,23848,23848,0,0.0,sí,base total
UTERO_PARTO,23848,23848,0,0.0,no,base total
ATENCION_CAUSAS_FETALES,23848,23848,0,0.0,no,base total
OTRAS_PATOLOGIAS,23848,23848,0,0.0,no,base total
DESPRENDIMIENTO_PREMATURO_DE_PLACENTA,23848,23848,0,0.0,sí,base total
ANEMIA,23848,23848,0,0.0,no,base total
ALTERACION_PLACENTA,23848,23848,0,0.0,no,base total
ISOINMUNIZACION,23848,23848,0,0.0,no,base total
OTRA_COMPLICACIONES_DEL_EMBARAZO,23848,23848,0,0.0,no,base total
AFECTACION_SISTEMAS_QUE_COMPLICAN,23848,23848,0,0.0,no,base total
INFECCION_GENITAL,23848,23848,0,0.0,no,base total
IVU,23848,23848,0,0.0,sí,base total
TORCH,23848,23848,0,0.0,no,base total
ITS,23848,23848,0,0.0,no,base total
PRESENTACION_FETAL,23848,23848,0,0.0,sí,base total
TRASTRONOS_DE_LIQUIDO_AMNIOTICO,23848,23848,0,0.0,no,base total
RUPTURA_UTERINA,23848,23848,0,0.0,no,base total
ACTIVIDAD_UTERINA_INDACECUADA,23848,23848,0,0.0,no,base total
ALTERACIONES_DEL_CORDON,23848,23848,0,0.0,no,base total
PARTO_PROLONGADO,23848,23848,0,0.0,no,base total
PARTO_PRECIPITADO,23848,23848,0,0.0,no,base total
OTRAS_COMPLICACIONES_TRABAJO_DE_PARTO,23848,23848,0,0.0,no,base total
OBSTRUCCION_DEL_PARTO,23848,23848,0,0.0,no,base total
CAUSAS_OBSTRUCCION,23848,23848,0,0.0,no,base total
SUFRIMIENTO_FETAL,23848,23848,0,0.0,no,base total
RPM,23848,23848,0,0.0,sí,base total
EMBARAZO_MULTIPLE,23848,23848,0,0.0,no,base total
PSICOPROFILAXIS,23848,23787,61,0.26,no,base total
SESIONES,23848,23732,116,0.49,no,base total
TIPO_PARTO,23848,23847,1,0.0,no,base total
POSICION_DEL_PARTO,23848,18578,5270,22.1,no,base total
EPISIOTOMIA,23848,18578,5270,22.1,no,base total
DESGARROS,23848,18556,5292,22.19,no,base total
MANEJO_ACTIVO,23848,18540,5308,22.26,no,base total
PLACENTA,23848,18578,5270,22.1,no,base total
SOLICITO_PLACENTA,23848,23847,1,0.0,no,base total
HEMORRAGIA,23848,23847,1,0.0,sí,base total
LIGADURA,23848,23847,1,0.0,no,base total
ANESTESIA,23848,23847,1,0.0,no,base total
RIESGO,23848,23821,27,0.11,no,base total
SCORE_1,23848,23783,65,0.27,no,base total
CONSEJERIA_ANTICONCEPCION,23848,23832,16,0.07,no,base total
METODO,23848,23824,24,0.1,no,base total
ANIO_INGRESO,23848,23825,23,0.1,no,base total
ANIO_NACIMIENTO_MADRE,23848,23759,89,0.37,no,base total
ANIO_NACIMIENTO_FETO,23848,23689,159,0.67,no,base total
ANIO_EGRESO,23848,23816,32,0.13,no,base total
EDAD_NUM,23848,23848,0,0.0,no,base total
SCORE_NUM,23848,23793,55,0.23,no,base total
NO_CONTROLES_NUM,23848,23792,56,0.23,sí,base total
SESIONES_NUM,23848,23730,118,0.49,sí,base total
SCORE_1_NUM,23848,23781,67,0.28,no,base total
MUERTE_INTRAUTERINA,23848,23642,206,0.86,no,base total
SEXO,23848,23658,190,0.8,no,base total
PESO,23848,23708,140,0.59,no,base total
PESO_AL_NACIMIENTO,23848,3319,20529,86.08,no,base total
TALLA,23848,23632,216,0.91,no,base total
P_CEFALICO,23848,23577,271,1.14,no,base total
REANIMACION,23848,23641,207,0.87,no,base total
PINZAMIENTO,23848,23607,241,1.01,no,base total
APEGO_PRECOZ,23848,23361,487,2.04,no,base total
LACTANCIA,23848,23361,487,2.04,no,base total
APGAR_1,23848,19875,3973,16.66,no,base total
APGAR_1_MENOR,23848,19852,3996,16.76,no,base total
APGAR_2,23848,19875,3973,16.66,no,base total
APGAR_5_MENOR,23848,19852,3996,16.76,no,base total
SEMANAS_GESTACION,23848,23776,72,0.3,no,base total
EDAD_GESTACIONAL_CATEGORIA,23848,23776,72,0.3,no,base total
PESO_NUM,23848,23586,262,1.1,no,base total
PESO_AL_NACIMIENTO_NUM,23848,0,23848,100.0,no,base total
TALLA_NUM,23848,23486,362,1.52,no,base total
P_CEFALICO_NUM,23848,23159,689,2.89,no,base total
SEMANAS_GESTACION_NUM,23848,23654,194,0.81,no,base total
APGAR_1_NUM,23848,19791,4057,17.01,no,base total
APGAR_1_MENOR_NUM,23848,0,23848,100.0,no,base total
APGAR_2_NUM,23848,19791,4057,17.01,no,base total
APGAR_5_MENOR_NUM,23848,0,23848,100.0,no,base total
DATO_FETAL_INCOMPLETO,23848,23848,0,0.0,no,base total
EDAD_MATERNA_CATEGORIA,23848,23848,0,0.0,no,base total
HIPERTENSION_BINARIA,23848,23848,0,0.0,no,base total
CUALQUIER_INFECCION_MATERNA,23848,23848,0,0.0,no,base total
PRESENTACION_CEFALICA,23848,23848,0,0.0,no,base total
EMBARAZO_MULTIPLE_BINARIO,23848,23848,0,0.0,no,base total
APGAR_1_BAJO_DERIVADO,23848,19791,4057,17.01,no,base total
APGAR_5_BAJO_DERIVADO,23848,19791,4057,17.01,no,base total
MUERTE_FETAL,23848,23642,206,0.86,no,base total
EDAD_CAT,23642,23399,243,1.03,sí,registros con desenlace conocido
PAREJA_ESTABLE_A,23642,23599,43,0.18,sí,registros con desenlace conocido
SEGURO_A,23642,16306,7336,31.03,sí,registros con desenlace conocido
INSTRUCCION_A,23642,23513,129,0.55,sí,registros con desenlace conocido
ACOMPANADA_BIN,23642,23571,71,0.3,sí,registros con desenlace conocido
ACOMPANADA_DETALLE,23642,23571,71,0.3,sí,registros con desenlace conocido
RIESGO_INGRESO_A,23642,23554,88,0.37,sí,registros con desenlace conocido
CONTROLES_NUM,23642,23586,56,0.24,sí,registros con desenlace conocido
IVU_A,23642,23642,0,0.0,sí,registros con desenlace conocido
RPM_A,23642,23642,0,0.0,sí,registros con desenlace conocido
SESIONES_A,23642,23526,116,0.49,sí,registros con desenlace conocido
PSICOPROFILAXIS_ALGUNA,23642,23526,116,0.49,sí,registros con desenlace conocido
HEMORRAGIA_A,23642,23641,1,0.0,sí,registros con desenlace conocido
VERTICE,23642,23642,0,0.0,sí,registros con desenlace conocido
HIPERTENSIVOS_A,23642,23642,0,0.0,sí,registros con desenlace conocido
DPP,23642,23642,0,0.0,sí,registros con desenlace conocido
