"variable","categoria","desenlace","n","denominador","porcentaje_calculado","suma_columna","validacion_100"
"PAREJA_ESTABLE_A","NO","NO",16105,23113,69.6794012027863,100,TRUE
"PAREJA_ESTABLE_A","NO","SI",350,486,72.0164609053498,100,TRUE
"PAREJA_ESTABLE_A","SI","NO",7008,23113,30.3205987972137,100,TRUE
"PAREJA_ESTABLE_A","SI","SI",136,486,27.9835390946502,100,TRUE
"INSTRUCCION_A","SECUNDARIA","NO",12702,23025,55.1661237785016,100,TRUE
"INSTRUCCION_A","SECUNDARIA","SI",264,488,54.0983606557377,100,TRUE
"INSTRUCCION_A","NINGUNA","NO",622,23025,2.7014115092291,100,TRUE
"INSTRUCCION_A","NINGUNA","SI",13,488,2.66393442622951,100,TRUE
"INSTRUCCION_A","PRIMARIA","NO",7617,23025,33.0814332247557,100,TRUE
"INSTRUCCION_A","PRIMARIA","SI",170,488,34.8360655737705,100,TRUE
"INSTRUCCION_A","SUPERIOR","NO",2084,23025,9.05103148751357,100,TRUE
"INSTRUCCION_A","SUPERIOR","SI",41,488,8.40163934426229,100,TRUE
"ACOMPANADA_BIN","NO","NO",5432,23086,23.5294117647059,100,TRUE
"ACOMPANADA_BIN","NO","SI",151,485,31.1340206185567,100,TRUE
"ACOMPANADA_BIN","SI","NO",17654,23086,76.4705882352941,100,TRUE
"ACOMPANADA_BIN","SI","SI",334,485,68.8659793814433,100,TRUE
"RIESGO_INGRESO_A","RIESGO BAJO","NO",8473,23075,36.7193932827736,100,TRUE
"RIESGO_INGRESO_A","RIESGO BAJO","SI",128,479,26.7223382045929,100,TRUE
"RIESGO_INGRESO_A","RIESGO ALTO","NO",10789,23075,46.7562296858071,100,TRUE
"RIESGO_INGRESO_A","RIESGO ALTO","SI",253,479,52.8183716075157,100,TRUE
"RIESGO_INGRESO_A","RIESGO INMINENTE","NO",3813,23075,16.5243770314193,100,TRUE
"RIESGO_INGRESO_A","RIESGO INMINENTE","SI",98,479,20.4592901878914,100,TRUE
"IVU_A","NO","NO",22849,23153,98.6869952058049,100,TRUE
"IVU_A","NO","SI",487,489,99.5910020449898,100,TRUE
"IVU_A","SI","NO",304,23153,1.31300479419514,100,TRUE
"IVU_A","SI","SI",2,489,0.408997955010225,100,TRUE
"RPM_A","NO","NO",20390,23153,88.0663412948646,100,TRUE
"RPM_A","NO","SI",459,489,93.8650306748466,100,TRUE
"RPM_A","SI","NO",2763,23153,11.9336587051354,100,TRUE
"RPM_A","SI","SI",30,489,6.13496932515337,100,TRUE
"PSICOPROFILAXIS_ALGUNA","NO","NO",4002,23044,17.3667766012845,100,TRUE
"PSICOPROFILAXIS_ALGUNA","NO","SI",168,482,34.8547717842324,100,TRUE
"PSICOPROFILAXIS_ALGUNA","SI","NO",19042,23044,82.6332233987155,100,TRUE
"PSICOPROFILAXIS_ALGUNA","SI","SI",314,482,65.1452282157676,100,TRUE
"HEMORRAGIA_A","NO","NO",20517,23152,88.6186938493435,100,TRUE
"HEMORRAGIA_A","NO","SI",439,489,89.7750511247444,100,TRUE
"HEMORRAGIA_A","SI","NO",2635,23152,11.3813061506565,100,TRUE
"HEMORRAGIA_A","SI","SI",50,489,10.2249488752556,100,TRUE
"VERTICE","NO","NO",701,23153,3.02768539714076,100,TRUE
"VERTICE","NO","SI",16,489,3.2719836400818,100,TRUE
"VERTICE","SI","NO",22452,23153,96.9723146028592,100,TRUE
"VERTICE","SI","SI",473,489,96.7280163599182,100,TRUE
"HIPERTENSIVOS_A","NINGUNO","NO",19462,23153,84.0582213967952,100,TRUE
"HIPERTENSIVOS_A","NINGUNO","SI",405,489,82.8220858895706,100,TRUE
"HIPERTENSIVOS_A","PREECLAMPSIA","NO",2824,23153,12.197123482918,100,TRUE
"HIPERTENSIVOS_A","PREECLAMPSIA","SI",63,489,12.8834355828221,100,TRUE
"HIPERTENSIVOS_A","HTA INDUCIDA POR EL EMBARAZO","NO",745,23153,3.21772556472163,100,TRUE
"HIPERTENSIVOS_A","HTA INDUCIDA POR EL EMBARAZO","SI",15,489,3.06748466257669,100,TRUE
"HIPERTENSIVOS_A","HTA PREEXISTENTE","NO",62,23153,0.267783872500324,100,TRUE
"HIPERTENSIVOS_A","HTA PREEXISTENTE","SI",1,489,0.204498977505112,100,TRUE
"HIPERTENSIVOS_A","ECLAMPSIA","NO",60,23153,0.25914568306483,100,TRUE
"HIPERTENSIVOS_A","ECLAMPSIA","SI",5,489,1.02249488752556,100,TRUE
"DPP","NO","NO",23043,23153,99.5248995810478,100,TRUE
"DPP","NO","SI",474,489,96.9325153374233,100,TRUE
"DPP","SI","NO",110,23153,0.475100418952188,100,TRUE
"DPP","SI","SI",15,489,3.06748466257669,100,TRUE
