"orden_variable","orden_categoria","variable","etiqueta","categoria","desenlace","n","denominador","porcentaje","valor_formateado"
1,1,"PAREJA_ESTABLE_A","Pareja estable","NO","NO",16105,23113,69.68,"16105 (69.68%)"
1,1,"PAREJA_ESTABLE_A","Pareja estable","NO","SI",350,486,72.02,"350 (72.02%)"
1,2,"PAREJA_ESTABLE_A","Pareja estable","SI","NO",7008,23113,30.32,"7008 (30.32%)"
1,2,"PAREJA_ESTABLE_A","Pareja estable","SI","SI",136,486,27.98,"136 (27.98%)"
2,1,"INSTRUCCION_A","Instruccion","SECUNDARIA","NO",12702,23025,55.17,"12702 (55.17%)"
2,1,"INSTRUCCION_A","Instruccion","SECUNDARIA","SI",264,488,54.1,"264 (54.10%)"
2,2,"INSTRUCCION_A","Instruccion","NINGUNA","NO",622,23025,2.7,"622 (2.70%)"
2,2,"INSTRUCCION_A","Instruccion","NINGUNA","SI",13,488,2.66,"13 (2.66%)"
2,3,"INSTRUCCION_A","Instruccion","PRIMARIA","NO",7617,23025,33.08,"7617 (33.08%)"
2,3,"INSTRUCCION_A","Instruccion","PRIMARIA","SI",170,488,34.84,"170 (34.84%)"
2,4,"INSTRUCCION_A","Instruccion","SUPERIOR","NO",2084,23025,9.05,"2084 (9.05%)"
2,4,"INSTRUCCION_A","Instruccion","SUPERIOR","SI",41,488,8.4,"41 (8.40%)"
3,1,"ACOMPANADA_BIN","Acompanada","NO","NO",5432,23086,23.53,"5432 (23.53%)"
3,1,"ACOMPANADA_BIN","Acompanada","NO","SI",151,485,31.13,"151 (31.13%)"
3,2,"ACOMPANADA_BIN","Acompanada","SI","NO",17654,23086,76.47,"17654 (76.47%)"
3,2,"ACOMPANADA_BIN","Acompanada","SI","SI",334,485,68.87,"334 (68.87%)"
4,1,"RIESGO_INGRESO_A","Riesgo al ingreso","RIESGO BAJO","NO",8473,23075,36.72,"8473 (36.72%)"
4,1,"RIESGO_INGRESO_A","Riesgo al ingreso","RIESGO BAJO","SI",128,479,26.72,"128 (26.72%)"
4,2,"RIESGO_INGRESO_A","Riesgo al ingreso","RIESGO ALTO","NO",10789,23075,46.76,"10789 (46.76%)"
4,2,"RIESGO_INGRESO_A","Riesgo al ingreso","RIESGO ALTO","SI",253,479,52.82,"253 (52.82%)"
4,3,"RIESGO_INGRESO_A","Riesgo al ingreso","RIESGO INMINENTE","NO",3813,23075,16.52,"3813 (16.52%)"
4,3,"RIESGO_INGRESO_A","Riesgo al ingreso","RIESGO INMINENTE","SI",98,479,20.46,"98 (20.46%)"
5,1,"IVU_A","Infeccion de vias urinarias (IVU)","NO","NO",22849,23153,98.69,"22849 (98.69%)"
5,1,"IVU_A","Infeccion de vias urinarias (IVU)","NO","SI",487,489,99.59,"487 (99.59%)"
5,2,"IVU_A","Infeccion de vias urinarias (IVU)","SI","NO",304,23153,1.31,"304 (1.31%)"
5,2,"IVU_A","Infeccion de vias urinarias (IVU)","SI","SI",2,489,0.41,"2 (0.41%)"
6,1,"RPM_A","Ruptura prematura de membranas (RPM)","NO","NO",20390,23153,88.07,"20390 (88.07%)"
6,1,"RPM_A","Ruptura prematura de membranas (RPM)","NO","SI",459,489,93.87,"459 (93.87%)"
6,2,"RPM_A","Ruptura prematura de membranas (RPM)","SI","NO",2763,23153,11.93,"2763 (11.93%)"
6,2,"RPM_A","Ruptura prematura de membranas (RPM)","SI","SI",30,489,6.13,"30 (6.13%)"
7,1,"PSICOPROFILAXIS_ALGUNA","Psicoprofilaxis (alguna)","NO","NO",4002,23044,17.37,"4002 (17.37%)"
7,1,"PSICOPROFILAXIS_ALGUNA","Psicoprofilaxis (alguna)","NO","SI",168,482,34.85,"168 (34.85%)"
7,2,"PSICOPROFILAXIS_ALGUNA","Psicoprofilaxis (alguna)","SI","NO",19042,23044,82.63,"19042 (82.63%)"
7,2,"PSICOPROFILAXIS_ALGUNA","Psicoprofilaxis (alguna)","SI","SI",314,482,65.15,"314 (65.15%)"
8,1,"HEMORRAGIA_A","Hemorragia","NO","NO",20517,23152,88.62,"20517 (88.62%)"
8,1,"HEMORRAGIA_A","Hemorragia","NO","SI",439,489,89.78,"439 (89.78%)"
8,2,"HEMORRAGIA_A","Hemorragia","SI","NO",2635,23152,11.38,"2635 (11.38%)"
8,2,"HEMORRAGIA_A","Hemorragia","SI","SI",50,489,10.22,"50 (10.22%)"
9,1,"VERTICE","Presentacion de vertice","NO","NO",701,23153,3.03,"701 (3.03%)"
9,1,"VERTICE","Presentacion de vertice","NO","SI",16,489,3.27,"16 (3.27%)"
9,2,"VERTICE","Presentacion de vertice","SI","NO",22452,23153,96.97,"22452 (96.97%)"
9,2,"VERTICE","Presentacion de vertice","SI","SI",473,489,96.73,"473 (96.73%)"
10,1,"HIPERTENSIVOS_A","Trastornos hipertensivos","NINGUNO","NO",19462,23153,84.06,"19462 (84.06%)"
10,1,"HIPERTENSIVOS_A","Trastornos hipertensivos","NINGUNO","SI",405,489,82.82,"405 (82.82%)"
10,2,"HIPERTENSIVOS_A","Trastornos hipertensivos","PREECLAMPSIA","NO",2824,23153,12.2,"2824 (12.20%)"
10,2,"HIPERTENSIVOS_A","Trastornos hipertensivos","PREECLAMPSIA","SI",63,489,12.88,"63 (12.88%)"
10,3,"HIPERTENSIVOS_A","Trastornos hipertensivos","HTA INDUCIDA POR EL EMBARAZO","NO",745,23153,3.22,"745 (3.22%)"
10,3,"HIPERTENSIVOS_A","Trastornos hipertensivos","HTA INDUCIDA POR EL EMBARAZO","SI",15,489,3.07,"15 (3.07%)"
10,4,"HIPERTENSIVOS_A","Trastornos hipertensivos","HTA PREEXISTENTE","NO",62,23153,0.27,"62 (0.27%)"
10,4,"HIPERTENSIVOS_A","Trastornos hipertensivos","HTA PREEXISTENTE","SI",1,489,0.2,"1 (0.20%)"
10,5,"HIPERTENSIVOS_A","Trastornos hipertensivos","ECLAMPSIA","NO",60,23153,0.26,"60 (0.26%)"
10,5,"HIPERTENSIVOS_A","Trastornos hipertensivos","ECLAMPSIA","SI",5,489,1.02,"5 (1.02%)"
11,1,"DPP","Desprendimiento prematuro de placenta (DPP)","NO","NO",23043,23153,99.52,"23043 (99.52%)"
11,1,"DPP","Desprendimiento prematuro de placenta (DPP)","NO","SI",474,489,96.93,"474 (96.93%)"
11,2,"DPP","Desprendimiento prematuro de placenta (DPP)","SI","NO",110,23153,0.48,"110 (0.48%)"
11,2,"DPP","Desprendimiento prematuro de placenta (DPP)","SI","SI",15,489,3.07,"15 (3.07%)"
