VARIABLE,CATEGORIA,N,PORCENTAJE,ACCION
ESTADO_CIVIL,VIUDA,63,0.265,REVISAR_AGRUPACION
GRUPO_CULTURAL,BLANCO,97,0.409,REVISAR_AGRUPACION
GRUPO_CULTURAL,MULATO,61,0.257,REVISAR_AGRUPACION
GRUPO_CULTURAL,OTRO,29,0.122,REVISAR_AGRUPACION
GRUPO_CULTURAL,MONTUBIO,8,0.034,REVISAR_AGRUPACION
HIPERTENSIVOS,ECLAMPSIA,65,0.274,REVISAR_AGRUPACION
HIPERTENSIVOS,HTA PREEXISTENTE,64,0.27,REVISAR_AGRUPACION
PRESENTACION_FETAL,OBLÍCUA O TRANSVERSA,72,0.303,REVISAR_AGRUPACION
PRESENTACION_FETAL,COMPUESTA,30,0.126,REVISAR_AGRUPACION
PRESENTACION_FETAL,FRENTE O MENTÓN,15,0.063,REVISAR_AGRUPACION
POSICION_DEL_PARTO,DE RODILLAS,60,0.253,REVISAR_AGRUPACION
POSICION_DEL_PARTO,CUCLILLAS,43,0.181,REVISAR_AGRUPACION
POSICION_DEL_PARTO,DE PIE,43,0.181,REVISAR_AGRUPACION
ALTERACION_PLACENTA,PLACENTA PREVIA,74,0.312,REVISAR_AGRUPACION
ALTERACION_PLACENTA,MALFORMACIÓN DE LA PLACENTA,5,0.021,REVISAR_AGRUPACION
ALTERACION_PLACENTA,"TRASTORNO DE LA PLACENTA, NO ESPECIFICADO",4,0.017,REVISAR_AGRUPACION
ALTERACION_PLACENTA,ACRETISMO PLACENTARIO,4,0.017,REVISAR_AGRUPACION
ALTERACION_PLACENTA,TUMOR MALIGNO DE LA PLACENTA,1,0.004,REVISAR_AGRUPACION
TRASTRONOS_DE_LIQUIDO_AMNIOTICO,INFECCIÓN DE LA BOLSA AMNIÓTICA O DE LAS MEMBRANAS,77,0.324,REVISAR_AGRUPACION
TRASTRONOS_DE_LIQUIDO_AMNIOTICO,OTROS TRASTORNOS DEL LÍQUIDO AMNIÓTICO Y DE LAS MEMBRANAS,58,0.244,REVISAR_AGRUPACION
TRASTRONOS_DE_LIQUIDO_AMNIOTICO,POLIHIDRAMNIOS,14,0.059,REVISAR_AGRUPACION
TRASTRONOS_DE_LIQUIDO_AMNIOTICO,ANHIDRAMNIOS,1,0.004,REVISAR_AGRUPACION
ALTERACIONES_DEL_CORDON,SI,45,0.19,REVISAR_AGRUPACION
