VARIABLE,TEMPORALIDAD,ROL_PRELIMINAR_DAG
EDAD_NUM,PREEXPOSICION,CANDIDATA_CONFOUNDING
INSTRUCCION,PREEXPOSICION,CANDIDATA_CONFOUNDING
SEGURO,PREEXPOSICION,CANDIDATA_CONTEXTUAL
PAREJA_ESTABLE,PREEXPOSICION,AUDITAR
GRUPO_CULTURAL,PREEXPOSICION,AUDITAR
ETNIA_MINORITARIA,PREEXPOSICION,AUDITAR
OBESIDAD,MATERNA,EXPOSICION_CANDIDATA
DIABETES_EN_EL_EMBARAZO,MATERNA,EXPOSICION_CANDIDATA
HIPERTENSION_BINARIA,MATERNA,EXPOSICION_CANDIDATA
ANEMIA,MATERNA,EXPOSICION_CANDIDATA
VIH,MATERNA,EXPOSICION_CANDIDATA
IVU,MATERNA,EXPOSICION_CANDIDATA
TORCH,MATERNA,EXPOSICION_CANDIDATA
ITS,MATERNA,EXPOSICION_CANDIDATA
NO_CONTROLES_NUM,PRENATAL,EXPOSICION_MEDIADOR_POSIBLE
EMBARAZO_MULTIPLE_BINARIO,EMBARAZO,EXPOSICION_CANDIDATA
PRESENTACION_CEFALICA,OBSTETRICA,EXPOSICION_CANDIDATA
ALTERACION_PLACENTA,COMPLICACION,MEDIADOR_PROXIMAL_POSIBLE
DESPRENDIMIENTO_PREMATURO_DE_PLACENTA,COMPLICACION,MEDIADOR_PROXIMAL_POSIBLE
RPM,COMPLICACION,MEDIADOR_PROXIMAL_POSIBLE
SEMANAS_GESTACION_NUM,FETAL,MEDIADOR_ELEGIBILIDAD
PESO_NUM,FETAL,MEDIADOR_POSIBLE
SEXO,FETAL,CANDIDATA
RIESGO_AL_INGRESO,COMPUESTA,NO_AJUSTAR_AUTOMATICAMENTE
SCORE_NUM,SCORE_MAMA,NO_AJUSTAR_AUTOMATICAMENTE
MUERTE_FETAL,OUTCOME,DESENLACE
APGAR_1_NUM,POSTOUTCOME,NO_DAG_CAUSAL
APGAR_1_MENOR,POSTOUTCOME,NO_DAG_CAUSAL
APGAR_2_NUM,POSTOUTCOME,NO_DAG_CAUSAL
APGAR_5_MENOR,POSTOUTCOME,NO_DAG_CAUSAL
REANIMACION,POSTOUTCOME,NO_DAG_CAUSAL
LACTANCIA,POSTOUTCOME,NO_DAG_CAUSAL
APEGO_PRECOZ,POSTOUTCOME,NO_DAG_CAUSAL
