VARIABLE,SIGNIFICADO,ROL,USO_MODELO_CAUSAL
ID_REGISTRO,Identificador tecnico anonimo del embarazo,IDENTIFICADOR_TECNICO,NO
ANIO_INGRESO,Año de ingreso,CONTEXTO_TEMPORAL,POSIBLE_AJUSTE_TEMPORAL
EDAD_NUM,Edad materna continua,FACTOR_MATERNO_PREVIO,SI
EDAD_MATERNA_CATEGORIA,"<20, 20-34, >=35 años",DESCRIPTIVA_DERIVADA,NO_JUNTO_CON_EDAD_NUM
PAREJA_ESTABLE,Presencia de pareja estable,SOCIODEMOGRAFICA,AUDITAR
ESTADO_CIVIL,Estado civil,SOCIODEMOGRAFICA,AUDITAR_REDUNDANCIA
INSTRUCCION,Nivel de instruccion materna,SOCIOECONOMICA,SI
SEGURO,Disponibilidad/antecedente de seguridad social,ACCESO_SOCIAL,CANDIDATA
GRUPO_CULTURAL,Grupo cultural registrado,SOCIOCULTURAL,AUDITAR
ETNIA_MINORITARIA,Pertenencia a etnia minoritaria,SOCIOCULTURAL,AUDITAR
NO_CONTROLES_NUM,Numero de controles prenatales,ATENCION_PRENATAL,CANDIDATA
RIESGO_AL_INGRESO,Clasificacion de riesgo materno al ingreso,MARCADOR_RIESGO_INICIAL,CUIDADO_VARIABLE_COMPUESTA
SCORE_NUM,Score MAMA al ingreso,MARCADOR_CLINICO_INICIAL,NO_AJUSTAR_AUTOMATICAMENTE
OBESIDAD,Obesidad materna,FACTOR_MATERNO,SI
DIABETES_EN_EL_EMBARAZO,Diabetes en el embarazo,CONDICION_MATERNA,SI
HIPERTENSION_BINARIA,Cualquier trastorno hipertensivo registrado,CONDICION_MATERNA,SI
ANEMIA,Anemia materna,CONDICION_MATERNA,CANDIDATA
VIH,VIH materno,INFECCION_MATERNA,CANDIDATA
IVU,Infeccion de vias urinarias materna,INFECCION_MATERNA,CANDIDATA
TORCH,Registro materno de infeccion TORCH,INFECCION_MATERNA,CANDIDATA
ITS,Infeccion de transmision sexual,INFECCION_MATERNA,CANDIDATA
RPM,Ruptura prematura de membranas,COMPLICACION_EMBARAZO,CANDIDATA_MEDIADOR_SEGUN_EXPOSICION
DESPRENDIMIENTO_PREMATURO_DE_PLACENTA,Desprendimiento prematuro de placenta,COMPLICACION_PLACENTARIA,PROXIMAL_MEDIADOR_POSIBLE
ALTERACION_PLACENTA,Alteracion placentaria registrada,COMPLICACION_PLACENTARIA,PROXIMAL_MEDIADOR_POSIBLE
EMBARAZO_MULTIPLE_BINARIO,Embarazo unico vs multiple,CARACTERISTICA_EMBARAZO,SI
PRESENTACION_CEFALICA,Presentacion cefalica SI/NO,CARACTERISTICA_FETAL_OBSTETRICA,CANDIDATA
SEXO,Sexo fetal,CARACTERISTICA_FETAL,CANDIDATA
SEMANAS_GESTACION_NUM,Semanas de gestacion,EDAD_GESTACIONAL,CUIDADO_POSIBLE_MEDIADOR
PESO_NUM,Peso fetal/nacimiento registrado,ANTROPOMETRIA_FETAL,NO_AJUSTAR_AUTOMATICAMENTE
MUERTE_FETAL,Muerte intrauterina SI/NO,DESENLACE_PRINCIPAL,OUTCOME
APGAR_1_NUM,Apgar al minuto,RESULTADO_NEONATAL_POSTERIOR,NO
APGAR_1_MENOR,Apgar <7 al minuto,RESULTADO_NEONATAL_POSTERIOR,NO
APGAR_5_MENOR,Apgar <7 a los 5 minutos,RESULTADO_NEONATAL_POSTERIOR,NO
REANIMACION,Reanimacion neonatal,POSTERIOR_AL_DESENLACE,NO
APEGO_PRECOZ,Apego precoz,POSTERIOR_AL_DESENLACE,NO
LACTANCIA,Lactancia,POSTERIOR_AL_DESENLACE,NO
