FUENTE,VARIABLE,N_TOTAL,DISPONIBLES,FALTANTES,PORCENTAJE_FALTANTES
EMBARAZO,SEGURO,23743,16382,7361,31.0
EMBARAZO,MANEJO_ACTIVO,23743,18502,5241,22.07
EMBARAZO,POSICION_DEL_PARTO,23743,18540,5203,21.91
EMBARAZO,EDAD_NUM,23743,23496,247,1.04
EMBARAZO,INSTRUCCION,23743,23612,131,0.55
EMBARAZO,ANIO_NACIMIENTO_MADRE,23743,23655,88,0.37
EMBARAZO,RIESGO_AL_INGRESO,23743,23654,89,0.37
EMBARAZO,NO_CONTROLES_NUM,23743,23687,56,0.24
EMBARAZO,SCORE_NUM,23743,23688,55,0.23
EMBARAZO,PAREJA_ESTABLE,23743,23700,43,0.18
EMBARAZO,ESTADO_CIVIL,23743,23700,43,0.18
EMBARAZO,GRUPO_CULTURAL,23743,23701,42,0.18
EMBARAZO,ETNIA_MINORITARIA,23743,23701,42,0.18
EMBARAZO,AFILIACION,23743,23712,31,0.13
EMBARAZO,ANIO_INGRESO,23743,23720,23,0.1
EMBARAZO,ACOMPANADA,23743,23735,8,0.03
EMBARAZO,LUGAR_DE_NACIMIENTO,23743,23740,3,0.01
EMBARAZO,ANTECEDENTE_DE_CIRUGIA_UTERINA,23743,23743,0,0.0
EMBARAZO,ANOMALIAS_GENITALES,23743,23743,0,0.0
EMBARAZO,VIH,23743,23743,0,0.0
EMBARAZO,OBESIDAD,23743,23743,0,0.0
EMBARAZO,DIABETES_EN_EL_EMBARAZO,23743,23743,0,0.0
EMBARAZO,HIPERTENSIVOS,23743,23743,0,0.0
EMBARAZO,ANEMIA,23743,23743,0,0.0
EMBARAZO,ALTERACION_PLACENTA,23743,23743,0,0.0
EMBARAZO,DESPRENDIMIENTO_PREMATURO_DE_PLACENTA,23743,23743,0,0.0
EMBARAZO,INFECCION_GENITAL,23743,23743,0,0.0
EMBARAZO,IVU,23743,23743,0,0.0
EMBARAZO,TORCH,23743,23743,0,0.0
EMBARAZO,ITS,23743,23743,0,0.0
EMBARAZO,RPM,23743,23743,0,0.0
EMBARAZO,EMBARAZO_MULTIPLE,23743,23743,0,0.0
EMBARAZO,EMBARAZO_MULTIPLE_BINARIO,23743,23743,0,0.0
EMBARAZO,TIPO_PARTO,23743,23742,1,0.0
EMBARAZO,ANESTESIA,23743,23742,1,0.0
EMBARAZO,ATENCION_CAUSAS_FETALES,23743,23743,0,0.0
FETAL,PESO_AL_NACIMIENTO_NUM,23848,0,23848,100.0
FETAL,APGAR_1_NUM,23848,19791,4057,17.01
FETAL,APGAR_2_NUM,23848,19791,4057,17.01
FETAL,P_CEFALICO_NUM,23848,23159,689,2.89
FETAL,APEGO_PRECOZ,23848,23361,487,2.04
FETAL,LACTANCIA,23848,23361,487,2.04
FETAL,TALLA_NUM,23848,23486,362,1.52
FETAL,PESO_NUM,23848,23586,262,1.1
FETAL,PINZAMIENTO,23848,23607,241,1.01
FETAL,REANIMACION,23848,23641,207,0.87
FETAL,MUERTE_INTRAUTERINA,23848,23642,206,0.86
FETAL,SEMANAS_GESTACION_NUM,23848,23654,194,0.81
FETAL,SEXO,23848,23658,190,0.8
FETAL,ANIO_NACIMIENTO_FETO,23848,23689,159,0.67
FETAL,EDAD_GESTACIONAL_CATEGORIA,23848,23776,72,0.3
