FUENTE,VARIABLE,N,FALTANTES,PORCENTAJE_FALTANTES
EMBARAZOS,ID_REGISTRO,23743,0,0.0
EMBARAZOS,EDAD,23743,0,0.0
EMBARAZOS,LUGAR_DE_NACIMIENTO,23743,3,0.01
EMBARAZOS,PAREJA_ESTABLE,23743,43,0.18
EMBARAZOS,ESTADO_CIVIL,23743,43,0.18
EMBARAZOS,INSTRUCCION,23743,131,0.55
EMBARAZOS,SEGURO,23743,7361,31.0
EMBARAZOS,AFILIACION,23743,31,0.13
EMBARAZOS,GRUPO_CULTURAL,23743,42,0.18
EMBARAZOS,ETNIA_MINORITARIA,23743,42,0.18
EMBARAZOS,ACOMPANADA,23743,8,0.03
EMBARAZOS,RIESGO_AL_INGRESO,23743,89,0.37
EMBARAZOS,SCORE,23743,55,0.23
EMBARAZOS,NO_CONTROLES,23743,56,0.24
EMBARAZOS,ANTECEDENTE_DE_CIRUGIA_UTERINA,23743,0,0.0
EMBARAZOS,ANOMALIAS_GENITALES,23743,0,0.0
EMBARAZOS,VIH,23743,0,0.0
EMBARAZOS,OBESIDAD,23743,0,0.0
EMBARAZOS,DIABETES_EN_EL_EMBARAZO,23743,0,0.0
EMBARAZOS,HIPERTENSIVOS,23743,0,0.0
EMBARAZOS,UTERO_PARTO,23743,0,0.0
EMBARAZOS,ATENCION_CAUSAS_FETALES,23743,0,0.0
EMBARAZOS,OTRAS_PATOLOGIAS,23743,0,0.0
EMBARAZOS,DESPRENDIMIENTO_PREMATURO_DE_PLACENTA,23743,0,0.0
EMBARAZOS,ANEMIA,23743,0,0.0
EMBARAZOS,ALTERACION_PLACENTA,23743,0,0.0
EMBARAZOS,ISOINMUNIZACION,23743,0,0.0
EMBARAZOS,OTRA_COMPLICACIONES_DEL_EMBARAZO,23743,0,0.0
EMBARAZOS,AFECTACION_SISTEMAS_QUE_COMPLICAN,23743,0,0.0
EMBARAZOS,INFECCION_GENITAL,23743,0,0.0
EMBARAZOS,IVU,23743,0,0.0
EMBARAZOS,TORCH,23743,0,0.0
EMBARAZOS,ITS,23743,0,0.0
EMBARAZOS,PRESENTACION_FETAL,23743,0,0.0
EMBARAZOS,TRASTRONOS_DE_LIQUIDO_AMNIOTICO,23743,0,0.0
EMBARAZOS,RUPTURA_UTERINA,23743,0,0.0
EMBARAZOS,ACTIVIDAD_UTERINA_INDACECUADA,23743,0,0.0
EMBARAZOS,ALTERACIONES_DEL_CORDON,23743,0,0.0
EMBARAZOS,PARTO_PROLONGADO,23743,0,0.0
EMBARAZOS,PARTO_PRECIPITADO,23743,0,0.0
EMBARAZOS,OTRAS_COMPLICACIONES_TRABAJO_DE_PARTO,23743,0,0.0
EMBARAZOS,OBSTRUCCION_DEL_PARTO,23743,0,0.0
EMBARAZOS,CAUSAS_OBSTRUCCION,23743,0,0.0
EMBARAZOS,SUFRIMIENTO_FETAL,23743,0,0.0
EMBARAZOS,RPM,23743,0,0.0
EMBARAZOS,EMBARAZO_MULTIPLE,23743,0,0.0
EMBARAZOS,PSICOPROFILAXIS,23743,60,0.25
EMBARAZOS,SESIONES,23743,115,0.48
EMBARAZOS,TIPO_PARTO,23743,1,0.0
EMBARAZOS,POSICION_DEL_PARTO,23743,5203,21.91
EMBARAZOS,EPISIOTOMIA,23743,5203,21.91
EMBARAZOS,DESGARROS,23743,5225,22.01
EMBARAZOS,MANEJO_ACTIVO,23743,5241,22.07
EMBARAZOS,PLACENTA,23743,5203,21.91
EMBARAZOS,SOLICITO_PLACENTA,23743,1,0.0
EMBARAZOS,HEMORRAGIA,23743,1,0.0
EMBARAZOS,LIGADURA,23743,1,0.0
EMBARAZOS,ANESTESIA,23743,1,0.0
EMBARAZOS,MUERTE_INTRAUTERINA,23743,0,0.0
EMBARAZOS,SEXO,23743,28,0.12
EMBARAZOS,PESO,23743,66,0.28
EMBARAZOS,PESO_AL_NACIMIENTO,23743,20407,85.95
EMBARAZOS,TALLA,23743,75,0.32
EMBARAZOS,P_CEFALICO,23743,125,0.53
EMBARAZOS,SEMANAS_GESTACION,23743,71,0.3
EMBARAZOS,EDAD_GESTACIONAL_CATEGORIA,23743,71,0.3
EMBARAZOS,REANIMACION,23743,1,0.0
EMBARAZOS,PINZAMIENTO,23743,35,0.15
EMBARAZOS,APEGO_PRECOZ,23743,283,1.19
EMBARAZOS,LACTANCIA,23743,283,1.19
EMBARAZOS,APGAR_1,23743,3786,15.95
EMBARAZOS,APGAR_1_MENOR,23743,3805,16.03
EMBARAZOS,APGAR_2,23743,3786,15.95
EMBARAZOS,APGAR_5_MENOR,23743,3805,16.03
EMBARAZOS,RIESGO,23743,27,0.11
EMBARAZOS,SCORE_1,23743,65,0.27
EMBARAZOS,CONSEJERIA_ANTICONCEPCION,23743,16,0.07
EMBARAZOS,METODO,23743,24,0.1
EMBARAZOS,NUM_FETOS_ESPERADOS,23743,0,0.0
EMBARAZOS,ANIO_INGRESO,23743,23,0.1
EMBARAZOS,ANIO_NACIMIENTO_MADRE,23743,88,0.37
EMBARAZOS,ANIO_NACIMIENTO_FETO,23743,159,0.67
EMBARAZOS,ANIO_EGRESO,23743,32,0.13
EMBARAZOS,EDAD_NUM,23743,247,1.04
EMBARAZOS,SCORE_NUM,23743,55,0.23
EMBARAZOS,NO_CONTROLES_NUM,23743,56,0.24
EMBARAZOS,SESIONES_NUM,23743,117,0.49
EMBARAZOS,SCORE_1_NUM,23743,66,0.28
EMBARAZOS,SEMANAS_GESTACION_NUM,23743,71,0.3
EMBARAZOS,EMBARAZO_MULTIPLE_BINARIO,23743,0,0.0
FETAL,ID_REGISTRO,23848,0,0.0
FETAL,NUMERO_FETO,23848,0,0.0
FETAL,NUM_FETOS_EMBARAZO,23848,0,0.0
FETAL,EDAD,23848,0,0.0
FETAL,LUGAR_DE_NACIMIENTO,23848,3,0.01
FETAL,PAREJA_ESTABLE,23848,43,0.18
FETAL,ESTADO_CIVIL,23848,43,0.18
FETAL,INSTRUCCION,23848,133,0.56
FETAL,SEGURO,23848,7386,30.97
FETAL,AFILIACION,23848,31,0.13
FETAL,GRUPO_CULTURAL,23848,42,0.18
FETAL,ETNIA_MINORITARIA,23848,42,0.18
FETAL,ACOMPANADA,23848,8,0.03
FETAL,RIESGO_AL_INGRESO,23848,90,0.38
FETAL,SCORE,23848,55,0.23
FETAL,NO_CONTROLES,23848,56,0.23
FETAL,ANTECEDENTE_DE_CIRUGIA_UTERINA,23848,0,0.0
FETAL,ANOMALIAS_GENITALES,23848,0,0.0
FETAL,VIH,23848,0,0.0
FETAL,OBESIDAD,23848,0,0.0
FETAL,DIABETES_EN_EL_EMBARAZO,23848,0,0.0
FETAL,HIPERTENSIVOS,23848,0,0.0
FETAL,UTERO_PARTO,23848,0,0.0
FETAL,ATENCION_CAUSAS_FETALES,23848,0,0.0
FETAL,OTRAS_PATOLOGIAS,23848,0,0.0
FETAL,DESPRENDIMIENTO_PREMATURO_DE_PLACENTA,23848,0,0.0
FETAL,ANEMIA,23848,0,0.0
FETAL,ALTERACION_PLACENTA,23848,0,0.0
FETAL,ISOINMUNIZACION,23848,0,0.0
FETAL,OTRA_COMPLICACIONES_DEL_EMBARAZO,23848,0,0.0
FETAL,AFECTACION_SISTEMAS_QUE_COMPLICAN,23848,0,0.0
FETAL,INFECCION_GENITAL,23848,0,0.0
FETAL,IVU,23848,0,0.0
FETAL,TORCH,23848,0,0.0
FETAL,ITS,23848,0,0.0
FETAL,PRESENTACION_FETAL,23848,0,0.0
FETAL,TRASTRONOS_DE_LIQUIDO_AMNIOTICO,23848,0,0.0
FETAL,RUPTURA_UTERINA,23848,0,0.0
FETAL,ACTIVIDAD_UTERINA_INDACECUADA,23848,0,0.0
FETAL,ALTERACIONES_DEL_CORDON,23848,0,0.0
FETAL,PARTO_PROLONGADO,23848,0,0.0
FETAL,PARTO_PRECIPITADO,23848,0,0.0
FETAL,OTRAS_COMPLICACIONES_TRABAJO_DE_PARTO,23848,0,0.0
FETAL,OBSTRUCCION_DEL_PARTO,23848,0,0.0
FETAL,CAUSAS_OBSTRUCCION,23848,0,0.0
FETAL,SUFRIMIENTO_FETAL,23848,0,0.0
FETAL,RPM,23848,0,0.0
FETAL,EMBARAZO_MULTIPLE,23848,0,0.0
FETAL,PSICOPROFILAXIS,23848,61,0.26
FETAL,SESIONES,23848,116,0.49
FETAL,TIPO_PARTO,23848,1,0.0
FETAL,POSICION_DEL_PARTO,23848,5270,22.1
FETAL,EPISIOTOMIA,23848,5270,22.1
FETAL,DESGARROS,23848,5292,22.19
FETAL,MANEJO_ACTIVO,23848,5308,22.26
FETAL,PLACENTA,23848,5270,22.1
FETAL,SOLICITO_PLACENTA,23848,1,0.0
FETAL,HEMORRAGIA,23848,1,0.0
FETAL,LIGADURA,23848,1,0.0
FETAL,ANESTESIA,23848,1,0.0
FETAL,RIESGO,23848,27,0.11
FETAL,SCORE_1,23848,65,0.27
FETAL,CONSEJERIA_ANTICONCEPCION,23848,16,0.07
FETAL,METODO,23848,24,0.1
FETAL,ANIO_INGRESO,23848,23,0.1
FETAL,ANIO_NACIMIENTO_MADRE,23848,89,0.37
FETAL,ANIO_NACIMIENTO_FETO,23848,159,0.67
FETAL,ANIO_EGRESO,23848,32,0.13
FETAL,EDAD_NUM,23848,0,0.0
FETAL,SCORE_NUM,23848,55,0.23
FETAL,NO_CONTROLES_NUM,23848,56,0.23
FETAL,SESIONES_NUM,23848,118,0.49
FETAL,SCORE_1_NUM,23848,67,0.28
FETAL,MUERTE_INTRAUTERINA,23848,206,0.86
FETAL,SEXO,23848,190,0.8
FETAL,PESO,23848,140,0.59
FETAL,PESO_AL_NACIMIENTO,23848,20529,86.08
FETAL,TALLA,23848,216,0.91
FETAL,P_CEFALICO,23848,271,1.14
FETAL,REANIMACION,23848,207,0.87
FETAL,PINZAMIENTO,23848,241,1.01
FETAL,APEGO_PRECOZ,23848,487,2.04
FETAL,LACTANCIA,23848,487,2.04
FETAL,APGAR_1,23848,3973,16.66
FETAL,APGAR_1_MENOR,23848,3996,16.76
FETAL,APGAR_2,23848,3973,16.66
FETAL,APGAR_5_MENOR,23848,3996,16.76
FETAL,SEMANAS_GESTACION,23848,72,0.3
FETAL,EDAD_GESTACIONAL_CATEGORIA,23848,72,0.3
FETAL,PESO_NUM,23848,262,1.1
FETAL,PESO_AL_NACIMIENTO_NUM,23848,23848,100.0
FETAL,TALLA_NUM,23848,362,1.52
FETAL,P_CEFALICO_NUM,23848,689,2.89
FETAL,SEMANAS_GESTACION_NUM,23848,194,0.81
FETAL,APGAR_1_NUM,23848,4057,17.01
FETAL,APGAR_1_MENOR_NUM,23848,23848,100.0
FETAL,APGAR_2_NUM,23848,4057,17.01
FETAL,APGAR_5_MENOR_NUM,23848,23848,100.0
FETAL,DATO_FETAL_INCOMPLETO,23848,0,0.0
