ID_REGISTRO,NUM_FETOS,VARIABLE,VALOR_ORIGINAL,NUM_COMPONENTES
123,2,MUERTE_INTRAUTERINA,NO,1
123,2,SEXO,FEMENINO,1
123,2,TALLA,41 CM,1
123,2,P_CEFALICO,32,1
123,2,REANIMACION,NO,1
123,2,PINZAMIENTO,SI,1
123,2,APEGO_PRECOZ,NO,1
123,2,LACTANCIA,NO,1
123,2,APGAR_1,5,1
123,2,APGAR_1_MENOR,SI,1
123,2,APGAR_2,8,1
123,2,APGAR_5_MENOR,NO,1
169,4,MUERTE_INTRAUTERINA,NO,1
169,4,SEXO,MASCULINO,1
169,4,PESO,3440,1
169,4,TALLA,50 CM,1
169,4,P_CEFALICO,33,1
169,4,SEMANAS_GESTACION,40,1
169,4,EDAD_GESTACIONAL_CATEGORIA,"37 A 41,6",1
169,4,REANIMACION,NO,1
169,4,PINZAMIENTO,SI,1
169,4,APEGO_PRECOZ,SI,1
169,4,LACTANCIA,SI,1
169,4,APGAR_1,7,1
169,4,APGAR_1_MENOR,NO,1
169,4,APGAR_2,8,1
169,4,APGAR_5_MENOR,NO,1
228,2,MUERTE_INTRAUTERINA,NO,1
228,2,SEXO,MASCULINO,1
228,2,PESO,2155,1
228,2,PESO_AL_NACIMIENTO,NO,1
228,2,TALLA,45 CM,1
228,2,P_CEFALICO,31,1
228,2,SEMANAS_GESTACION,32,1
228,2,EDAD_GESTACIONAL_CATEGORIA,MENOR DE 37,1
228,2,REANIMACION,NO,1
228,2,PINZAMIENTO,SI,1
228,2,APEGO_PRECOZ,NO,1
228,2,LACTANCIA,NO,1
228,2,APGAR_1,8,1
228,2,APGAR_1_MENOR,NO,1
228,2,APGAR_2,9,1
228,2,APGAR_5_MENOR,NO,1
334,2,MUERTE_INTRAUTERINA,NO,1
334,2,SEXO,MASCULINO,1
334,2,PESO,2220,1
334,2,PESO_AL_NACIMIENTO,NO,1
334,2,TALLA,45 CM,1
334,2,P_CEFALICO,32,1
334,2,SEMANAS_GESTACION,"37,1",1
334,2,EDAD_GESTACIONAL_CATEGORIA,"37 A 41,6",1
334,2,REANIMACION,SI,1
334,2,PINZAMIENTO,SI,1
334,2,APEGO_PRECOZ,NO,1
334,2,LACTANCIA,NO,1
334,2,APGAR_1,8,1
334,2,APGAR_1_MENOR,NO,1
334,2,APGAR_2,9,1
334,2,APGAR_5_MENOR,NO,1
470,2,MUERTE_INTRAUTERINA,NO,1
470,2,SEXO,FEMENINO,1
470,2,PESO,2320,1
470,2,PESO_AL_NACIMIENTO,NO,1
470,2,TALLA,45 CM,1
470,2,P_CEFALICO,32,1
470,2,SEMANAS_GESTACION,"40,5",1
470,2,EDAD_GESTACIONAL_CATEGORIA,"37 A 41,6",1
470,2,REANIMACION,NO,1
470,2,PINZAMIENTO,SI,1
470,2,APEGO_PRECOZ,SI,1
470,2,LACTANCIA,SI,1
470,2,APGAR_1,8,1
470,2,APGAR_1_MENOR,NO,1
470,2,APGAR_2,9,1
470,2,APGAR_5_MENOR,NO,1
642,2,MUERTE_INTRAUTERINA,NO,1
642,2,SEXO,MASCULINO,1
642,2,PESO,2790,1
642,2,PESO_AL_NACIMIENTO,NO,1
642,2,TALLA,"48,5 CM",1
642,2,P_CEFALICO,35,1
642,2,SEMANAS_GESTACION,38,1
642,2,EDAD_GESTACIONAL_CATEGORIA,"37 A 41,6",1
642,2,REANIMACION,NO,1
642,2,PINZAMIENTO,SI,1
642,2,APEGO_PRECOZ,NO,1
642,2,LACTANCIA,NO,1
642,2,APGAR_1,9,1
642,2,APGAR_1_MENOR,NO,1
642,2,APGAR_2,9,1
642,2,APGAR_5_MENOR,NO,1
1496,2,MUERTE_INTRAUTERINA,NO,1
1496,2,SEXO,MASCULINO,1
1496,2,PESO_AL_NACIMIENTO,NO,1
1496,2,SEMANAS_GESTACION,36,1
1496,2,EDAD_GESTACIONAL_CATEGORIA,MENOR DE 37,1
1496,2,REANIMACION,SI,1
1496,2,PINZAMIENTO,SI,1
1496,2,APEGO_PRECOZ,NO,1
1496,2,LACTANCIA,NO,1
1496,2,APGAR_1,8,1
1496,2,APGAR_1_MENOR,NO,1
1496,2,APGAR_2,9,1
1496,2,APGAR_5_MENOR,NO,1
1730,2,MUERTE_INTRAUTERINA,NO,1
1730,2,SEXO,MASCULINO,1
1730,2,PESO_AL_NACIMIENTO,NO,1
1730,2,SEMANAS_GESTACION,"36,4",1
1730,2,EDAD_GESTACIONAL_CATEGORIA,MENOR DE 37,1
1730,2,REANIMACION,NO,1
1730,2,PINZAMIENTO,SI,1
1730,2,APEGO_PRECOZ,SI,1
1730,2,LACTANCIA,SI,1
1730,2,APGAR_1,9,1
1730,2,APGAR_1_MENOR,NO,1
1730,2,APGAR_2,9,1
1730,2,APGAR_5_MENOR,NO,1
1738,2,MUERTE_INTRAUTERINA,NO,1
1738,2,SEXO,FEMENINO,1
1738,2,PESO_AL_NACIMIENTO,NO,1
1738,2,SEMANAS_GESTACION,"37,2",1
1738,2,EDAD_GESTACIONAL_CATEGORIA,"37 A 41,6",1
1738,2,REANIMACION,NO,1
1738,2,PINZAMIENTO,SI,1
1738,2,APEGO_PRECOZ,SI,1
1738,2,LACTANCIA,SI,1
1738,2,APGAR_1,8,1
1738,2,APGAR_1_MENOR,NO,1
1738,2,APGAR_2,9,1
1738,2,APGAR_5_MENOR,NO,1
1896,2,MUERTE_INTRAUTERINA,NO,1
1896,2,SEXO,FEMENINO,1
1896,2,PESO,2620,1
1896,2,PESO_AL_NACIMIENTO,NO,1
1896,2,TALLA,46 CM,1
1896,2,P_CEFALICO,34,1
1896,2,SEMANAS_GESTACION,35,1
1896,2,EDAD_GESTACIONAL_CATEGORIA,MENOR DE 37,1
1896,2,REANIMACION,SI,1
1896,2,PINZAMIENTO,SI,1
1896,2,APEGO_PRECOZ,NO,1
1896,2,LACTANCIA,NO,1
1896,2,APGAR_1,8,1
1896,2,APGAR_1_MENOR,NO,1
1896,2,APGAR_2,9,1
1896,2,APGAR_5_MENOR,NO,1
2009,2,MUERTE_INTRAUTERINA,NO,1
2009,2,SEXO,MASCULINO,1
2009,2,PESO,770,1
2009,2,PESO_AL_NACIMIENTO,NO,1
2009,2,TALLA,34 CM,1
2009,2,SEMANAS_GESTACION,27,1
2009,2,EDAD_GESTACIONAL_CATEGORIA,MENOR DE 37,1
2009,2,REANIMACION,SI,1
2009,2,PINZAMIENTO,SI,1
2009,2,APEGO_PRECOZ,NO,1
2009,2,LACTANCIA,NO,1
2009,2,APGAR_1,4,1
2009,2,APGAR_1_MENOR,SI,1
2009,2,APGAR_2,5,1
2009,2,APGAR_5_MENOR,SI,1
2086,2,MUERTE_INTRAUTERINA,NO,1
2086,2,SEXO,FEMENINO,1
2086,2,PESO,2640,1
2086,2,PESO_AL_NACIMIENTO,NO,1
2086,2,TALLA,"47,5 CM",1
2086,2,P_CEFALICO,"33,6",1
2086,2,SEMANAS_GESTACION,"37,2",1
2086,2,EDAD_GESTACIONAL_CATEGORIA,"37 A 41,6",1
2086,2,REANIMACION,NO,1
2086,2,PINZAMIENTO,SI,1
2086,2,APEGO_PRECOZ,SI,1
2086,2,LACTANCIA,SI,1
2086,2,APGAR_1,9,1
2086,2,APGAR_1_MENOR,NO,1
2086,2,APGAR_2,9,1
2086,2,APGAR_5_MENOR,NO,1
2093,2,MUERTE_INTRAUTERINA,NO,1
2093,2,SEXO,FEMENINO,1
2093,2,PESO,2485,1
2093,2,PESO_AL_NACIMIENTO,NO,1
2093,2,TALLA,"47,5 CM",1
2093,2,P_CEFALICO,"33,8",1
2093,2,SEMANAS_GESTACION,"36,6",1
2093,2,EDAD_GESTACIONAL_CATEGORIA,MENOR DE 37,1
2093,2,REANIMACION,NO,1
2093,2,PINZAMIENTO,SI,1
2093,2,APEGO_PRECOZ,NO,1
2093,2,LACTANCIA,NO,1
2093,2,APGAR_1,8,1
2093,2,APGAR_1_MENOR,NO,1
2093,2,APGAR_2,9,1
2093,2,APGAR_5_MENOR,NO,1
2202,2,MUERTE_INTRAUTERINA,NO,1
2202,2,SEXO,FEMENINO,1
2202,2,PESO,2210,1
2202,2,PESO_AL_NACIMIENTO,NO,1
2202,2,TALLA,45 CM,1
2202,2,P_CEFALICO,32,1
2202,2,SEMANAS_GESTACION,35,1
2202,2,EDAD_GESTACIONAL_CATEGORIA,MENOR DE 37,1
2202,2,REANIMACION,NO,1
2202,2,PINZAMIENTO,SI,1
2202,2,APEGO_PRECOZ,NO,1
2202,2,LACTANCIA,SI,1
2202,2,APGAR_1,8,1
2202,2,APGAR_1_MENOR,NO,1
2202,2,APGAR_2,8,1
2202,2,APGAR_5_MENOR,NO,1
2715,2,MUERTE_INTRAUTERINA,NO,1
2715,2,SEXO,MASCULINO,1
2715,2,PESO,1500,1
2715,2,PESO_AL_NACIMIENTO,NO,1
2715,2,TALLA,"30,5 CM",1
2715,2,P_CEFALICO,"38,4",1
2715,2,SEMANAS_GESTACION,35,1
2715,2,EDAD_GESTACIONAL_CATEGORIA,MENOR DE 37,1
2715,2,REANIMACION,SI,1
2715,2,PINZAMIENTO,SI,1
2715,2,APEGO_PRECOZ,NO,1
2715,2,LACTANCIA,NO,1
2715,2,APGAR_1,8,1
2715,2,APGAR_1_MENOR,NO,1
2715,2,APGAR_2,9,1
2715,2,APGAR_5_MENOR,NO,1
2903,2,MUERTE_INTRAUTERINA,NO,1
2903,2,SEXO,MASCULINO,1
2903,2,PESO_AL_NACIMIENTO,NO,1
2903,2,SEMANAS_GESTACION,37,1
2903,2,EDAD_GESTACIONAL_CATEGORIA,"37 A 41,6",1
2903,2,REANIMACION,SI,1
2903,2,PINZAMIENTO,SI,1
2903,2,APEGO_PRECOZ,SI,1
2903,2,LACTANCIA,NO,1
2903,2,APGAR_1_MENOR,NO,1
2903,2,APGAR_5_MENOR,NO,1
3018,2,MUERTE_INTRAUTERINA,NO,1
3018,2,SEXO,MASCULINO,1
3018,2,PESO,2090,1
3018,2,PESO_AL_NACIMIENTO,NO,1
3018,2,TALLA,43 CM,1
3018,2,P_CEFALICO,"32,4",1
3018,2,SEMANAS_GESTACION,36,1
3018,2,EDAD_GESTACIONAL_CATEGORIA,MENOR DE 37,1
3018,2,REANIMACION,NO,1
3018,2,PINZAMIENTO,SI,1
3018,2,APEGO_PRECOZ,NO,1
3018,2,LACTANCIA,SI,1
3018,2,APGAR_1,9,1
3018,2,APGAR_1_MENOR,NO,1
3018,2,APGAR_2,9,1
3018,2,APGAR_5_MENOR,NO,1
3086,2,MUERTE_INTRAUTERINA,NO,1
3086,2,SEXO,FEMENINO,1
3086,2,PESO_AL_NACIMIENTO,NO,1
3086,2,TALLA,47 CM,1
3086,2,P_CEFALICO,35,1
3086,2,SEMANAS_GESTACION,37,1
3086,2,EDAD_GESTACIONAL_CATEGORIA,"37 A 41,6",1
3086,2,REANIMACION,NO,1
3086,2,PINZAMIENTO,SI,1
3086,2,APEGO_PRECOZ,SI,1
3086,2,LACTANCIA,NO,1
3086,2,APGAR_1,9,1
3086,2,APGAR_1_MENOR,NO,1
3086,2,APGAR_2,9,1
3086,2,APGAR_5_MENOR,NO,1
3101,2,MUERTE_INTRAUTERINA,NO,1
3101,2,SEXO,FEMENINO,1
3101,2,PESO_AL_NACIMIENTO,NO,1
3101,2,TALLA,47 CM,1
3101,2,P_CEFALICO,34,1
3101,2,SEMANAS_GESTACION,37,1
3101,2,EDAD_GESTACIONAL_CATEGORIA,"37 A 41,6",1
3101,2,REANIMACION,NO,1
3101,2,PINZAMIENTO,SI,1
3101,2,APEGO_PRECOZ,SI,1
3101,2,LACTANCIA,SI,1
3101,2,APGAR_1,9,1
3101,2,APGAR_1_MENOR,NO,1
3101,2,APGAR_2,9,1
3101,2,APGAR_5_MENOR,NO,1
3351,2,MUERTE_INTRAUTERINA,NO,1
3351,2,SEXO,FEMENINO,1
3351,2,TALLA,47 CM,1
3351,2,P_CEFALICO,34,1
3351,2,SEMANAS_GESTACION,37,1
3351,2,EDAD_GESTACIONAL_CATEGORIA,"37 A 41,6",1
3351,2,REANIMACION,SI,1
3351,2,PINZAMIENTO,SI,1
3351,2,APEGO_PRECOZ,SI,1
3351,2,LACTANCIA,NO,1
3351,2,APGAR_1,9,1
3351,2,APGAR_1_MENOR,NO,1
3351,2,APGAR_2,9,1
3351,2,APGAR_5_MENOR,NO,1
3405,2,MUERTE_INTRAUTERINA,SI,1
3405,2,SEXO,MASCULINO,1
3405,2,PESO,500,1
3405,2,SEMANAS_GESTACION,31,1
3405,2,EDAD_GESTACIONAL_CATEGORIA,MENOR DE 37,1
3405,2,REANIMACION,SI,1
3405,2,PINZAMIENTO,SI,1
3405,2,APGAR_1,0,1
3405,2,APGAR_1_MENOR,SI,1
3405,2,APGAR_2,0,1
3405,2,APGAR_5_MENOR,SI,1
4024,2,MUERTE_INTRAUTERINA,NO,1
4024,2,SEMANAS_GESTACION,"38,6",1
4024,2,EDAD_GESTACIONAL_CATEGORIA,"37 A 41,6",1
4024,2,REANIMACION,SI,1
4024,2,PINZAMIENTO,SI,1
4024,2,APEGO_PRECOZ,SI,1
4024,2,LACTANCIA,NO,1
4024,2,APGAR_1,8,1
4024,2,APGAR_1_MENOR,NO,1
4024,2,APGAR_2,9,1
4024,2,APGAR_5_MENOR,NO,1
4136,2,MUERTE_INTRAUTERINA,NO,1
4136,2,SEXO,MASCULINO,1
4136,2,SEMANAS_GESTACION,38,1
4136,2,EDAD_GESTACIONAL_CATEGORIA,"37 A 41,6",1
4136,2,REANIMACION,SI,1
4136,2,PINZAMIENTO,SI,1
4136,2,APEGO_PRECOZ,SI,1
4136,2,LACTANCIA,NO,1
4136,2,APGAR_1,9,1
4136,2,APGAR_1_MENOR,NO,1
4136,2,APGAR_2,9,1
4136,2,APGAR_5_MENOR,NO,1
4195,2,MUERTE_INTRAUTERINA,NO,1
4195,2,SEMANAS_GESTACION,"32,5",1
4195,2,EDAD_GESTACIONAL_CATEGORIA,MENOR DE 37,1
4195,2,REANIMACION,SI,1
4195,2,PINZAMIENTO,SI,1
4195,2,APEGO_PRECOZ,NO,1
4195,2,LACTANCIA,NO,1
4195,2,APGAR_1_MENOR,SI,1
4195,2,APGAR_5_MENOR,NO,1
4221,2,MUERTE_INTRAUTERINA,NO,1
4221,2,P_CEFALICO,"30,5",1
4221,2,SEMANAS_GESTACION,37,1
4221,2,EDAD_GESTACIONAL_CATEGORIA,"37 A 41,6",1
4221,2,REANIMACION,SI,1
4221,2,PINZAMIENTO,SI,1
4221,2,APEGO_PRECOZ,SI,1
4221,2,LACTANCIA,NO,1
4221,2,APGAR_1,8,1
4221,2,APGAR_1_MENOR,NO,1
4221,2,APGAR_2,9,1
4221,2,APGAR_5_MENOR,NO,1
4302,2,MUERTE_INTRAUTERINA,NO,1
4302,2,SEXO,FEMENINO,1
4302,2,PESO,2705,1
4302,2,TALLA,"46,5 CM",1
4302,2,P_CEFALICO,34,1
4302,2,SEMANAS_GESTACION,"37,4",1
4302,2,EDAD_GESTACIONAL_CATEGORIA,"37 A 41,6",1
4302,2,REANIMACION,NO,1
4302,2,PINZAMIENTO,SI,1
4302,2,APEGO_PRECOZ,SI,1
4302,2,LACTANCIA,SI,1
4302,2,APGAR_1,9,1
4302,2,APGAR_1_MENOR,NO,1
4302,2,APGAR_2,9,1
4302,2,APGAR_5_MENOR,NO,1
4324,2,MUERTE_INTRAUTERINA,NO,1
4324,2,SEMANAS_GESTACION,"36,2",1
4324,2,EDAD_GESTACIONAL_CATEGORIA,MENOR DE 37,1
4324,2,REANIMACION,SI,1
4324,2,PINZAMIENTO,NO,1
4324,2,APEGO_PRECOZ,NO,1
4324,2,LACTANCIA,NO,1
4324,2,APGAR_1,9,1
4324,2,APGAR_1_MENOR,NO,1
4324,2,APGAR_2,9,1
4324,2,APGAR_5_MENOR,NO,1
4372,2,MUERTE_INTRAUTERINA,NO,1
4372,2,SEMANAS_GESTACION,"37,1",1
4372,2,EDAD_GESTACIONAL_CATEGORIA,"37 A 41,6",1
4372,2,REANIMACION,NO,1
4372,2,PINZAMIENTO,SI,1
4372,2,APEGO_PRECOZ,SI,1
4372,2,LACTANCIA,NO,1
4372,2,APGAR_1,9,1
4372,2,APGAR_1_MENOR,NO,1
4372,2,APGAR_2,9,1
4372,2,APGAR_5_MENOR,NO,1
4437,2,MUERTE_INTRAUTERINA,NO,1
4437,2,SEMANAS_GESTACION,33,1
4437,2,EDAD_GESTACIONAL_CATEGORIA,MENOR DE 37,1
4437,2,REANIMACION,NO,1
4437,2,PINZAMIENTO,SI,1
4437,2,APEGO_PRECOZ,SI,1
4437,2,LACTANCIA,NO,1
4437,2,APGAR_1,9,1
4437,2,APGAR_1_MENOR,NO,1
4437,2,APGAR_2,9,1
4437,2,APGAR_5_MENOR,NO,1
4672,2,MUERTE_INTRAUTERINA,NO,1
4672,2,SEXO,FEMENINO,1
4672,2,TALLA,"47,5 CM",1
4672,2,P_CEFALICO,35,1
4672,2,SEMANAS_GESTACION,37,1
4672,2,EDAD_GESTACIONAL_CATEGORIA,"37 A 41,6",1
4672,2,REANIMACION,NO,1
4672,2,PINZAMIENTO,SI,1
4672,2,APEGO_PRECOZ,NO,1
4672,2,LACTANCIA,SI,1
4672,2,APGAR_1,8,1
4672,2,APGAR_1_MENOR,NO,1
4672,2,APGAR_2,9,1
4672,2,APGAR_5_MENOR,NO,1
4715,2,MUERTE_INTRAUTERINA,NO,1
4715,2,TALLA,"47,5 CM",1
4715,2,P_CEFALICO,33,1
4715,2,SEMANAS_GESTACION,36,1
4715,2,EDAD_GESTACIONAL_CATEGORIA,MENOR DE 37,1
4715,2,REANIMACION,NO,1
4715,2,PINZAMIENTO,SI,1
4715,2,APEGO_PRECOZ,SI,1
4715,2,LACTANCIA,SI,1
4715,2,APGAR_1,8,1
4715,2,APGAR_1_MENOR,NO,1
4715,2,APGAR_2,9,1
4715,2,APGAR_5_MENOR,NO,1
5517,2,MUERTE_INTRAUTERINA,NO,1
5517,2,SEXO,FEMENINO,1
5517,2,P_CEFALICO,"31,5",1
5517,2,SEMANAS_GESTACION,33,1
5517,2,EDAD_GESTACIONAL_CATEGORIA,MENOR DE 37,1
5517,2,REANIMACION,SI,1
5517,2,PINZAMIENTO,SI,1
5517,2,APEGO_PRECOZ,SI,1
5517,2,LACTANCIA,NO,1
5517,2,APGAR_1,9,1
5517,2,APGAR_1_MENOR,NO,1
5517,2,APGAR_2,9,1
5517,2,APGAR_5_MENOR,NO,1
5569,2,MUERTE_INTRAUTERINA,NO,1
5569,2,SEXO,FEMENINO,1
5569,2,TALLA,"45,5 CM",1
5569,2,P_CEFALICO,32,1
5569,2,SEMANAS_GESTACION,37,1
5569,2,EDAD_GESTACIONAL_CATEGORIA,"37 A 41,6",1
5569,2,REANIMACION,NO,1
5569,2,PINZAMIENTO,SI,1
5569,2,APEGO_PRECOZ,SI,1
5569,2,LACTANCIA,SI,1
5569,2,APGAR_1,9,1
5569,2,APGAR_1_MENOR,NO,1
5569,2,APGAR_2,9,1
5569,2,APGAR_5_MENOR,NO,1
5929,2,MUERTE_INTRAUTERINA,NO,1
5929,2,SEXO,FEMENINO,1
5929,2,TALLA,42 CM,1
5929,2,P_CEFALICO,29,1
5929,2,SEMANAS_GESTACION,32,1
5929,2,EDAD_GESTACIONAL_CATEGORIA,MENOR DE 37,1
5929,2,REANIMACION,SI,1
5929,2,PINZAMIENTO,NO,1
5929,2,APEGO_PRECOZ,NO,1
5929,2,LACTANCIA,NO,1
5929,2,APGAR_1,7,1
5929,2,APGAR_1_MENOR,NO,1
5929,2,APGAR_2,8,1
5929,2,APGAR_5_MENOR,NO,1
6061,2,MUERTE_INTRAUTERINA,NO,1
6061,2,SEXO,FEMENINO,1
6061,2,TALLA,45 CM,1
6061,2,P_CEFALICO,35,1
6061,2,SEMANAS_GESTACION,"36,4",1
6061,2,EDAD_GESTACIONAL_CATEGORIA,MENOR DE 37,1
6061,2,REANIMACION,NO,1
6061,2,PINZAMIENTO,SI,1
6061,2,APEGO_PRECOZ,SI,1
6061,2,LACTANCIA,NO,1
6061,2,APGAR_1,9,1
6061,2,APGAR_1_MENOR,NO,1
6061,2,APGAR_2,9,1
6061,2,APGAR_5_MENOR,NO,1
6511,2,MUERTE_INTRAUTERINA,NO,1
6511,2,SEXO,MASCULINO,1
6511,2,SEMANAS_GESTACION,"37,4",1
6511,2,EDAD_GESTACIONAL_CATEGORIA,"37 A 41,6",1
6511,2,REANIMACION,NO,1
6511,2,PINZAMIENTO,SI,1
6511,2,APEGO_PRECOZ,SI,1
6511,2,LACTANCIA,NO,1
6511,2,APGAR_1,9,1
6511,2,APGAR_1_MENOR,NO,1
6511,2,APGAR_2,9,1
6511,2,APGAR_5_MENOR,NO,1
6594,2,MUERTE_INTRAUTERINA,NO,1
6594,2,SEXO,FEMENINO,1
6594,2,SEMANAS_GESTACION,38,1
6594,2,EDAD_GESTACIONAL_CATEGORIA,"37 A 41,6",1
6594,2,REANIMACION,SI,1
6594,2,PINZAMIENTO,SI,1
6594,2,APEGO_PRECOZ,SI,1
6594,2,LACTANCIA,SI,1
6594,2,APGAR_1,9,1
6594,2,APGAR_1_MENOR,NO,1
6594,2,APGAR_2,9,1
6594,2,APGAR_5_MENOR,NO,1
6655,2,MUERTE_INTRAUTERINA,NO,1
6655,2,TALLA,"42,5 CM",1
6655,2,P_CEFALICO,31,1
6655,2,SEMANAS_GESTACION,35,1
6655,2,EDAD_GESTACIONAL_CATEGORIA,MENOR DE 37,1
6655,2,REANIMACION,NO,1
6655,2,PINZAMIENTO,SI,1
6655,2,APEGO_PRECOZ,SI,1
6655,2,LACTANCIA,SI,1
6655,2,APGAR_1,8,1
6655,2,APGAR_1_MENOR,NO,1
6655,2,APGAR_2,9,1
6655,2,APGAR_5_MENOR,NO,1
7173,2,MUERTE_INTRAUTERINA,NO,1
7173,2,SEXO,FEMENINO,1
7173,2,SEMANAS_GESTACION,35,1
7173,2,EDAD_GESTACIONAL_CATEGORIA,MENOR DE 37,1
7173,2,REANIMACION,NO,1
7173,2,PINZAMIENTO,SI,1
7173,2,APEGO_PRECOZ,SI,1
7173,2,LACTANCIA,SI,1
7173,2,APGAR_1,9,1
7173,2,APGAR_1_MENOR,NO,1
7173,2,APGAR_2,9,1
7173,2,APGAR_5_MENOR,NO,1
7181,2,MUERTE_INTRAUTERINA,NO,1
7181,2,SEXO,FEMENINO,1
7181,2,TALLA,43 CM,1
7181,2,P_CEFALICO,"31,5",1
7181,2,SEMANAS_GESTACION,36,1
7181,2,EDAD_GESTACIONAL_CATEGORIA,MENOR DE 37,1
7181,2,REANIMACION,NO,1
7181,2,PINZAMIENTO,SI,1
7181,2,APEGO_PRECOZ,SI,1
7181,2,LACTANCIA,SI,1
7181,2,APGAR_1,6,1
7181,2,APGAR_1_MENOR,SI,1
7181,2,APGAR_2,8,1
7181,2,APGAR_5_MENOR,NO,1
7507,2,MUERTE_INTRAUTERINA,NO,1
7507,2,TALLA,"41,5 CM",1
7507,2,P_CEFALICO,29,1
7507,2,SEMANAS_GESTACION,34,1
7507,2,EDAD_GESTACIONAL_CATEGORIA,MENOR DE 37,1
7507,2,REANIMACION,NO,1
7507,2,PINZAMIENTO,SI,1
7507,2,APEGO_PRECOZ,NO,1
7507,2,LACTANCIA,NO,1
7507,2,APGAR_1,9,1
7507,2,APGAR_1_MENOR,NO,1
7507,2,APGAR_2,9,1
7507,2,APGAR_5_MENOR,NO,1
8119,2,MUERTE_INTRAUTERINA,NO,1
8119,2,SEXO,MASCULINO,1
8119,2,SEMANAS_GESTACION,"36,2",1
8119,2,EDAD_GESTACIONAL_CATEGORIA,MENOR DE 37,1
8119,2,REANIMACION,NO,1
8119,2,PINZAMIENTO,SI,1
8119,2,APEGO_PRECOZ,SI,1
8119,2,LACTANCIA,SI,1
8119,2,APGAR_1,9,1
8119,2,APGAR_1_MENOR,NO,1
8119,2,APGAR_2,9,1
8119,2,APGAR_5_MENOR,NO,1
8189,2,MUERTE_INTRAUTERINA,NO,1
8189,2,SEXO,FEMENINO,1
8189,2,SEMANAS_GESTACION,37,1
8189,2,EDAD_GESTACIONAL_CATEGORIA,"37 A 41,6",1
8189,2,REANIMACION,SI,1
8189,2,PINZAMIENTO,SI,1
8189,2,APEGO_PRECOZ,SI,1
8189,2,LACTANCIA,SI,1
8189,2,APGAR_1,8,1
8189,2,APGAR_1_MENOR,NO,1
8189,2,APGAR_2,9,1
8189,2,APGAR_5_MENOR,NO,1
8322,2,MUERTE_INTRAUTERINA,NO,1
8322,2,P_CEFALICO,32,1
8322,2,SEMANAS_GESTACION,39,1
8322,2,EDAD_GESTACIONAL_CATEGORIA,"37 A 41,6",1
8322,2,REANIMACION,SI,1
8322,2,PINZAMIENTO,SI,1
8322,2,APEGO_PRECOZ,SI,1
8322,2,LACTANCIA,SI,1
8322,2,APGAR_1,8,1
8322,2,APGAR_1_MENOR,NO,1
8322,2,APGAR_2,9,1
8322,2,APGAR_5_MENOR,NO,1
8423,2,MUERTE_INTRAUTERINA,SI,1
8423,2,SEXO,MASCULINO,1
8423,2,SEMANAS_GESTACION,"32,6",1
8423,2,EDAD_GESTACIONAL_CATEGORIA,MENOR DE 37,1
8423,2,REANIMACION,NO,1
8423,2,PINZAMIENTO,SI,1
8423,2,APEGO_PRECOZ,NO,1
8423,2,LACTANCIA,NO,1
8423,2,APGAR_1,0,1
8423,2,APGAR_1_MENOR,SI,1
8423,2,APGAR_2,0,1
8423,2,APGAR_5_MENOR,SI,1
8685,2,MUERTE_INTRAUTERINA,NO,1
8685,2,SEMANAS_GESTACION,37,1
8685,2,EDAD_GESTACIONAL_CATEGORIA,"37 A 41,6",1
8685,2,REANIMACION,NO,1
8685,2,PINZAMIENTO,SI,1
8685,2,APEGO_PRECOZ,NO,1
8685,2,LACTANCIA,NO,1
8685,2,APGAR_1,9,1
8685,2,APGAR_1_MENOR,NO,1
8685,2,APGAR_2,9,1
8685,2,APGAR_5_MENOR,NO,1
8928,2,MUERTE_INTRAUTERINA,NO,1
8928,2,SEXO,MASCULINO,1
8928,2,PESO,2471,1
8928,2,TALLA,"46,5 CM",1
8928,2,P_CEFALICO,34,1
8928,2,SEMANAS_GESTACION,"36,1",1
8928,2,EDAD_GESTACIONAL_CATEGORIA,MENOR DE 37,1
8928,2,REANIMACION,SI,1
8928,2,PINZAMIENTO,NO,1
8928,2,APEGO_PRECOZ,NO,1
8928,2,LACTANCIA,NO,1
8928,2,APGAR_1,9,1
8928,2,APGAR_1_MENOR,NO,1
8928,2,APGAR_2,9,1
8928,2,APGAR_5_MENOR,NO,1
9019,2,MUERTE_INTRAUTERINA,NO,1
9019,2,SEXO,FEMENINO,1
9019,2,PESO,2800,1
9019,2,TALLA,49 CM,1
9019,2,P_CEFALICO,"34,6",1
9019,2,SEMANAS_GESTACION,"37,6",1
9019,2,EDAD_GESTACIONAL_CATEGORIA,"37 A 41,6",1
9019,2,REANIMACION,NO,1
9019,2,PINZAMIENTO,SI,1
9019,2,APEGO_PRECOZ,SI,1
9019,2,LACTANCIA,SI,1
9019,2,APGAR_1,9,1
9019,2,APGAR_1_MENOR,NO,1
9019,2,APGAR_2,9,1
9019,2,APGAR_5_MENOR,NO,1
9062,2,MUERTE_INTRAUTERINA,NO,1
9062,2,SEXO,MASCULINO,1
9062,2,PESO,2405,1
9062,2,TALLA,0,1
9062,2,P_CEFALICO,0,1
9062,2,SEMANAS_GESTACION,36,1
9062,2,EDAD_GESTACIONAL_CATEGORIA,MENOR DE 37,1
9062,2,REANIMACION,NO,1
9062,2,PINZAMIENTO,SI,1
9062,2,APEGO_PRECOZ,SI,1
9062,2,LACTANCIA,SI,1
9062,2,APGAR_1,9,1
9062,2,APGAR_1_MENOR,NO,1
9062,2,APGAR_2,9,1
9062,2,APGAR_5_MENOR,NO,1
9160,4,MUERTE_INTRAUTERINA,NO,1
9160,4,SEXO,MASCULINO,1
9160,4,PESO,3460,1
9160,4,TALLA,50 CM,1
9160,4,P_CEFALICO,"36,1",1
9160,4,SEMANAS_GESTACION,"39,6",1
9160,4,EDAD_GESTACIONAL_CATEGORIA,"37 A 41,6",1
9160,4,REANIMACION,NO,1
9160,4,PINZAMIENTO,SI,1
9160,4,APEGO_PRECOZ,SI,1
9160,4,LACTANCIA,SI,1
9160,4,APGAR_1,9,1
9160,4,APGAR_1_MENOR,NO,1
9160,4,APGAR_2,9,1
9160,4,APGAR_5_MENOR,NO,1
9448,2,MUERTE_INTRAUTERINA,NO,1
9448,2,SEXO,FEMENINO,1
9448,2,PESO,2450,1
9448,2,TALLA,45 CM,1
9448,2,P_CEFALICO,0,1
9448,2,SEMANAS_GESTACION,36,1
9448,2,EDAD_GESTACIONAL_CATEGORIA,MENOR DE 37,1
9448,2,REANIMACION,NO,1
9448,2,PINZAMIENTO,SI,1
9448,2,APEGO_PRECOZ,SI,1
9448,2,LACTANCIA,SI,1
9448,2,APGAR_1,9,1
9448,2,APGAR_1_MENOR,NO,1
9448,2,APGAR_2,9,1
9448,2,APGAR_5_MENOR,NO,1
9985,2,MUERTE_INTRAUTERINA,NO,1
9985,2,SEXO,FEMENINO,1
9985,2,PESO,2725,1
9985,2,TALLA,47 CM,1
9985,2,P_CEFALICO,"33,6",1
9985,2,SEMANAS_GESTACION,36,1
9985,2,EDAD_GESTACIONAL_CATEGORIA,MENOR DE 37,1
9985,2,REANIMACION,SI,1
9985,2,PINZAMIENTO,NO,1
9985,2,APEGO_PRECOZ,NO,1
9985,2,LACTANCIA,NO,1
9985,2,APGAR_1,9,1
9985,2,APGAR_1_MENOR,NO,1
9985,2,APGAR_2,9,1
9985,2,APGAR_5_MENOR,NO,1
10513,2,MUERTE_INTRAUTERINA,NO,1
10513,2,SEXO,MASCULINO,1
10513,2,PESO,0,1
10513,2,TALLA,45 CM,1
10513,2,P_CEFALICO,"36,8",1
10513,2,SEMANAS_GESTACION,"36,5",1
10513,2,EDAD_GESTACIONAL_CATEGORIA,MENOR DE 37,1
10513,2,REANIMACION,NO,1
10513,2,PINZAMIENTO,SI,1
10513,2,APEGO_PRECOZ,SI,1
10513,2,LACTANCIA,SI,1
10513,2,APGAR_1,8,1
10513,2,APGAR_1_MENOR,NO,1
10513,2,APGAR_2,9,1
10513,2,APGAR_5_MENOR,NO,1
10743,2,MUERTE_INTRAUTERINA,NO,1
10743,2,SEXO,FEMENINO,1
10743,2,PESO,2055,1
10743,2,TALLA,"42,5 CM",1
10743,2,P_CEFALICO,29,1
10743,2,SEMANAS_GESTACION,"34,1",1
10743,2,EDAD_GESTACIONAL_CATEGORIA,MENOR DE 37,1
10743,2,REANIMACION,SI,1
10743,2,PINZAMIENTO,SI,1
10743,2,APEGO_PRECOZ,NO,1
10743,2,LACTANCIA,NO,1
10743,2,APGAR_1,9,1
10743,2,APGAR_1_MENOR,NO,1
10743,2,APGAR_2,9,1
10743,2,APGAR_5_MENOR,NO,1
10895,2,MUERTE_INTRAUTERINA,NO,1
10895,2,SEXO,FEMENINO,1
10895,2,PESO,2004,1
10895,2,TALLA,"43,5 CM",1
10895,2,P_CEFALICO,"31,5",1
10895,2,SEMANAS_GESTACION,"36,1",1
10895,2,EDAD_GESTACIONAL_CATEGORIA,MENOR DE 37,1
10895,2,REANIMACION,NO,1
10895,2,PINZAMIENTO,SI,1
10895,2,APEGO_PRECOZ,NO,1
10895,2,LACTANCIA,SI,1
10895,2,APGAR_1,9,1
10895,2,APGAR_1_MENOR,NO,1
10895,2,APGAR_2,9,1
10895,2,APGAR_5_MENOR,NO,1
10924,2,MUERTE_INTRAUTERINA,NO,1
10924,2,SEXO,FEMENINO,1
10924,2,PESO,2610,1
10924,2,TALLA,47 CM,1
10924,2,P_CEFALICO,"33,7",1
10924,2,SEMANAS_GESTACION,"38,3",1
10924,2,EDAD_GESTACIONAL_CATEGORIA,"37 A 41,6",1
10924,2,REANIMACION,NO,1
10924,2,PINZAMIENTO,SI,1
10924,2,APEGO_PRECOZ,SI,1
10924,2,LACTANCIA,SI,1
10924,2,APGAR_1,9,1
10924,2,APGAR_1_MENOR,NO,1
10924,2,APGAR_2,9,1
10924,2,APGAR_5_MENOR,NO,1
11493,2,MUERTE_INTRAUTERINA,NO,1
11493,2,SEXO,MASCULINO,1
11493,2,PESO,1760,1
11493,2,TALLA,"43,5 CM",1
11493,2,P_CEFALICO,"31,3",1
11493,2,SEMANAS_GESTACION,"34,5",1
11493,2,EDAD_GESTACIONAL_CATEGORIA,MENOR DE 37,1
11493,2,REANIMACION,SI,1
11493,2,PINZAMIENTO,SI,1
11493,2,APEGO_PRECOZ,NO,1
11493,2,LACTANCIA,NO,1
11493,2,APGAR_1,9,1
11493,2,APGAR_1_MENOR,NO,1
11493,2,APGAR_2,9,1
11493,2,APGAR_5_MENOR,NO,1
11495,2,MUERTE_INTRAUTERINA,NO,1
11495,2,SEXO,FEMENINO,1
11495,2,PESO,2525,1
11495,2,TALLA,"46,5 CM",1
11495,2,P_CEFALICO,"33,6",1
11495,2,SEMANAS_GESTACION,"38,1",1
11495,2,EDAD_GESTACIONAL_CATEGORIA,"37 A 41,6",1
11495,2,REANIMACION,NO,1
11495,2,PINZAMIENTO,SI,1
11495,2,APEGO_PRECOZ,SI,1
11495,2,LACTANCIA,SI,1
11495,2,APGAR_1,8,1
11495,2,APGAR_1_MENOR,NO,1
11495,2,APGAR_2,9,1
11495,2,APGAR_5_MENOR,NO,1
12033,2,MUERTE_INTRAUTERINA,NO,1
12033,2,SEXO,MASCULINO,1
12033,2,PESO,2920,1
12033,2,TALLA,"48,5 CM",1
12033,2,P_CEFALICO,"34,5",1
12033,2,SEMANAS_GESTACION,"37,2",1
12033,2,EDAD_GESTACIONAL_CATEGORIA,"37 A 41,6",1
12033,2,REANIMACION,SI,1
12033,2,PINZAMIENTO,SI,1
12033,2,APEGO_PRECOZ,NO,1
12033,2,LACTANCIA,NO,1
12033,2,APGAR_1,9,1
12033,2,APGAR_1_MENOR,NO,1
12033,2,APGAR_2,9,1
12033,2,APGAR_5_MENOR,NO,1
12504,2,MUERTE_INTRAUTERINA,NO,1
12504,2,SEXO,MASCULINO,1
12504,2,PESO,2245,1
12504,2,TALLA,"46,5 CM",1
12504,2,P_CEFALICO,32,1
12504,2,SEMANAS_GESTACION,"35,6",1
12504,2,EDAD_GESTACIONAL_CATEGORIA,MENOR DE 37,1
12504,2,REANIMACION,SI,1
12504,2,PINZAMIENTO,SI,1
12504,2,APEGO_PRECOZ,SI,1
12504,2,LACTANCIA,SI,1
12558,2,MUERTE_INTRAUTERINA,NO,1
12558,2,PESO,1830,1
12558,2,TALLA,45 CM,1
12558,2,P_CEFALICO,"32,3",1
12558,2,SEMANAS_GESTACION,"35,3",1
12558,2,EDAD_GESTACIONAL_CATEGORIA,MENOR DE 37,1
12558,2,REANIMACION,NO,1
12558,2,PINZAMIENTO,SI,1
12558,2,APEGO_PRECOZ,NO,1
12558,2,LACTANCIA,NO,1
12924,2,MUERTE_INTRAUTERINA,NO,1
12924,2,SEXO,FEMENINO,1
12924,2,PESO,2185,1
12924,2,TALLA,42 CM,1
12924,2,P_CEFALICO,"31,1",1
12924,2,SEMANAS_GESTACION,"36,3",1
12924,2,EDAD_GESTACIONAL_CATEGORIA,MENOR DE 37,1
12924,2,REANIMACION,NO,1
12924,2,PINZAMIENTO,SI,1
12924,2,APEGO_PRECOZ,SI,1
12924,2,LACTANCIA,SI,1
13068,2,MUERTE_INTRAUTERINA,NO,1
13068,2,SEXO,FEMENINO,1
13068,2,PESO,2180,1
13068,2,TALLA,43 CM,1
13068,2,P_CEFALICO,"32,2",1
13068,2,SEMANAS_GESTACION,"35,1",1
13068,2,EDAD_GESTACIONAL_CATEGORIA,MENOR DE 37,1
13068,2,REANIMACION,SI,1
13068,2,PINZAMIENTO,SI,1
13068,2,APEGO_PRECOZ,NO,1
13068,2,LACTANCIA,NO,1
13456,2,MUERTE_INTRAUTERINA,NO,1
13456,2,PESO,2350,1
13456,2,TALLA,"45,5 CM",1
13456,2,P_CEFALICO,0,1
13456,2,SEMANAS_GESTACION,"37,4",1
13456,2,EDAD_GESTACIONAL_CATEGORIA,"37 A 41,6",1
13456,2,REANIMACION,NO,1
13456,2,PINZAMIENTO,SI,1
13456,2,APEGO_PRECOZ,SI,1
13456,2,LACTANCIA,SI,1
13973,2,MUERTE_INTRAUTERINA,NO,1
13973,2,SEXO,FEMENINO,1
13973,2,PESO,1945,1
13973,2,TALLA,42 CM,1
13973,2,P_CEFALICO,29,1
13973,2,SEMANAS_GESTACION,36,1
13973,2,EDAD_GESTACIONAL_CATEGORIA,MENOR DE 37,1
13973,2,REANIMACION,SI,1
13973,2,PINZAMIENTO,SI,1
13973,2,APEGO_PRECOZ,SI,1
13973,2,LACTANCIA,NO,1
14067,2,MUERTE_INTRAUTERINA,NO,1
14067,2,SEXO,FEMENINO,1
14067,2,TALLA,47 CM,1
14067,2,P_CEFALICO,33,1
14067,2,SEMANAS_GESTACION,"37,4",1
14067,2,EDAD_GESTACIONAL_CATEGORIA,"37 A 41,6",1
14067,2,REANIMACION,SI,1
14067,2,PINZAMIENTO,SI,1
14067,2,APEGO_PRECOZ,SI,1
14067,2,LACTANCIA,NO,1
14225,2,MUERTE_INTRAUTERINA,NO,1
14225,2,TALLA,"45,5 CM",1
14225,2,P_CEFALICO,"32,2",1
14225,2,SEMANAS_GESTACION,"35,5",1
14225,2,EDAD_GESTACIONAL_CATEGORIA,MENOR DE 37,1
14225,2,REANIMACION,NO,1
14225,2,PINZAMIENTO,SI,1
14225,2,APEGO_PRECOZ,SI,1
14225,2,LACTANCIA,SI,1
15037,2,MUERTE_INTRAUTERINA,NO,1
15037,2,SEXO,FEMENINO,1
15037,2,TALLA,43 CM,1
15037,2,P_CEFALICO,"31,3",1
15037,2,SEMANAS_GESTACION,"32,4",1
15037,2,EDAD_GESTACIONAL_CATEGORIA,MENOR DE 37,1
15037,2,REANIMACION,SI,1
15037,2,PINZAMIENTO,SI,1
15037,2,APEGO_PRECOZ,NO,1
15037,2,LACTANCIA,NO,1
15485,2,MUERTE_INTRAUTERINA,NO,1
15485,2,SEXO,MASCULINO,1
15485,2,TALLA,46 CM,1
15485,2,P_CEFALICO,33,1
15485,2,SEMANAS_GESTACION,39,1
15485,2,EDAD_GESTACIONAL_CATEGORIA,"37 A 41,6",1
15485,2,REANIMACION,SI,1
15485,2,PINZAMIENTO,SI,1
15485,2,APEGO_PRECOZ,SI,1
15485,2,LACTANCIA,SI,1
15488,2,MUERTE_INTRAUTERINA,NO,1
15488,2,SEXO,FEMENINO,1
15488,2,TALLA,44 CM,1
15488,2,P_CEFALICO,29,1
15488,2,SEMANAS_GESTACION,35,1
15488,2,EDAD_GESTACIONAL_CATEGORIA,MENOR DE 37,1
15488,2,REANIMACION,NO,1
15488,2,PINZAMIENTO,SI,1
15488,2,APEGO_PRECOZ,NO,1
15488,2,LACTANCIA,NO,1
15610,2,MUERTE_INTRAUTERINA,NO,1
15610,2,TALLA,42 CM,1
15610,2,P_CEFALICO,"31,5",1
15610,2,SEMANAS_GESTACION,36,1
15610,2,EDAD_GESTACIONAL_CATEGORIA,MENOR DE 37,1
15610,2,REANIMACION,NO,1
15610,2,PINZAMIENTO,SI,1
15610,2,APEGO_PRECOZ,NO,1
15610,2,LACTANCIA,NO,1
15616,2,MUERTE_INTRAUTERINA,NO,1
15616,2,SEXO,FEMENINO,1
15616,2,TALLA,47 CM,1
15616,2,P_CEFALICO,32,1
15616,2,SEMANAS_GESTACION,37,1
15616,2,EDAD_GESTACIONAL_CATEGORIA,"37 A 41,6",1
15616,2,REANIMACION,NO,1
15616,2,PINZAMIENTO,SI,1
15616,2,APEGO_PRECOZ,SI,1
15616,2,LACTANCIA,SI,1
15865,2,MUERTE_INTRAUTERINA,NO,1
15865,2,SEXO,MASCULINO,1
15865,2,SEMANAS_GESTACION,"34,6",1
15865,2,EDAD_GESTACIONAL_CATEGORIA,MENOR DE 37,1
15865,2,REANIMACION,NO,1
15865,2,PINZAMIENTO,SI,1
15865,2,APEGO_PRECOZ,SI,1
15865,2,LACTANCIA,SI,1
15941,2,MUERTE_INTRAUTERINA,NO,1
15941,2,SEXO,FEMENINO,1
15941,2,SEMANAS_GESTACION,"41,4",1
15941,2,EDAD_GESTACIONAL_CATEGORIA,"37 A 41,6",1
15941,2,REANIMACION,NO,1
15941,2,PINZAMIENTO,SI,1
15941,2,APEGO_PRECOZ,SI,1
15941,2,LACTANCIA,SI,1
16077,2,MUERTE_INTRAUTERINA,NO,1
16077,2,SEXO,MASCULINO,1
16077,2,TALLA,36 CM,1
16077,2,P_CEFALICO,27,1
16077,2,SEMANAS_GESTACION,"27,5",1
16077,2,EDAD_GESTACIONAL_CATEGORIA,MENOR DE 37,1
16077,2,REANIMACION,SI,1
16077,2,PINZAMIENTO,SI,1
16077,2,APEGO_PRECOZ,NO,1
16077,2,LACTANCIA,NO,1
16077,2,APGAR_1,7,1
16077,2,APGAR_1_MENOR,NO,1
16077,2,APGAR_2,9,1
16077,2,APGAR_5_MENOR,NO,1
16092,2,MUERTE_INTRAUTERINA,NO,1
16092,2,TALLA,"43,5 CM",1
16092,2,P_CEFALICO,"32,8",1
16092,2,SEMANAS_GESTACION,"35,2",1
16092,2,EDAD_GESTACIONAL_CATEGORIA,MENOR DE 37,1
16092,2,REANIMACION,NO,1
16092,2,PINZAMIENTO,SI,1
16092,2,APEGO_PRECOZ,NO,1
16092,2,LACTANCIA,NO,1
16092,2,APGAR_1,9,1
16092,2,APGAR_1_MENOR,NO,1
16092,2,APGAR_2,9,1
16092,2,APGAR_5_MENOR,NO,1
17053,2,MUERTE_INTRAUTERINA,NO,1
17053,2,SEXO,MASCULINO,1
17053,2,PESO,2535,1
17053,2,TALLA,47 CM,1
17053,2,P_CEFALICO,"33,5",1
17053,2,SEMANAS_GESTACION,36,1
17053,2,EDAD_GESTACIONAL_CATEGORIA,MENOR DE 37,1
17053,2,REANIMACION,SI,1
17053,2,PINZAMIENTO,NO,1
17053,2,APEGO_PRECOZ,NO,1
17053,2,LACTANCIA,NO,1
17053,2,APGAR_1,6,1
17053,2,APGAR_1_MENOR,SI,1
17053,2,APGAR_2,9,1
17053,2,APGAR_5_MENOR,NO,1
17113,2,MUERTE_INTRAUTERINA,NO,1
17113,2,SEXO,MASCULINO,1
17113,2,SEMANAS_GESTACION,35,1
17113,2,EDAD_GESTACIONAL_CATEGORIA,MENOR DE 37,1
17113,2,REANIMACION,NO,1
17113,2,PINZAMIENTO,SI,1
17113,2,APEGO_PRECOZ,SI,1
17113,2,LACTANCIA,SI,1
17113,2,APGAR_1,8,1
17113,2,APGAR_1_MENOR,NO,1
17113,2,APGAR_2,9,1
17113,2,APGAR_5_MENOR,NO,1
17205,2,MUERTE_INTRAUTERINA,NO,1
17205,2,SEXO,FEMENINO,1
17205,2,SEMANAS_GESTACION,36,1
17205,2,EDAD_GESTACIONAL_CATEGORIA,MENOR DE 37,1
17205,2,REANIMACION,NO,1
17205,2,PINZAMIENTO,SI,1
17205,2,APEGO_PRECOZ,SI,1
17205,2,LACTANCIA,SI,1
17205,2,APGAR_1,9,1
17205,2,APGAR_1_MENOR,NO,1
17205,2,APGAR_2,9,1
17205,2,APGAR_5_MENOR,NO,1
17636,2,MUERTE_INTRAUTERINA,NO,1
17636,2,SEMANAS_GESTACION,36,1
17636,2,EDAD_GESTACIONAL_CATEGORIA,MENOR DE 37,1
17636,2,REANIMACION,NO,1
17636,2,PINZAMIENTO,SI,1
17636,2,APEGO_PRECOZ,SI,1
17636,2,LACTANCIA,SI,1
17636,2,APGAR_1,9,1
17636,2,APGAR_1_MENOR,NO,1
17636,2,APGAR_2,9,1
17636,2,APGAR_5_MENOR,NO,1
17646,2,MUERTE_INTRAUTERINA,NO,1
17646,2,SEMANAS_GESTACION,"36,6",1
17646,2,EDAD_GESTACIONAL_CATEGORIA,MENOR DE 37,1
17646,2,REANIMACION,NO,1
17646,2,PINZAMIENTO,SI,1
17646,2,APEGO_PRECOZ,NO,1
17646,2,LACTANCIA,NO,1
17646,2,APGAR_1,9,1
17646,2,APGAR_1_MENOR,NO,1
17646,2,APGAR_2,9,1
17646,2,APGAR_5_MENOR,NO,1
17929,2,MUERTE_INTRAUTERINA,NO,1
17929,2,SEMANAS_GESTACION,"34,1",1
17929,2,EDAD_GESTACIONAL_CATEGORIA,MENOR DE 37,1
17929,2,REANIMACION,SI,1
17929,2,PINZAMIENTO,SI,1
17929,2,APEGO_PRECOZ,NO,1
17929,2,LACTANCIA,NO,1
17929,2,APGAR_1,8,1
17929,2,APGAR_1_MENOR,NO,1
17929,2,APGAR_2,9,1
17929,2,APGAR_5_MENOR,NO,1
18062,2,MUERTE_INTRAUTERINA,SI,1
18062,2,SEXO,FEMENINO,1
18062,2,TALLA,34 CM,1
18062,2,P_CEFALICO,32,1
18062,2,SEMANAS_GESTACION,"28,5",1
18062,2,EDAD_GESTACIONAL_CATEGORIA,MENOR DE 37,1
18062,2,REANIMACION,NO,1
18062,2,PINZAMIENTO,NO,1
18062,2,APGAR_1,0,1
18062,2,APGAR_1_MENOR,SI,1
18062,2,APGAR_2,0,1
18062,2,APGAR_5_MENOR,SI,1
18110,2,MUERTE_INTRAUTERINA,NO,1
18110,2,SEXO,FEMENINO,1
18110,2,TALLA,"43,5 CM",1
18110,2,P_CEFALICO,"31,9",1
18110,2,SEMANAS_GESTACION,"36,3",1
18110,2,EDAD_GESTACIONAL_CATEGORIA,MENOR DE 37,1
18110,2,REANIMACION,NO,1
18110,2,PINZAMIENTO,SI,1
18110,2,APEGO_PRECOZ,SI,1
18110,2,LACTANCIA,SI,1
18110,2,APGAR_1,8,1
18110,2,APGAR_1_MENOR,NO,1
18110,2,APGAR_2,9,1
18110,2,APGAR_5_MENOR,NO,1
19051,2,MUERTE_INTRAUTERINA,SI,1
19051,2,SEXO,FEMENINO,1
19051,2,P_CEFALICO,"32,8",1
19051,2,SEMANAS_GESTACION,34,1
19051,2,EDAD_GESTACIONAL_CATEGORIA,MENOR DE 37,1
19051,2,REANIMACION,SI,1
19051,2,PINZAMIENTO,SI,1
19051,2,APEGO_PRECOZ,NO,1
19051,2,LACTANCIA,NO,1
19051,2,APGAR_1,0,1
19051,2,APGAR_1_MENOR,SI,1
19051,2,APGAR_2,0,1
19051,2,APGAR_5_MENOR,SI,1
19388,2,MUERTE_INTRAUTERINA,NO,1
19388,2,SEXO,MASCULINO,1
19388,2,P_CEFALICO,"31,6",1
19388,2,SEMANAS_GESTACION,"34,4",1
19388,2,EDAD_GESTACIONAL_CATEGORIA,MENOR DE 37,1
19388,2,REANIMACION,NO,1
19388,2,PINZAMIENTO,NO,1
19388,2,APEGO_PRECOZ,NO,1
19388,2,LACTANCIA,NO,1
19388,2,APGAR_1,8,1
19388,2,APGAR_1_MENOR,NO,1
19388,2,APGAR_2,9,1
19388,2,APGAR_5_MENOR,NO,1
20017,2,MUERTE_INTRAUTERINA,NO,1
20017,2,SEXO,FEMENINO,1
20017,2,TALLA,48 CM,1
20017,2,P_CEFALICO,33,1
20017,2,SEMANAS_GESTACION,"38,1",1
20017,2,EDAD_GESTACIONAL_CATEGORIA,"37 A 41,6",1
20017,2,REANIMACION,NO,1
20017,2,PINZAMIENTO,SI,1
20017,2,APEGO_PRECOZ,SI,1
20017,2,LACTANCIA,SI,1
20017,2,APGAR_1,9,1
20017,2,APGAR_1_MENOR,NO,1
20017,2,APGAR_2,9,1
20017,2,APGAR_5_MENOR,NO,1
20462,2,MUERTE_INTRAUTERINA,NO,1
20462,2,SEXO,MASCULINO,1
20462,2,TALLA,43 CM,1
20462,2,P_CEFALICO,32,1
20462,2,SEMANAS_GESTACION,"36,2",1
20462,2,EDAD_GESTACIONAL_CATEGORIA,MENOR DE 37,1
20462,2,REANIMACION,NO,1
20462,2,PINZAMIENTO,SI,1
20462,2,APEGO_PRECOZ,SI,1
20462,2,LACTANCIA,SI,1
20462,2,APGAR_1,9,1
20462,2,APGAR_1_MENOR,NO,1
20462,2,APGAR_2,9,1
20462,2,APGAR_5_MENOR,NO,1
20766,2,MUERTE_INTRAUTERINA,NO,1
20766,2,SEXO,MASCULINO,1
20766,2,PESO,2465,1
20766,2,TALLA,47 CM,1
20766,2,P_CEFALICO,33,1
20766,2,SEMANAS_GESTACION,39,1
20766,2,EDAD_GESTACIONAL_CATEGORIA,"37 A 41,6",1
20766,2,REANIMACION,NO,1
20766,2,PINZAMIENTO,SI,1
20766,2,APEGO_PRECOZ,SI,1
20766,2,LACTANCIA,SI,1
20766,2,APGAR_1,9,1
20766,2,APGAR_1_MENOR,NO,1
20766,2,APGAR_2,9,1
20766,2,APGAR_5_MENOR,NO,1
21069,2,MUERTE_INTRAUTERINA,NO,1
21069,2,SEXO,FEMENINO,1
21069,2,TALLA,"47,5 CM",1
21069,2,P_CEFALICO,"32,5",1
21069,2,SEMANAS_GESTACION,"38,3",1
21069,2,EDAD_GESTACIONAL_CATEGORIA,"37 A 41,6",1
21069,2,REANIMACION,NO,1
21069,2,PINZAMIENTO,SI,1
21069,2,APEGO_PRECOZ,SI,1
21069,2,LACTANCIA,SI,1
21069,2,APGAR_1,9,1
21069,2,APGAR_1_MENOR,NO,1
21069,2,APGAR_2,9,1
21069,2,APGAR_5_MENOR,NO,1
21191,2,MUERTE_INTRAUTERINA,NO,1
21191,2,SEXO,MASCULINO,1
21191,2,TALLA,"46,5 CM",1
21191,2,P_CEFALICO,"31,7",1
21191,2,SEMANAS_GESTACION,"36,5",1
21191,2,EDAD_GESTACIONAL_CATEGORIA,MENOR DE 37,1
21191,2,REANIMACION,NO,1
21191,2,PINZAMIENTO,SI,1
21191,2,APEGO_PRECOZ,SI,1
21191,2,LACTANCIA,SI,1
21191,2,APGAR_1,9,1
21191,2,APGAR_1_MENOR,NO,1
21191,2,APGAR_2,9,1
21191,2,APGAR_5_MENOR,NO,1
21381,2,MUERTE_INTRAUTERINA,SI,1
21381,2,SEXO,FEMENINO,1
21381,2,SEMANAS_GESTACION,"35,6",1
21381,2,EDAD_GESTACIONAL_CATEGORIA,MENOR DE 37,1
21381,2,REANIMACION,NO,1
21381,2,PINZAMIENTO,SI,1
21381,2,APEGO_PRECOZ,NO,1
21381,2,LACTANCIA,NO,1
21381,2,APGAR_1,0,1
21381,2,APGAR_1_MENOR,SI,1
21381,2,APGAR_2,0,1
21381,2,APGAR_5_MENOR,SI,1
22121,2,MUERTE_INTRAUTERINA,NO,1
22121,2,SEXO,FEMENINO,1
22121,2,SEMANAS_GESTACION,"35,5",1
22121,2,EDAD_GESTACIONAL_CATEGORIA,MENOR DE 37,1
22121,2,REANIMACION,NO,1
22121,2,PINZAMIENTO,SI,1
22121,2,APEGO_PRECOZ,SI,1
22121,2,LACTANCIA,SI,1
22121,2,APGAR_1,8,1
22121,2,APGAR_1_MENOR,NO,1
22121,2,APGAR_2,9,1
22121,2,APGAR_5_MENOR,NO,1
22357,2,MUERTE_INTRAUTERINA,NO,1
22357,2,SEXO,MASCULINO,1
22357,2,TALLA,"46,5 CM",1
22357,2,P_CEFALICO,"34,5",1
22357,2,SEMANAS_GESTACION,36,1
22357,2,EDAD_GESTACIONAL_CATEGORIA,MENOR DE 37,1
22357,2,REANIMACION,NO,1
22357,2,PINZAMIENTO,SI,1
22357,2,APEGO_PRECOZ,SI,1
22357,2,LACTANCIA,SI,1
22357,2,APGAR_1,9,1
22357,2,APGAR_1_MENOR,NO,1
22357,2,APGAR_2,9,1
22357,2,APGAR_5_MENOR,NO,1
22364,2,MUERTE_INTRAUTERINA,NO,1
22364,2,SEXO,MASCULINO,1
22364,2,TALLA,"45,5 CM",1
22364,2,SEMANAS_GESTACION,"35,3",1
22364,2,EDAD_GESTACIONAL_CATEGORIA,MENOR DE 37,1
22364,2,REANIMACION,NO,1
22364,2,PINZAMIENTO,SI,1
22364,2,APEGO_PRECOZ,NO,1
22364,2,LACTANCIA,NO,1
22364,2,APGAR_1,8,1
22364,2,APGAR_1_MENOR,NO,1
22364,2,APGAR_2,9,1
22364,2,APGAR_5_MENOR,NO,1
22777,2,MUERTE_INTRAUTERINA,NO,1
22777,2,TALLA,40 CM,1
22777,2,P_CEFALICO,"32,5",1
22777,2,SEMANAS_GESTACION,"34,6",1
22777,2,EDAD_GESTACIONAL_CATEGORIA,MENOR DE 37,1
22777,2,REANIMACION,NO,1
22777,2,PINZAMIENTO,SI,1
22777,2,APEGO_PRECOZ,SI,1
22777,2,LACTANCIA,SI,1
22777,2,APGAR_1,8,1
22777,2,APGAR_1_MENOR,NO,1
22777,2,APGAR_2,9,1
22777,2,APGAR_5_MENOR,NO,1
22847,2,MUERTE_INTRAUTERINA,NO,1
22847,2,SEXO,FEMENINO,1
22847,2,TALLA,43 CM,1
22847,2,SEMANAS_GESTACION,"33,1",1
22847,2,EDAD_GESTACIONAL_CATEGORIA,MENOR DE 37,1
22847,2,REANIMACION,NO,1
22847,2,PINZAMIENTO,SI,1
22847,2,APEGO_PRECOZ,SI,1
22847,2,LACTANCIA,SI,1
22847,2,APGAR_1,9,1
22847,2,APGAR_1_MENOR,NO,1
22847,2,APGAR_2,9,1
22847,2,APGAR_5_MENOR,NO,1
22888,2,MUERTE_INTRAUTERINA,NO,1
22888,2,TALLA,44 CM,1
22888,2,P_CEFALICO,0,1
22888,2,SEMANAS_GESTACION,36,1
22888,2,EDAD_GESTACIONAL_CATEGORIA,MENOR DE 37,1
22888,2,REANIMACION,NO,1
22888,2,PINZAMIENTO,SI,1
22888,2,APEGO_PRECOZ,SI,1
22888,2,LACTANCIA,SI,1
22888,2,APGAR_1,5,1
22888,2,APGAR_1_MENOR,SI,1
22888,2,APGAR_2,7,1
22888,2,APGAR_5_MENOR,NO,1
23017,2,MUERTE_INTRAUTERINA,NO,1
23017,2,TALLA,46 CM,1
23017,2,P_CEFALICO,32,1
23017,2,SEMANAS_GESTACION,"35,4",1
23017,2,EDAD_GESTACIONAL_CATEGORIA,MENOR DE 37,1
23017,2,REANIMACION,NO,1
23017,2,PINZAMIENTO,SI,1
23017,2,APEGO_PRECOZ,SI,1
23017,2,LACTANCIA,SI,1
23017,2,APGAR_1,9,1
23017,2,APGAR_1_MENOR,NO,1
23017,2,APGAR_2,9,1
23017,2,APGAR_5_MENOR,NO,1
23469,2,MUERTE_INTRAUTERINA,NO,1
23469,2,SEXO,MASCULINO,1
23469,2,SEMANAS_GESTACION,"34,2",1
23469,2,EDAD_GESTACIONAL_CATEGORIA,MENOR DE 37,1
23469,2,REANIMACION,SI,1
23469,2,PINZAMIENTO,SI,1
23469,2,APEGO_PRECOZ,NO,1
23469,2,LACTANCIA,NO,1
23469,2,APGAR_1,7,1
23469,2,APGAR_1_MENOR,NO,1
23469,2,APGAR_2,9,1
23469,2,APGAR_5_MENOR,NO,1
23596,2,MUERTE_INTRAUTERINA,NO,1
23596,2,SEXO,MASCULINO,1
23596,2,TALLA,47 CM,1
23596,2,P_CEFALICO,"33,1",1
23596,2,SEMANAS_GESTACION,"35,1",1
23596,2,EDAD_GESTACIONAL_CATEGORIA,MENOR DE 37,1
23596,2,REANIMACION,NO,1
23596,2,PINZAMIENTO,SI,1
23596,2,APEGO_PRECOZ,SI,1
23596,2,LACTANCIA,SI,1
23596,2,APGAR_1,7,1
23596,2,APGAR_1_MENOR,NO,1
23596,2,APGAR_2,8,1
23596,2,APGAR_5_MENOR,NO,1
