ID_REGISTRO,TIPO_EMBARAZO,NUM_FETOS_ESPERADOS,VARIABLE,VALOR_ORIGINAL,NUM_COMPONENTES,MOTIVO
123,DOBLE,2,MUERTE_INTRAUTERINA,NO,1,VARIABLE FETAL NO DESAGREGADA CORRECTAMENTE
123,DOBLE,2,SEXO,FEMENINO,1,VARIABLE FETAL NO DESAGREGADA CORRECTAMENTE
123,DOBLE,2,TALLA,41 CM,1,VARIABLE FETAL NO DESAGREGADA CORRECTAMENTE
123,DOBLE,2,P_CEFALICO,32,1,VARIABLE FETAL NO DESAGREGADA CORRECTAMENTE
123,DOBLE,2,REANIMACION,NO,1,VARIABLE FETAL NO DESAGREGADA CORRECTAMENTE
123,DOBLE,2,PINZAMIENTO,SI,1,VARIABLE FETAL NO DESAGREGADA CORRECTAMENTE
123,DOBLE,2,APEGO_PRECOZ,NO,1,VARIABLE FETAL NO DESAGREGADA CORRECTAMENTE
123,DOBLE,2,LACTANCIA,NO,1,VARIABLE FETAL NO DESAGREGADA CORRECTAMENTE
123,DOBLE,2,APGAR_1,5,1,VARIABLE FETAL NO DESAGREGADA CORRECTAMENTE
123,DOBLE,2,APGAR_1_MENOR,SI,1,VARIABLE FETAL NO DESAGREGADA CORRECTAMENTE
123,DOBLE,2,APGAR_2,8,1,VARIABLE FETAL NO DESAGREGADA CORRECTAMENTE
123,DOBLE,2,APGAR_5_MENOR,NO,1,VARIABLE FETAL NO DESAGREGADA CORRECTAMENTE
169,CUÁDRUPLE,4,MUERTE_INTRAUTERINA,NO,1,VARIABLE FETAL NO DESAGREGADA CORRECTAMENTE
169,CUÁDRUPLE,4,SEXO,MASCULINO,1,VARIABLE FETAL NO DESAGREGADA CORRECTAMENTE
169,CUÁDRUPLE,4,PESO,3440,1,VARIABLE FETAL NO DESAGREGADA CORRECTAMENTE
169,CUÁDRUPLE,4,TALLA,50 CM,1,VARIABLE FETAL NO DESAGREGADA CORRECTAMENTE
169,CUÁDRUPLE,4,P_CEFALICO,33,1,VARIABLE FETAL NO DESAGREGADA CORRECTAMENTE
169,CUÁDRUPLE,4,REANIMACION,NO,1,VARIABLE FETAL NO DESAGREGADA CORRECTAMENTE
169,CUÁDRUPLE,4,PINZAMIENTO,SI,1,VARIABLE FETAL NO DESAGREGADA CORRECTAMENTE
169,CUÁDRUPLE,4,APEGO_PRECOZ,SI,1,VARIABLE FETAL NO DESAGREGADA CORRECTAMENTE
169,CUÁDRUPLE,4,LACTANCIA,SI,1,VARIABLE FETAL NO DESAGREGADA CORRECTAMENTE
169,CUÁDRUPLE,4,APGAR_1,7,1,VARIABLE FETAL NO DESAGREGADA CORRECTAMENTE
169,CUÁDRUPLE,4,APGAR_1_MENOR,NO,1,VARIABLE FETAL NO DESAGREGADA CORRECTAMENTE
169,CUÁDRUPLE,4,APGAR_2,8,1,VARIABLE FETAL NO DESAGREGADA CORRECTAMENTE
169,CUÁDRUPLE,4,APGAR_5_MENOR,NO,1,VARIABLE FETAL NO DESAGREGADA CORRECTAMENTE
228,DOBLE,2,MUERTE_INTRAUTERINA,NO,1,VARIABLE FETAL NO DESAGREGADA CORRECTAMENTE
228,DOBLE,2,SEXO,MASCULINO,1,VARIABLE FETAL NO DESAGREGADA CORRECTAMENTE
228,DOBLE,2,PESO,2155,1,VARIABLE FETAL NO DESAGREGADA CORRECTAMENTE
228,DOBLE,2,PESO_AL_NACIMIENTO,NO,1,VARIABLE FETAL NO DESAGREGADA CORRECTAMENTE
228,DOBLE,2,TALLA,45 CM,1,VARIABLE FETAL NO DESAGREGADA CORRECTAMENTE
228,DOBLE,2,P_CEFALICO,31,1,VARIABLE FETAL NO DESAGREGADA CORRECTAMENTE
228,DOBLE,2,REANIMACION,NO,1,VARIABLE FETAL NO DESAGREGADA CORRECTAMENTE
228,DOBLE,2,PINZAMIENTO,SI,1,VARIABLE FETAL NO DESAGREGADA CORRECTAMENTE
228,DOBLE,2,APEGO_PRECOZ,NO,1,VARIABLE FETAL NO DESAGREGADA CORRECTAMENTE
228,DOBLE,2,LACTANCIA,NO,1,VARIABLE FETAL NO DESAGREGADA CORRECTAMENTE
228,DOBLE,2,APGAR_1,8,1,VARIABLE FETAL NO DESAGREGADA CORRECTAMENTE
228,DOBLE,2,APGAR_1_MENOR,NO,1,VARIABLE FETAL NO DESAGREGADA CORRECTAMENTE
228,DOBLE,2,APGAR_2,9,1,VARIABLE FETAL NO DESAGREGADA CORRECTAMENTE
228,DOBLE,2,APGAR_5_MENOR,NO,1,VARIABLE FETAL NO DESAGREGADA CORRECTAMENTE
334,DOBLE,2,MUERTE_INTRAUTERINA,NO,1,VARIABLE FETAL NO DESAGREGADA CORRECTAMENTE
334,DOBLE,2,SEXO,MASCULINO,1,VARIABLE FETAL NO DESAGREGADA CORRECTAMENTE
334,DOBLE,2,PESO,2220,1,VARIABLE FETAL NO DESAGREGADA CORRECTAMENTE
334,DOBLE,2,PESO_AL_NACIMIENTO,NO,1,VARIABLE FETAL NO DESAGREGADA CORRECTAMENTE
334,DOBLE,2,TALLA,45 CM,1,VARIABLE FETAL NO DESAGREGADA CORRECTAMENTE
334,DOBLE,2,P_CEFALICO,32,1,VARIABLE FETAL NO DESAGREGADA CORRECTAMENTE
334,DOBLE,2,REANIMACION,SI,1,VARIABLE FETAL NO DESAGREGADA CORRECTAMENTE
334,DOBLE,2,PINZAMIENTO,SI,1,VARIABLE FETAL NO DESAGREGADA CORRECTAMENTE
334,DOBLE,2,APEGO_PRECOZ,NO,1,VARIABLE FETAL NO DESAGREGADA CORRECTAMENTE
334,DOBLE,2,LACTANCIA,NO,1,VARIABLE FETAL NO DESAGREGADA CORRECTAMENTE
334,DOBLE,2,APGAR_1,8,1,VARIABLE FETAL NO DESAGREGADA CORRECTAMENTE
334,DOBLE,2,APGAR_1_MENOR,NO,1,VARIABLE FETAL NO DESAGREGADA CORRECTAMENTE
334,DOBLE,2,APGAR_2,9,1,VARIABLE FETAL NO DESAGREGADA CORRECTAMENTE
334,DOBLE,2,APGAR_5_MENOR,NO,1,VARIABLE FETAL NO DESAGREGADA CORRECTAMENTE
470,DOBLE,2,MUERTE_INTRAUTERINA,NO,1,VARIABLE FETAL NO DESAGREGADA CORRECTAMENTE
470,DOBLE,2,SEXO,FEMENINO,1,VARIABLE FETAL NO DESAGREGADA CORRECTAMENTE
470,DOBLE,2,PESO,2320,1,VARIABLE FETAL NO DESAGREGADA CORRECTAMENTE
470,DOBLE,2,PESO_AL_NACIMIENTO,NO,1,VARIABLE FETAL NO DESAGREGADA CORRECTAMENTE
470,DOBLE,2,TALLA,45 CM,1,VARIABLE FETAL NO DESAGREGADA CORRECTAMENTE
470,DOBLE,2,P_CEFALICO,32,1,VARIABLE FETAL NO DESAGREGADA CORRECTAMENTE
470,DOBLE,2,REANIMACION,NO,1,VARIABLE FETAL NO DESAGREGADA CORRECTAMENTE
470,DOBLE,2,PINZAMIENTO,SI,1,VARIABLE FETAL NO DESAGREGADA CORRECTAMENTE
470,DOBLE,2,APEGO_PRECOZ,SI,1,VARIABLE FETAL NO DESAGREGADA CORRECTAMENTE
470,DOBLE,2,LACTANCIA,SI,1,VARIABLE FETAL NO DESAGREGADA CORRECTAMENTE
470,DOBLE,2,APGAR_1,8,1,VARIABLE FETAL NO DESAGREGADA CORRECTAMENTE
470,DOBLE,2,APGAR_1_MENOR,NO,1,VARIABLE FETAL NO DESAGREGADA CORRECTAMENTE
470,DOBLE,2,APGAR_2,9,1,VARIABLE FETAL NO DESAGREGADA CORRECTAMENTE
470,DOBLE,2,APGAR_5_MENOR,NO,1,VARIABLE FETAL NO DESAGREGADA CORRECTAMENTE
642,DOBLE,2,MUERTE_INTRAUTERINA,NO,1,VARIABLE FETAL NO DESAGREGADA CORRECTAMENTE
642,DOBLE,2,SEXO,MASCULINO,1,VARIABLE FETAL NO DESAGREGADA CORRECTAMENTE
642,DOBLE,2,PESO,2790,1,VARIABLE FETAL NO DESAGREGADA CORRECTAMENTE
642,DOBLE,2,PESO_AL_NACIMIENTO,NO,1,VARIABLE FETAL NO DESAGREGADA CORRECTAMENTE
642,DOBLE,2,TALLA,"48,5 CM",1,VARIABLE FETAL NO DESAGREGADA CORRECTAMENTE
642,DOBLE,2,P_CEFALICO,35,1,VARIABLE FETAL NO DESAGREGADA CORRECTAMENTE
642,DOBLE,2,REANIMACION,NO,1,VARIABLE FETAL NO DESAGREGADA CORRECTAMENTE
642,DOBLE,2,PINZAMIENTO,SI,1,VARIABLE FETAL NO DESAGREGADA CORRECTAMENTE
642,DOBLE,2,APEGO_PRECOZ,NO,1,VARIABLE FETAL NO DESAGREGADA CORRECTAMENTE
642,DOBLE,2,LACTANCIA,NO,1,VARIABLE FETAL NO DESAGREGADA CORRECTAMENTE
642,DOBLE,2,APGAR_1,9,1,VARIABLE FETAL NO DESAGREGADA CORRECTAMENTE
642,DOBLE,2,APGAR_1_MENOR,NO,1,VARIABLE FETAL NO DESAGREGADA CORRECTAMENTE
642,DOBLE,2,APGAR_2,9,1,VARIABLE FETAL NO DESAGREGADA CORRECTAMENTE
642,DOBLE,2,APGAR_5_MENOR,NO,1,VARIABLE FETAL NO DESAGREGADA CORRECTAMENTE
1496,DOBLE,2,MUERTE_INTRAUTERINA,NO,1,VARIABLE FETAL NO DESAGREGADA CORRECTAMENTE
1496,DOBLE,2,SEXO,MASCULINO,1,VARIABLE FETAL NO DESAGREGADA CORRECTAMENTE
1496,DOBLE,2,PESO_AL_NACIMIENTO,NO,1,VARIABLE FETAL NO DESAGREGADA CORRECTAMENTE
1496,DOBLE,2,REANIMACION,SI,1,VARIABLE FETAL NO DESAGREGADA CORRECTAMENTE
1496,DOBLE,2,PINZAMIENTO,SI,1,VARIABLE FETAL NO DESAGREGADA CORRECTAMENTE
1496,DOBLE,2,APEGO_PRECOZ,NO,1,VARIABLE FETAL NO DESAGREGADA CORRECTAMENTE
1496,DOBLE,2,LACTANCIA,NO,1,VARIABLE FETAL NO DESAGREGADA CORRECTAMENTE
1496,DOBLE,2,APGAR_1,8,1,VARIABLE FETAL NO DESAGREGADA CORRECTAMENTE
1496,DOBLE,2,APGAR_1_MENOR,NO,1,VARIABLE FETAL NO DESAGREGADA CORRECTAMENTE
1496,DOBLE,2,APGAR_2,9,1,VARIABLE FETAL NO DESAGREGADA CORRECTAMENTE
1496,DOBLE,2,APGAR_5_MENOR,NO,1,VARIABLE FETAL NO DESAGREGADA CORRECTAMENTE
1730,DOBLE,2,MUERTE_INTRAUTERINA,NO,1,VARIABLE FETAL NO DESAGREGADA CORRECTAMENTE
1730,DOBLE,2,SEXO,MASCULINO,1,VARIABLE FETAL NO DESAGREGADA CORRECTAMENTE
1730,DOBLE,2,PESO_AL_NACIMIENTO,NO,1,VARIABLE FETAL NO DESAGREGADA CORRECTAMENTE
1730,DOBLE,2,REANIMACION,NO,1,VARIABLE FETAL NO DESAGREGADA CORRECTAMENTE
1730,DOBLE,2,PINZAMIENTO,SI,1,VARIABLE FETAL NO DESAGREGADA CORRECTAMENTE
1730,DOBLE,2,APEGO_PRECOZ,SI,1,VARIABLE FETAL NO DESAGREGADA CORRECTAMENTE
1730,DOBLE,2,LACTANCIA,SI,1,VARIABLE FETAL NO DESAGREGADA CORRECTAMENTE
1730,DOBLE,2,APGAR_1,9,1,VARIABLE FETAL NO DESAGREGADA CORRECTAMENTE
1730,DOBLE,2,APGAR_1_MENOR,NO,1,VARIABLE FETAL NO DESAGREGADA CORRECTAMENTE
1730,DOBLE,2,APGAR_2,9,1,VARIABLE FETAL NO DESAGREGADA CORRECTAMENTE
1730,DOBLE,2,APGAR_5_MENOR,NO,1,VARIABLE FETAL NO DESAGREGADA CORRECTAMENTE
1738,DOBLE,2,MUERTE_INTRAUTERINA,NO,1,VARIABLE FETAL NO DESAGREGADA CORRECTAMENTE
1738,DOBLE,2,SEXO,FEMENINO,1,VARIABLE FETAL NO DESAGREGADA CORRECTAMENTE
1738,DOBLE,2,PESO_AL_NACIMIENTO,NO,1,VARIABLE FETAL NO DESAGREGADA CORRECTAMENTE
1738,DOBLE,2,REANIMACION,NO,1,VARIABLE FETAL NO DESAGREGADA CORRECTAMENTE
1738,DOBLE,2,PINZAMIENTO,SI,1,VARIABLE FETAL NO DESAGREGADA CORRECTAMENTE
1738,DOBLE,2,APEGO_PRECOZ,SI,1,VARIABLE FETAL NO DESAGREGADA CORRECTAMENTE
1738,DOBLE,2,LACTANCIA,SI,1,VARIABLE FETAL NO DESAGREGADA CORRECTAMENTE
1738,DOBLE,2,APGAR_1,8,1,VARIABLE FETAL NO DESAGREGADA CORRECTAMENTE
1738,DOBLE,2,APGAR_1_MENOR,NO,1,VARIABLE FETAL NO DESAGREGADA CORRECTAMENTE
1738,DOBLE,2,APGAR_2,9,1,VARIABLE FETAL NO DESAGREGADA CORRECTAMENTE
1738,DOBLE,2,APGAR_5_MENOR,NO,1,VARIABLE FETAL NO DESAGREGADA CORRECTAMENTE
1896,DOBLE,2,MUERTE_INTRAUTERINA,NO,1,VARIABLE FETAL NO DESAGREGADA CORRECTAMENTE
1896,DOBLE,2,SEXO,FEMENINO,1,VARIABLE FETAL NO DESAGREGADA CORRECTAMENTE
1896,DOBLE,2,PESO,2620,1,VARIABLE FETAL NO DESAGREGADA CORRECTAMENTE
1896,DOBLE,2,PESO_AL_NACIMIENTO,NO,1,VARIABLE FETAL NO DESAGREGADA CORRECTAMENTE
1896,DOBLE,2,TALLA,46 CM,1,VARIABLE FETAL NO DESAGREGADA CORRECTAMENTE
1896,DOBLE,2,P_CEFALICO,34,1,VARIABLE FETAL NO DESAGREGADA CORRECTAMENTE
1896,DOBLE,2,REANIMACION,SI,1,VARIABLE FETAL NO DESAGREGADA CORRECTAMENTE
1896,DOBLE,2,PINZAMIENTO,SI,1,VARIABLE FETAL NO DESAGREGADA CORRECTAMENTE
1896,DOBLE,2,APEGO_PRECOZ,NO,1,VARIABLE FETAL NO DESAGREGADA CORRECTAMENTE
1896,DOBLE,2,LACTANCIA,NO,1,VARIABLE FETAL NO DESAGREGADA CORRECTAMENTE
1896,DOBLE,2,APGAR_1,8,1,VARIABLE FETAL NO DESAGREGADA CORRECTAMENTE
1896,DOBLE,2,APGAR_1_MENOR,NO,1,VARIABLE FETAL NO DESAGREGADA CORRECTAMENTE
1896,DOBLE,2,APGAR_2,9,1,VARIABLE FETAL NO DESAGREGADA CORRECTAMENTE
1896,DOBLE,2,APGAR_5_MENOR,NO,1,VARIABLE FETAL NO DESAGREGADA CORRECTAMENTE
2009,DOBLE,2,MUERTE_INTRAUTERINA,NO,1,VARIABLE FETAL NO DESAGREGADA CORRECTAMENTE
2009,DOBLE,2,SEXO,MASCULINO,1,VARIABLE FETAL NO DESAGREGADA CORRECTAMENTE
2009,DOBLE,2,PESO,770,1,VARIABLE FETAL NO DESAGREGADA CORRECTAMENTE
2009,DOBLE,2,PESO_AL_NACIMIENTO,NO,1,VARIABLE FETAL NO DESAGREGADA CORRECTAMENTE
2009,DOBLE,2,TALLA,34 CM,1,VARIABLE FETAL NO DESAGREGADA CORRECTAMENTE
2009,DOBLE,2,REANIMACION,SI,1,VARIABLE FETAL NO DESAGREGADA CORRECTAMENTE
2009,DOBLE,2,PINZAMIENTO,SI,1,VARIABLE FETAL NO DESAGREGADA CORRECTAMENTE
2009,DOBLE,2,APEGO_PRECOZ,NO,1,VARIABLE FETAL NO DESAGREGADA CORRECTAMENTE
2009,DOBLE,2,LACTANCIA,NO,1,VARIABLE FETAL NO DESAGREGADA CORRECTAMENTE
2009,DOBLE,2,APGAR_1,4,1,VARIABLE FETAL NO DESAGREGADA CORRECTAMENTE
2009,DOBLE,2,APGAR_1_MENOR,SI,1,VARIABLE FETAL NO DESAGREGADA CORRECTAMENTE
2009,DOBLE,2,APGAR_2,5,1,VARIABLE FETAL NO DESAGREGADA CORRECTAMENTE
2009,DOBLE,2,APGAR_5_MENOR,SI,1,VARIABLE FETAL NO DESAGREGADA CORRECTAMENTE
2086,DOBLE,2,MUERTE_INTRAUTERINA,NO,1,VARIABLE FETAL NO DESAGREGADA CORRECTAMENTE
2086,DOBLE,2,SEXO,FEMENINO,1,VARIABLE FETAL NO DESAGREGADA CORRECTAMENTE
2086,DOBLE,2,PESO,2640,1,VARIABLE FETAL NO DESAGREGADA CORRECTAMENTE
2086,DOBLE,2,PESO_AL_NACIMIENTO,NO,1,VARIABLE FETAL NO DESAGREGADA CORRECTAMENTE
2086,DOBLE,2,TALLA,"47,5 CM",1,VARIABLE FETAL NO DESAGREGADA CORRECTAMENTE
2086,DOBLE,2,P_CEFALICO,"33,6",1,VARIABLE FETAL NO DESAGREGADA CORRECTAMENTE
2086,DOBLE,2,REANIMACION,NO,1,VARIABLE FETAL NO DESAGREGADA CORRECTAMENTE
2086,DOBLE,2,PINZAMIENTO,SI,1,VARIABLE FETAL NO DESAGREGADA CORRECTAMENTE
2086,DOBLE,2,APEGO_PRECOZ,SI,1,VARIABLE FETAL NO DESAGREGADA CORRECTAMENTE
2086,DOBLE,2,LACTANCIA,SI,1,VARIABLE FETAL NO DESAGREGADA CORRECTAMENTE
2086,DOBLE,2,APGAR_1,9,1,VARIABLE FETAL NO DESAGREGADA CORRECTAMENTE
2086,DOBLE,2,APGAR_1_MENOR,NO,1,VARIABLE FETAL NO DESAGREGADA CORRECTAMENTE
2086,DOBLE,2,APGAR_2,9,1,VARIABLE FETAL NO DESAGREGADA CORRECTAMENTE
2086,DOBLE,2,APGAR_5_MENOR,NO,1,VARIABLE FETAL NO DESAGREGADA CORRECTAMENTE
2093,DOBLE,2,MUERTE_INTRAUTERINA,NO,1,VARIABLE FETAL NO DESAGREGADA CORRECTAMENTE
2093,DOBLE,2,SEXO,FEMENINO,1,VARIABLE FETAL NO DESAGREGADA CORRECTAMENTE
2093,DOBLE,2,PESO,2485,1,VARIABLE FETAL NO DESAGREGADA CORRECTAMENTE
2093,DOBLE,2,PESO_AL_NACIMIENTO,NO,1,VARIABLE FETAL NO DESAGREGADA CORRECTAMENTE
2093,DOBLE,2,TALLA,"47,5 CM",1,VARIABLE FETAL NO DESAGREGADA CORRECTAMENTE
2093,DOBLE,2,P_CEFALICO,"33,8",1,VARIABLE FETAL NO DESAGREGADA CORRECTAMENTE
2093,DOBLE,2,REANIMACION,NO,1,VARIABLE FETAL NO DESAGREGADA CORRECTAMENTE
2093,DOBLE,2,PINZAMIENTO,SI,1,VARIABLE FETAL NO DESAGREGADA CORRECTAMENTE
2093,DOBLE,2,APEGO_PRECOZ,NO,1,VARIABLE FETAL NO DESAGREGADA CORRECTAMENTE
2093,DOBLE,2,LACTANCIA,NO,1,VARIABLE FETAL NO DESAGREGADA CORRECTAMENTE
2093,DOBLE,2,APGAR_1,8,1,VARIABLE FETAL NO DESAGREGADA CORRECTAMENTE
2093,DOBLE,2,APGAR_1_MENOR,NO,1,VARIABLE FETAL NO DESAGREGADA CORRECTAMENTE
2093,DOBLE,2,APGAR_2,9,1,VARIABLE FETAL NO DESAGREGADA CORRECTAMENTE
2093,DOBLE,2,APGAR_5_MENOR,NO,1,VARIABLE FETAL NO DESAGREGADA CORRECTAMENTE
2202,DOBLE,2,MUERTE_INTRAUTERINA,NO,1,VARIABLE FETAL NO DESAGREGADA CORRECTAMENTE
2202,DOBLE,2,SEXO,FEMENINO,1,VARIABLE FETAL NO DESAGREGADA CORRECTAMENTE
2202,DOBLE,2,PESO,2210,1,VARIABLE FETAL NO DESAGREGADA CORRECTAMENTE
2202,DOBLE,2,PESO_AL_NACIMIENTO,NO,1,VARIABLE FETAL NO DESAGREGADA CORRECTAMENTE
2202,DOBLE,2,TALLA,45 CM,1,VARIABLE FETAL NO DESAGREGADA CORRECTAMENTE
2202,DOBLE,2,P_CEFALICO,32,1,VARIABLE FETAL NO DESAGREGADA CORRECTAMENTE
2202,DOBLE,2,REANIMACION,NO,1,VARIABLE FETAL NO DESAGREGADA CORRECTAMENTE
2202,DOBLE,2,PINZAMIENTO,SI,1,VARIABLE FETAL NO DESAGREGADA CORRECTAMENTE
2202,DOBLE,2,APEGO_PRECOZ,NO,1,VARIABLE FETAL NO DESAGREGADA CORRECTAMENTE
2202,DOBLE,2,LACTANCIA,SI,1,VARIABLE FETAL NO DESAGREGADA CORRECTAMENTE
2202,DOBLE,2,APGAR_1,8,1,VARIABLE FETAL NO DESAGREGADA CORRECTAMENTE
2202,DOBLE,2,APGAR_1_MENOR,NO,1,VARIABLE FETAL NO DESAGREGADA CORRECTAMENTE
2202,DOBLE,2,APGAR_2,8,1,VARIABLE FETAL NO DESAGREGADA CORRECTAMENTE
2202,DOBLE,2,APGAR_5_MENOR,NO,1,VARIABLE FETAL NO DESAGREGADA CORRECTAMENTE
2715,DOBLE,2,MUERTE_INTRAUTERINA,NO,1,VARIABLE FETAL NO DESAGREGADA CORRECTAMENTE
2715,DOBLE,2,SEXO,MASCULINO,1,VARIABLE FETAL NO DESAGREGADA CORRECTAMENTE
2715,DOBLE,2,PESO,1500,1,VARIABLE FETAL NO DESAGREGADA CORRECTAMENTE
2715,DOBLE,2,PESO_AL_NACIMIENTO,NO,1,VARIABLE FETAL NO DESAGREGADA CORRECTAMENTE
2715,DOBLE,2,TALLA,"30,5 CM",1,VARIABLE FETAL NO DESAGREGADA CORRECTAMENTE
2715,DOBLE,2,P_CEFALICO,"38,4",1,VARIABLE FETAL NO DESAGREGADA CORRECTAMENTE
2715,DOBLE,2,REANIMACION,SI,1,VARIABLE FETAL NO DESAGREGADA CORRECTAMENTE
2715,DOBLE,2,PINZAMIENTO,SI,1,VARIABLE FETAL NO DESAGREGADA CORRECTAMENTE
2715,DOBLE,2,APEGO_PRECOZ,NO,1,VARIABLE FETAL NO DESAGREGADA CORRECTAMENTE
2715,DOBLE,2,LACTANCIA,NO,1,VARIABLE FETAL NO DESAGREGADA CORRECTAMENTE
2715,DOBLE,2,APGAR_1,8,1,VARIABLE FETAL NO DESAGREGADA CORRECTAMENTE
2715,DOBLE,2,APGAR_1_MENOR,NO,1,VARIABLE FETAL NO DESAGREGADA CORRECTAMENTE
2715,DOBLE,2,APGAR_2,9,1,VARIABLE FETAL NO DESAGREGADA CORRECTAMENTE
2715,DOBLE,2,APGAR_5_MENOR,NO,1,VARIABLE FETAL NO DESAGREGADA CORRECTAMENTE
2903,DOBLE,2,MUERTE_INTRAUTERINA,NO,1,VARIABLE FETAL NO DESAGREGADA CORRECTAMENTE
2903,DOBLE,2,SEXO,MASCULINO,1,VARIABLE FETAL NO DESAGREGADA CORRECTAMENTE
2903,DOBLE,2,PESO_AL_NACIMIENTO,NO,1,VARIABLE FETAL NO DESAGREGADA CORRECTAMENTE
2903,DOBLE,2,REANIMACION,SI,1,VARIABLE FETAL NO DESAGREGADA CORRECTAMENTE
2903,DOBLE,2,PINZAMIENTO,SI,1,VARIABLE FETAL NO DESAGREGADA CORRECTAMENTE
2903,DOBLE,2,APEGO_PRECOZ,SI,1,VARIABLE FETAL NO DESAGREGADA CORRECTAMENTE
2903,DOBLE,2,LACTANCIA,NO,1,VARIABLE FETAL NO DESAGREGADA CORRECTAMENTE
2903,DOBLE,2,APGAR_1_MENOR,NO,1,VARIABLE FETAL NO DESAGREGADA CORRECTAMENTE
2903,DOBLE,2,APGAR_5_MENOR,NO,1,VARIABLE FETAL NO DESAGREGADA CORRECTAMENTE
3018,DOBLE,2,MUERTE_INTRAUTERINA,NO,1,VARIABLE FETAL NO DESAGREGADA CORRECTAMENTE
3018,DOBLE,2,SEXO,MASCULINO,1,VARIABLE FETAL NO DESAGREGADA CORRECTAMENTE
3018,DOBLE,2,PESO,2090,1,VARIABLE FETAL NO DESAGREGADA CORRECTAMENTE
3018,DOBLE,2,PESO_AL_NACIMIENTO,NO,1,VARIABLE FETAL NO DESAGREGADA CORRECTAMENTE
3018,DOBLE,2,TALLA,43 CM,1,VARIABLE FETAL NO DESAGREGADA CORRECTAMENTE
3018,DOBLE,2,P_CEFALICO,"32,4",1,VARIABLE FETAL NO DESAGREGADA CORRECTAMENTE
3018,DOBLE,2,REANIMACION,NO,1,VARIABLE FETAL NO DESAGREGADA CORRECTAMENTE
3018,DOBLE,2,PINZAMIENTO,SI,1,VARIABLE FETAL NO DESAGREGADA CORRECTAMENTE
3018,DOBLE,2,APEGO_PRECOZ,NO,1,VARIABLE FETAL NO DESAGREGADA CORRECTAMENTE
3018,DOBLE,2,LACTANCIA,SI,1,VARIABLE FETAL NO DESAGREGADA CORRECTAMENTE
3018,DOBLE,2,APGAR_1,9,1,VARIABLE FETAL NO DESAGREGADA CORRECTAMENTE
3018,DOBLE,2,APGAR_1_MENOR,NO,1,VARIABLE FETAL NO DESAGREGADA CORRECTAMENTE
3018,DOBLE,2,APGAR_2,9,1,VARIABLE FETAL NO DESAGREGADA CORRECTAMENTE
3018,DOBLE,2,APGAR_5_MENOR,NO,1,VARIABLE FETAL NO DESAGREGADA CORRECTAMENTE
3086,DOBLE,2,MUERTE_INTRAUTERINA,NO,1,VARIABLE FETAL NO DESAGREGADA CORRECTAMENTE
3086,DOBLE,2,SEXO,FEMENINO,1,VARIABLE FETAL NO DESAGREGADA CORRECTAMENTE
3086,DOBLE,2,PESO_AL_NACIMIENTO,NO,1,VARIABLE FETAL NO DESAGREGADA CORRECTAMENTE
3086,DOBLE,2,TALLA,47 CM,1,VARIABLE FETAL NO DESAGREGADA CORRECTAMENTE
3086,DOBLE,2,P_CEFALICO,35,1,VARIABLE FETAL NO DESAGREGADA CORRECTAMENTE
3086,DOBLE,2,REANIMACION,NO,1,VARIABLE FETAL NO DESAGREGADA CORRECTAMENTE
3086,DOBLE,2,PINZAMIENTO,SI,1,VARIABLE FETAL NO DESAGREGADA CORRECTAMENTE
3086,DOBLE,2,APEGO_PRECOZ,SI,1,VARIABLE FETAL NO DESAGREGADA CORRECTAMENTE
3086,DOBLE,2,LACTANCIA,NO,1,VARIABLE FETAL NO DESAGREGADA CORRECTAMENTE
3086,DOBLE,2,APGAR_1,9,1,VARIABLE FETAL NO DESAGREGADA CORRECTAMENTE
3086,DOBLE,2,APGAR_1_MENOR,NO,1,VARIABLE FETAL NO DESAGREGADA CORRECTAMENTE
3086,DOBLE,2,APGAR_2,9,1,VARIABLE FETAL NO DESAGREGADA CORRECTAMENTE
3086,DOBLE,2,APGAR_5_MENOR,NO,1,VARIABLE FETAL NO DESAGREGADA CORRECTAMENTE
3101,DOBLE,2,MUERTE_INTRAUTERINA,NO,1,VARIABLE FETAL NO DESAGREGADA CORRECTAMENTE
3101,DOBLE,2,SEXO,FEMENINO,1,VARIABLE FETAL NO DESAGREGADA CORRECTAMENTE
3101,DOBLE,2,PESO_AL_NACIMIENTO,NO,1,VARIABLE FETAL NO DESAGREGADA CORRECTAMENTE
3101,DOBLE,2,TALLA,47 CM,1,VARIABLE FETAL NO DESAGREGADA CORRECTAMENTE
3101,DOBLE,2,P_CEFALICO,34,1,VARIABLE FETAL NO DESAGREGADA CORRECTAMENTE
3101,DOBLE,2,REANIMACION,NO,1,VARIABLE FETAL NO DESAGREGADA CORRECTAMENTE
3101,DOBLE,2,PINZAMIENTO,SI,1,VARIABLE FETAL NO DESAGREGADA CORRECTAMENTE
3101,DOBLE,2,APEGO_PRECOZ,SI,1,VARIABLE FETAL NO DESAGREGADA CORRECTAMENTE
3101,DOBLE,2,LACTANCIA,SI,1,VARIABLE FETAL NO DESAGREGADA CORRECTAMENTE
3101,DOBLE,2,APGAR_1,9,1,VARIABLE FETAL NO DESAGREGADA CORRECTAMENTE
3101,DOBLE,2,APGAR_1_MENOR,NO,1,VARIABLE FETAL NO DESAGREGADA CORRECTAMENTE
3101,DOBLE,2,APGAR_2,9,1,VARIABLE FETAL NO DESAGREGADA CORRECTAMENTE
3101,DOBLE,2,APGAR_5_MENOR,NO,1,VARIABLE FETAL NO DESAGREGADA CORRECTAMENTE
3351,DOBLE,2,MUERTE_INTRAUTERINA,NO,1,VARIABLE FETAL NO DESAGREGADA CORRECTAMENTE
3351,DOBLE,2,SEXO,FEMENINO,1,VARIABLE FETAL NO DESAGREGADA CORRECTAMENTE
3351,DOBLE,2,TALLA,47 CM,1,VARIABLE FETAL NO DESAGREGADA CORRECTAMENTE
3351,DOBLE,2,P_CEFALICO,34,1,VARIABLE FETAL NO DESAGREGADA CORRECTAMENTE
3351,DOBLE,2,REANIMACION,SI,1,VARIABLE FETAL NO DESAGREGADA CORRECTAMENTE
3351,DOBLE,2,PINZAMIENTO,SI,1,VARIABLE FETAL NO DESAGREGADA CORRECTAMENTE
3351,DOBLE,2,APEGO_PRECOZ,SI,1,VARIABLE FETAL NO DESAGREGADA CORRECTAMENTE
3351,DOBLE,2,LACTANCIA,NO,1,VARIABLE FETAL NO DESAGREGADA CORRECTAMENTE
3351,DOBLE,2,APGAR_1,9,1,VARIABLE FETAL NO DESAGREGADA CORRECTAMENTE
3351,DOBLE,2,APGAR_1_MENOR,NO,1,VARIABLE FETAL NO DESAGREGADA CORRECTAMENTE
3351,DOBLE,2,APGAR_2,9,1,VARIABLE FETAL NO DESAGREGADA CORRECTAMENTE
3351,DOBLE,2,APGAR_5_MENOR,NO,1,VARIABLE FETAL NO DESAGREGADA CORRECTAMENTE
3405,DOBLE,2,MUERTE_INTRAUTERINA,SI,1,VARIABLE FETAL NO DESAGREGADA CORRECTAMENTE
3405,DOBLE,2,SEXO,MASCULINO,1,VARIABLE FETAL NO DESAGREGADA CORRECTAMENTE
3405,DOBLE,2,PESO,500,1,VARIABLE FETAL NO DESAGREGADA CORRECTAMENTE
3405,DOBLE,2,REANIMACION,SI,1,VARIABLE FETAL NO DESAGREGADA CORRECTAMENTE
3405,DOBLE,2,PINZAMIENTO,SI,1,VARIABLE FETAL NO DESAGREGADA CORRECTAMENTE
3405,DOBLE,2,APGAR_1,0,1,VARIABLE FETAL NO DESAGREGADA CORRECTAMENTE
3405,DOBLE,2,APGAR_1_MENOR,SI,1,VARIABLE FETAL NO DESAGREGADA CORRECTAMENTE
3405,DOBLE,2,APGAR_2,0,1,VARIABLE FETAL NO DESAGREGADA CORRECTAMENTE
3405,DOBLE,2,APGAR_5_MENOR,SI,1,VARIABLE FETAL NO DESAGREGADA CORRECTAMENTE
4024,DOBLE,2,MUERTE_INTRAUTERINA,NO,1,VARIABLE FETAL NO DESAGREGADA CORRECTAMENTE
4024,DOBLE,2,REANIMACION,SI,1,VARIABLE FETAL NO DESAGREGADA CORRECTAMENTE
4024,DOBLE,2,PINZAMIENTO,SI,1,VARIABLE FETAL NO DESAGREGADA CORRECTAMENTE
4024,DOBLE,2,APEGO_PRECOZ,SI,1,VARIABLE FETAL NO DESAGREGADA CORRECTAMENTE
4024,DOBLE,2,LACTANCIA,NO,1,VARIABLE FETAL NO DESAGREGADA CORRECTAMENTE
4024,DOBLE,2,APGAR_1,8,1,VARIABLE FETAL NO DESAGREGADA CORRECTAMENTE
4024,DOBLE,2,APGAR_1_MENOR,NO,1,VARIABLE FETAL NO DESAGREGADA CORRECTAMENTE
4024,DOBLE,2,APGAR_2,9,1,VARIABLE FETAL NO DESAGREGADA CORRECTAMENTE
4024,DOBLE,2,APGAR_5_MENOR,NO,1,VARIABLE FETAL NO DESAGREGADA CORRECTAMENTE
4136,DOBLE,2,MUERTE_INTRAUTERINA,NO,1,VARIABLE FETAL NO DESAGREGADA CORRECTAMENTE
4136,DOBLE,2,SEXO,MASCULINO,1,VARIABLE FETAL NO DESAGREGADA CORRECTAMENTE
4136,DOBLE,2,REANIMACION,SI,1,VARIABLE FETAL NO DESAGREGADA CORRECTAMENTE
4136,DOBLE,2,PINZAMIENTO,SI,1,VARIABLE FETAL NO DESAGREGADA CORRECTAMENTE
4136,DOBLE,2,APEGO_PRECOZ,SI,1,VARIABLE FETAL NO DESAGREGADA CORRECTAMENTE
4136,DOBLE,2,LACTANCIA,NO,1,VARIABLE FETAL NO DESAGREGADA CORRECTAMENTE
4136,DOBLE,2,APGAR_1,9,1,VARIABLE FETAL NO DESAGREGADA CORRECTAMENTE
4136,DOBLE,2,APGAR_1_MENOR,NO,1,VARIABLE FETAL NO DESAGREGADA CORRECTAMENTE
4136,DOBLE,2,APGAR_2,9,1,VARIABLE FETAL NO DESAGREGADA CORRECTAMENTE
4136,DOBLE,2,APGAR_5_MENOR,NO,1,VARIABLE FETAL NO DESAGREGADA CORRECTAMENTE
4195,DOBLE,2,MUERTE_INTRAUTERINA,NO,1,VARIABLE FETAL NO DESAGREGADA CORRECTAMENTE
4195,DOBLE,2,REANIMACION,SI,1,VARIABLE FETAL NO DESAGREGADA CORRECTAMENTE
4195,DOBLE,2,PINZAMIENTO,SI,1,VARIABLE FETAL NO DESAGREGADA CORRECTAMENTE
4195,DOBLE,2,APEGO_PRECOZ,NO,1,VARIABLE FETAL NO DESAGREGADA CORRECTAMENTE
4195,DOBLE,2,LACTANCIA,NO,1,VARIABLE FETAL NO DESAGREGADA CORRECTAMENTE
4195,DOBLE,2,APGAR_1_MENOR,SI,1,VARIABLE FETAL NO DESAGREGADA CORRECTAMENTE
4195,DOBLE,2,APGAR_5_MENOR,NO,1,VARIABLE FETAL NO DESAGREGADA CORRECTAMENTE
4221,DOBLE,2,MUERTE_INTRAUTERINA,NO,1,VARIABLE FETAL NO DESAGREGADA CORRECTAMENTE
4221,DOBLE,2,P_CEFALICO,"30,5",1,VARIABLE FETAL NO DESAGREGADA CORRECTAMENTE
4221,DOBLE,2,REANIMACION,SI,1,VARIABLE FETAL NO DESAGREGADA CORRECTAMENTE
4221,DOBLE,2,PINZAMIENTO,SI,1,VARIABLE FETAL NO DESAGREGADA CORRECTAMENTE
4221,DOBLE,2,APEGO_PRECOZ,SI,1,VARIABLE FETAL NO DESAGREGADA CORRECTAMENTE
4221,DOBLE,2,LACTANCIA,NO,1,VARIABLE FETAL NO DESAGREGADA CORRECTAMENTE
4221,DOBLE,2,APGAR_1,8,1,VARIABLE FETAL NO DESAGREGADA CORRECTAMENTE
4221,DOBLE,2,APGAR_1_MENOR,NO,1,VARIABLE FETAL NO DESAGREGADA CORRECTAMENTE
4221,DOBLE,2,APGAR_2,9,1,VARIABLE FETAL NO DESAGREGADA CORRECTAMENTE
4221,DOBLE,2,APGAR_5_MENOR,NO,1,VARIABLE FETAL NO DESAGREGADA CORRECTAMENTE
4302,DOBLE,2,MUERTE_INTRAUTERINA,NO,1,VARIABLE FETAL NO DESAGREGADA CORRECTAMENTE
4302,DOBLE,2,SEXO,FEMENINO,1,VARIABLE FETAL NO DESAGREGADA CORRECTAMENTE
4302,DOBLE,2,PESO,2705,1,VARIABLE FETAL NO DESAGREGADA CORRECTAMENTE
4302,DOBLE,2,TALLA,"46,5 CM",1,VARIABLE FETAL NO DESAGREGADA CORRECTAMENTE
4302,DOBLE,2,P_CEFALICO,34,1,VARIABLE FETAL NO DESAGREGADA CORRECTAMENTE
4302,DOBLE,2,REANIMACION,NO,1,VARIABLE FETAL NO DESAGREGADA CORRECTAMENTE
4302,DOBLE,2,PINZAMIENTO,SI,1,VARIABLE FETAL NO DESAGREGADA CORRECTAMENTE
4302,DOBLE,2,APEGO_PRECOZ,SI,1,VARIABLE FETAL NO DESAGREGADA CORRECTAMENTE
4302,DOBLE,2,LACTANCIA,SI,1,VARIABLE FETAL NO DESAGREGADA CORRECTAMENTE
4302,DOBLE,2,APGAR_1,9,1,VARIABLE FETAL NO DESAGREGADA CORRECTAMENTE
4302,DOBLE,2,APGAR_1_MENOR,NO,1,VARIABLE FETAL NO DESAGREGADA CORRECTAMENTE
4302,DOBLE,2,APGAR_2,9,1,VARIABLE FETAL NO DESAGREGADA CORRECTAMENTE
4302,DOBLE,2,APGAR_5_MENOR,NO,1,VARIABLE FETAL NO DESAGREGADA CORRECTAMENTE
4324,DOBLE,2,MUERTE_INTRAUTERINA,NO,1,VARIABLE FETAL NO DESAGREGADA CORRECTAMENTE
4324,DOBLE,2,REANIMACION,SI,1,VARIABLE FETAL NO DESAGREGADA CORRECTAMENTE
4324,DOBLE,2,PINZAMIENTO,NO,1,VARIABLE FETAL NO DESAGREGADA CORRECTAMENTE
4324,DOBLE,2,APEGO_PRECOZ,NO,1,VARIABLE FETAL NO DESAGREGADA CORRECTAMENTE
4324,DOBLE,2,LACTANCIA,NO,1,VARIABLE FETAL NO DESAGREGADA CORRECTAMENTE
4324,DOBLE,2,APGAR_1,9,1,VARIABLE FETAL NO DESAGREGADA CORRECTAMENTE
4324,DOBLE,2,APGAR_1_MENOR,NO,1,VARIABLE FETAL NO DESAGREGADA CORRECTAMENTE
4324,DOBLE,2,APGAR_2,9,1,VARIABLE FETAL NO DESAGREGADA CORRECTAMENTE
4324,DOBLE,2,APGAR_5_MENOR,NO,1,VARIABLE FETAL NO DESAGREGADA CORRECTAMENTE
4372,DOBLE,2,MUERTE_INTRAUTERINA,NO,1,VARIABLE FETAL NO DESAGREGADA CORRECTAMENTE
4372,DOBLE,2,REANIMACION,NO,1,VARIABLE FETAL NO DESAGREGADA CORRECTAMENTE
4372,DOBLE,2,PINZAMIENTO,SI,1,VARIABLE FETAL NO DESAGREGADA CORRECTAMENTE
4372,DOBLE,2,APEGO_PRECOZ,SI,1,VARIABLE FETAL NO DESAGREGADA CORRECTAMENTE
4372,DOBLE,2,LACTANCIA,NO,1,VARIABLE FETAL NO DESAGREGADA CORRECTAMENTE
4372,DOBLE,2,APGAR_1,9,1,VARIABLE FETAL NO DESAGREGADA CORRECTAMENTE
4372,DOBLE,2,APGAR_1_MENOR,NO,1,VARIABLE FETAL NO DESAGREGADA CORRECTAMENTE
4372,DOBLE,2,APGAR_2,9,1,VARIABLE FETAL NO DESAGREGADA CORRECTAMENTE
4372,DOBLE,2,APGAR_5_MENOR,NO,1,VARIABLE FETAL NO DESAGREGADA CORRECTAMENTE
4437,DOBLE,2,MUERTE_INTRAUTERINA,NO,1,VARIABLE FETAL NO DESAGREGADA CORRECTAMENTE
4437,DOBLE,2,REANIMACION,NO,1,VARIABLE FETAL NO DESAGREGADA CORRECTAMENTE
4437,DOBLE,2,PINZAMIENTO,SI,1,VARIABLE FETAL NO DESAGREGADA CORRECTAMENTE
4437,DOBLE,2,APEGO_PRECOZ,SI,1,VARIABLE FETAL NO DESAGREGADA CORRECTAMENTE
4437,DOBLE,2,LACTANCIA,NO,1,VARIABLE FETAL NO DESAGREGADA CORRECTAMENTE
4437,DOBLE,2,APGAR_1,9,1,VARIABLE FETAL NO DESAGREGADA CORRECTAMENTE
4437,DOBLE,2,APGAR_1_MENOR,NO,1,VARIABLE FETAL NO DESAGREGADA CORRECTAMENTE
4437,DOBLE,2,APGAR_2,9,1,VARIABLE FETAL NO DESAGREGADA CORRECTAMENTE
4437,DOBLE,2,APGAR_5_MENOR,NO,1,VARIABLE FETAL NO DESAGREGADA CORRECTAMENTE
4672,DOBLE,2,MUERTE_INTRAUTERINA,NO,1,VARIABLE FETAL NO DESAGREGADA CORRECTAMENTE
4672,DOBLE,2,SEXO,FEMENINO,1,VARIABLE FETAL NO DESAGREGADA CORRECTAMENTE
4672,DOBLE,2,TALLA,"47,5 CM",1,VARIABLE FETAL NO DESAGREGADA CORRECTAMENTE
4672,DOBLE,2,P_CEFALICO,35,1,VARIABLE FETAL NO DESAGREGADA CORRECTAMENTE
4672,DOBLE,2,REANIMACION,NO,1,VARIABLE FETAL NO DESAGREGADA CORRECTAMENTE
4672,DOBLE,2,PINZAMIENTO,SI,1,VARIABLE FETAL NO DESAGREGADA CORRECTAMENTE
4672,DOBLE,2,APEGO_PRECOZ,NO,1,VARIABLE FETAL NO DESAGREGADA CORRECTAMENTE
4672,DOBLE,2,LACTANCIA,SI,1,VARIABLE FETAL NO DESAGREGADA CORRECTAMENTE
4672,DOBLE,2,APGAR_1,8,1,VARIABLE FETAL NO DESAGREGADA CORRECTAMENTE
4672,DOBLE,2,APGAR_1_MENOR,NO,1,VARIABLE FETAL NO DESAGREGADA CORRECTAMENTE
4672,DOBLE,2,APGAR_2,9,1,VARIABLE FETAL NO DESAGREGADA CORRECTAMENTE
4672,DOBLE,2,APGAR_5_MENOR,NO,1,VARIABLE FETAL NO DESAGREGADA CORRECTAMENTE
4715,DOBLE,2,MUERTE_INTRAUTERINA,NO,1,VARIABLE FETAL NO DESAGREGADA CORRECTAMENTE
4715,DOBLE,2,TALLA,"47,5 CM",1,VARIABLE FETAL NO DESAGREGADA CORRECTAMENTE
4715,DOBLE,2,P_CEFALICO,33,1,VARIABLE FETAL NO DESAGREGADA CORRECTAMENTE
4715,DOBLE,2,REANIMACION,NO,1,VARIABLE FETAL NO DESAGREGADA CORRECTAMENTE
4715,DOBLE,2,PINZAMIENTO,SI,1,VARIABLE FETAL NO DESAGREGADA CORRECTAMENTE
4715,DOBLE,2,APEGO_PRECOZ,SI,1,VARIABLE FETAL NO DESAGREGADA CORRECTAMENTE
4715,DOBLE,2,LACTANCIA,SI,1,VARIABLE FETAL NO DESAGREGADA CORRECTAMENTE
4715,DOBLE,2,APGAR_1,8,1,VARIABLE FETAL NO DESAGREGADA CORRECTAMENTE
4715,DOBLE,2,APGAR_1_MENOR,NO,1,VARIABLE FETAL NO DESAGREGADA CORRECTAMENTE
4715,DOBLE,2,APGAR_2,9,1,VARIABLE FETAL NO DESAGREGADA CORRECTAMENTE
4715,DOBLE,2,APGAR_5_MENOR,NO,1,VARIABLE FETAL NO DESAGREGADA CORRECTAMENTE
5517,DOBLE,2,MUERTE_INTRAUTERINA,NO,1,VARIABLE FETAL NO DESAGREGADA CORRECTAMENTE
5517,DOBLE,2,SEXO,FEMENINO,1,VARIABLE FETAL NO DESAGREGADA CORRECTAMENTE
5517,DOBLE,2,P_CEFALICO,"31,5",1,VARIABLE FETAL NO DESAGREGADA CORRECTAMENTE
5517,DOBLE,2,REANIMACION,SI,1,VARIABLE FETAL NO DESAGREGADA CORRECTAMENTE
5517,DOBLE,2,PINZAMIENTO,SI,1,VARIABLE FETAL NO DESAGREGADA CORRECTAMENTE
5517,DOBLE,2,APEGO_PRECOZ,SI,1,VARIABLE FETAL NO DESAGREGADA CORRECTAMENTE
5517,DOBLE,2,LACTANCIA,NO,1,VARIABLE FETAL NO DESAGREGADA CORRECTAMENTE
5517,DOBLE,2,APGAR_1,9,1,VARIABLE FETAL NO DESAGREGADA CORRECTAMENTE
5517,DOBLE,2,APGAR_1_MENOR,NO,1,VARIABLE FETAL NO DESAGREGADA CORRECTAMENTE
5517,DOBLE,2,APGAR_2,9,1,VARIABLE FETAL NO DESAGREGADA CORRECTAMENTE
5517,DOBLE,2,APGAR_5_MENOR,NO,1,VARIABLE FETAL NO DESAGREGADA CORRECTAMENTE
5569,DOBLE,2,MUERTE_INTRAUTERINA,NO,1,VARIABLE FETAL NO DESAGREGADA CORRECTAMENTE
5569,DOBLE,2,SEXO,FEMENINO,1,VARIABLE FETAL NO DESAGREGADA CORRECTAMENTE
5569,DOBLE,2,TALLA,"45,5 CM",1,VARIABLE FETAL NO DESAGREGADA CORRECTAMENTE
5569,DOBLE,2,P_CEFALICO,32,1,VARIABLE FETAL NO DESAGREGADA CORRECTAMENTE
5569,DOBLE,2,REANIMACION,NO,1,VARIABLE FETAL NO DESAGREGADA CORRECTAMENTE
5569,DOBLE,2,PINZAMIENTO,SI,1,VARIABLE FETAL NO DESAGREGADA CORRECTAMENTE
5569,DOBLE,2,APEGO_PRECOZ,SI,1,VARIABLE FETAL NO DESAGREGADA CORRECTAMENTE
5569,DOBLE,2,LACTANCIA,SI,1,VARIABLE FETAL NO DESAGREGADA CORRECTAMENTE
5569,DOBLE,2,APGAR_1,9,1,VARIABLE FETAL NO DESAGREGADA CORRECTAMENTE
5569,DOBLE,2,APGAR_1_MENOR,NO,1,VARIABLE FETAL NO DESAGREGADA CORRECTAMENTE
5569,DOBLE,2,APGAR_2,9,1,VARIABLE FETAL NO DESAGREGADA CORRECTAMENTE
5569,DOBLE,2,APGAR_5_MENOR,NO,1,VARIABLE FETAL NO DESAGREGADA CORRECTAMENTE
5929,DOBLE,2,MUERTE_INTRAUTERINA,NO,1,VARIABLE FETAL NO DESAGREGADA CORRECTAMENTE
5929,DOBLE,2,SEXO,FEMENINO,1,VARIABLE FETAL NO DESAGREGADA CORRECTAMENTE
5929,DOBLE,2,TALLA,42 CM,1,VARIABLE FETAL NO DESAGREGADA CORRECTAMENTE
5929,DOBLE,2,P_CEFALICO,29,1,VARIABLE FETAL NO DESAGREGADA CORRECTAMENTE
5929,DOBLE,2,REANIMACION,SI,1,VARIABLE FETAL NO DESAGREGADA CORRECTAMENTE
5929,DOBLE,2,PINZAMIENTO,NO,1,VARIABLE FETAL NO DESAGREGADA CORRECTAMENTE
5929,DOBLE,2,APEGO_PRECOZ,NO,1,VARIABLE FETAL NO DESAGREGADA CORRECTAMENTE
5929,DOBLE,2,LACTANCIA,NO,1,VARIABLE FETAL NO DESAGREGADA CORRECTAMENTE
5929,DOBLE,2,APGAR_1,7,1,VARIABLE FETAL NO DESAGREGADA CORRECTAMENTE
5929,DOBLE,2,APGAR_1_MENOR,NO,1,VARIABLE FETAL NO DESAGREGADA CORRECTAMENTE
5929,DOBLE,2,APGAR_2,8,1,VARIABLE FETAL NO DESAGREGADA CORRECTAMENTE
5929,DOBLE,2,APGAR_5_MENOR,NO,1,VARIABLE FETAL NO DESAGREGADA CORRECTAMENTE
6061,DOBLE,2,MUERTE_INTRAUTERINA,NO,1,VARIABLE FETAL NO DESAGREGADA CORRECTAMENTE
6061,DOBLE,2,SEXO,FEMENINO,1,VARIABLE FETAL NO DESAGREGADA CORRECTAMENTE
6061,DOBLE,2,TALLA,45 CM,1,VARIABLE FETAL NO DESAGREGADA CORRECTAMENTE
6061,DOBLE,2,P_CEFALICO,35,1,VARIABLE FETAL NO DESAGREGADA CORRECTAMENTE
6061,DOBLE,2,REANIMACION,NO,1,VARIABLE FETAL NO DESAGREGADA CORRECTAMENTE
6061,DOBLE,2,PINZAMIENTO,SI,1,VARIABLE FETAL NO DESAGREGADA CORRECTAMENTE
6061,DOBLE,2,APEGO_PRECOZ,SI,1,VARIABLE FETAL NO DESAGREGADA CORRECTAMENTE
6061,DOBLE,2,LACTANCIA,NO,1,VARIABLE FETAL NO DESAGREGADA CORRECTAMENTE
6061,DOBLE,2,APGAR_1,9,1,VARIABLE FETAL NO DESAGREGADA CORRECTAMENTE
6061,DOBLE,2,APGAR_1_MENOR,NO,1,VARIABLE FETAL NO DESAGREGADA CORRECTAMENTE
6061,DOBLE,2,APGAR_2,9,1,VARIABLE FETAL NO DESAGREGADA CORRECTAMENTE
6061,DOBLE,2,APGAR_5_MENOR,NO,1,VARIABLE FETAL NO DESAGREGADA CORRECTAMENTE
6511,DOBLE,2,MUERTE_INTRAUTERINA,NO,1,VARIABLE FETAL NO DESAGREGADA CORRECTAMENTE
6511,DOBLE,2,SEXO,MASCULINO,1,VARIABLE FETAL NO DESAGREGADA CORRECTAMENTE
6511,DOBLE,2,REANIMACION,NO,1,VARIABLE FETAL NO DESAGREGADA CORRECTAMENTE
6511,DOBLE,2,PINZAMIENTO,SI,1,VARIABLE FETAL NO DESAGREGADA CORRECTAMENTE
6511,DOBLE,2,APEGO_PRECOZ,SI,1,VARIABLE FETAL NO DESAGREGADA CORRECTAMENTE
6511,DOBLE,2,LACTANCIA,NO,1,VARIABLE FETAL NO DESAGREGADA CORRECTAMENTE
6511,DOBLE,2,APGAR_1,9,1,VARIABLE FETAL NO DESAGREGADA CORRECTAMENTE
6511,DOBLE,2,APGAR_1_MENOR,NO,1,VARIABLE FETAL NO DESAGREGADA CORRECTAMENTE
6511,DOBLE,2,APGAR_2,9,1,VARIABLE FETAL NO DESAGREGADA CORRECTAMENTE
6511,DOBLE,2,APGAR_5_MENOR,NO,1,VARIABLE FETAL NO DESAGREGADA CORRECTAMENTE
6594,DOBLE,2,MUERTE_INTRAUTERINA,NO,1,VARIABLE FETAL NO DESAGREGADA CORRECTAMENTE
6594,DOBLE,2,SEXO,FEMENINO,1,VARIABLE FETAL NO DESAGREGADA CORRECTAMENTE
6594,DOBLE,2,REANIMACION,SI,1,VARIABLE FETAL NO DESAGREGADA CORRECTAMENTE
6594,DOBLE,2,PINZAMIENTO,SI,1,VARIABLE FETAL NO DESAGREGADA CORRECTAMENTE
6594,DOBLE,2,APEGO_PRECOZ,SI,1,VARIABLE FETAL NO DESAGREGADA CORRECTAMENTE
6594,DOBLE,2,LACTANCIA,SI,1,VARIABLE FETAL NO DESAGREGADA CORRECTAMENTE
6594,DOBLE,2,APGAR_1,9,1,VARIABLE FETAL NO DESAGREGADA CORRECTAMENTE
6594,DOBLE,2,APGAR_1_MENOR,NO,1,VARIABLE FETAL NO DESAGREGADA CORRECTAMENTE
6594,DOBLE,2,APGAR_2,9,1,VARIABLE FETAL NO DESAGREGADA CORRECTAMENTE
6594,DOBLE,2,APGAR_5_MENOR,NO,1,VARIABLE FETAL NO DESAGREGADA CORRECTAMENTE
6655,DOBLE,2,MUERTE_INTRAUTERINA,NO,1,VARIABLE FETAL NO DESAGREGADA CORRECTAMENTE
6655,DOBLE,2,TALLA,"42,5 CM",1,VARIABLE FETAL NO DESAGREGADA CORRECTAMENTE
6655,DOBLE,2,P_CEFALICO,31,1,VARIABLE FETAL NO DESAGREGADA CORRECTAMENTE
6655,DOBLE,2,REANIMACION,NO,1,VARIABLE FETAL NO DESAGREGADA CORRECTAMENTE
6655,DOBLE,2,PINZAMIENTO,SI,1,VARIABLE FETAL NO DESAGREGADA CORRECTAMENTE
6655,DOBLE,2,APEGO_PRECOZ,SI,1,VARIABLE FETAL NO DESAGREGADA CORRECTAMENTE
6655,DOBLE,2,LACTANCIA,SI,1,VARIABLE FETAL NO DESAGREGADA CORRECTAMENTE
6655,DOBLE,2,APGAR_1,8,1,VARIABLE FETAL NO DESAGREGADA CORRECTAMENTE
6655,DOBLE,2,APGAR_1_MENOR,NO,1,VARIABLE FETAL NO DESAGREGADA CORRECTAMENTE
6655,DOBLE,2,APGAR_2,9,1,VARIABLE FETAL NO DESAGREGADA CORRECTAMENTE
6655,DOBLE,2,APGAR_5_MENOR,NO,1,VARIABLE FETAL NO DESAGREGADA CORRECTAMENTE
7173,DOBLE,2,MUERTE_INTRAUTERINA,NO,1,VARIABLE FETAL NO DESAGREGADA CORRECTAMENTE
7173,DOBLE,2,SEXO,FEMENINO,1,VARIABLE FETAL NO DESAGREGADA CORRECTAMENTE
7173,DOBLE,2,REANIMACION,NO,1,VARIABLE FETAL NO DESAGREGADA CORRECTAMENTE
7173,DOBLE,2,PINZAMIENTO,SI,1,VARIABLE FETAL NO DESAGREGADA CORRECTAMENTE
7173,DOBLE,2,APEGO_PRECOZ,SI,1,VARIABLE FETAL NO DESAGREGADA CORRECTAMENTE
7173,DOBLE,2,LACTANCIA,SI,1,VARIABLE FETAL NO DESAGREGADA CORRECTAMENTE
7173,DOBLE,2,APGAR_1,9,1,VARIABLE FETAL NO DESAGREGADA CORRECTAMENTE
7173,DOBLE,2,APGAR_1_MENOR,NO,1,VARIABLE FETAL NO DESAGREGADA CORRECTAMENTE
7173,DOBLE,2,APGAR_2,9,1,VARIABLE FETAL NO DESAGREGADA CORRECTAMENTE
7173,DOBLE,2,APGAR_5_MENOR,NO,1,VARIABLE FETAL NO DESAGREGADA CORRECTAMENTE
7181,DOBLE,2,MUERTE_INTRAUTERINA,NO,1,VARIABLE FETAL NO DESAGREGADA CORRECTAMENTE
7181,DOBLE,2,SEXO,FEMENINO,1,VARIABLE FETAL NO DESAGREGADA CORRECTAMENTE
7181,DOBLE,2,TALLA,43 CM,1,VARIABLE FETAL NO DESAGREGADA CORRECTAMENTE
7181,DOBLE,2,P_CEFALICO,"31,5",1,VARIABLE FETAL NO DESAGREGADA CORRECTAMENTE
7181,DOBLE,2,REANIMACION,NO,1,VARIABLE FETAL NO DESAGREGADA CORRECTAMENTE
7181,DOBLE,2,PINZAMIENTO,SI,1,VARIABLE FETAL NO DESAGREGADA CORRECTAMENTE
7181,DOBLE,2,APEGO_PRECOZ,SI,1,VARIABLE FETAL NO DESAGREGADA CORRECTAMENTE
7181,DOBLE,2,LACTANCIA,SI,1,VARIABLE FETAL NO DESAGREGADA CORRECTAMENTE
7181,DOBLE,2,APGAR_1,6,1,VARIABLE FETAL NO DESAGREGADA CORRECTAMENTE
7181,DOBLE,2,APGAR_1_MENOR,SI,1,VARIABLE FETAL NO DESAGREGADA CORRECTAMENTE
7181,DOBLE,2,APGAR_2,8,1,VARIABLE FETAL NO DESAGREGADA CORRECTAMENTE
7181,DOBLE,2,APGAR_5_MENOR,NO,1,VARIABLE FETAL NO DESAGREGADA CORRECTAMENTE
7507,DOBLE,2,MUERTE_INTRAUTERINA,NO,1,VARIABLE FETAL NO DESAGREGADA CORRECTAMENTE
7507,DOBLE,2,TALLA,"41,5 CM",1,VARIABLE FETAL NO DESAGREGADA CORRECTAMENTE
7507,DOBLE,2,P_CEFALICO,29,1,VARIABLE FETAL NO DESAGREGADA CORRECTAMENTE
7507,DOBLE,2,REANIMACION,NO,1,VARIABLE FETAL NO DESAGREGADA CORRECTAMENTE
7507,DOBLE,2,PINZAMIENTO,SI,1,VARIABLE FETAL NO DESAGREGADA CORRECTAMENTE
7507,DOBLE,2,APEGO_PRECOZ,NO,1,VARIABLE FETAL NO DESAGREGADA CORRECTAMENTE
7507,DOBLE,2,LACTANCIA,NO,1,VARIABLE FETAL NO DESAGREGADA CORRECTAMENTE
7507,DOBLE,2,APGAR_1,9,1,VARIABLE FETAL NO DESAGREGADA CORRECTAMENTE
7507,DOBLE,2,APGAR_1_MENOR,NO,1,VARIABLE FETAL NO DESAGREGADA CORRECTAMENTE
7507,DOBLE,2,APGAR_2,9,1,VARIABLE FETAL NO DESAGREGADA CORRECTAMENTE
7507,DOBLE,2,APGAR_5_MENOR,NO,1,VARIABLE FETAL NO DESAGREGADA CORRECTAMENTE
8119,DOBLE,2,MUERTE_INTRAUTERINA,NO,1,VARIABLE FETAL NO DESAGREGADA CORRECTAMENTE
8119,DOBLE,2,SEXO,MASCULINO,1,VARIABLE FETAL NO DESAGREGADA CORRECTAMENTE
8119,DOBLE,2,REANIMACION,NO,1,VARIABLE FETAL NO DESAGREGADA CORRECTAMENTE
8119,DOBLE,2,PINZAMIENTO,SI,1,VARIABLE FETAL NO DESAGREGADA CORRECTAMENTE
8119,DOBLE,2,APEGO_PRECOZ,SI,1,VARIABLE FETAL NO DESAGREGADA CORRECTAMENTE
8119,DOBLE,2,LACTANCIA,SI,1,VARIABLE FETAL NO DESAGREGADA CORRECTAMENTE
8119,DOBLE,2,APGAR_1,9,1,VARIABLE FETAL NO DESAGREGADA CORRECTAMENTE
8119,DOBLE,2,APGAR_1_MENOR,NO,1,VARIABLE FETAL NO DESAGREGADA CORRECTAMENTE
8119,DOBLE,2,APGAR_2,9,1,VARIABLE FETAL NO DESAGREGADA CORRECTAMENTE
8119,DOBLE,2,APGAR_5_MENOR,NO,1,VARIABLE FETAL NO DESAGREGADA CORRECTAMENTE
8189,DOBLE,2,MUERTE_INTRAUTERINA,NO,1,VARIABLE FETAL NO DESAGREGADA CORRECTAMENTE
8189,DOBLE,2,SEXO,FEMENINO,1,VARIABLE FETAL NO DESAGREGADA CORRECTAMENTE
8189,DOBLE,2,REANIMACION,SI,1,VARIABLE FETAL NO DESAGREGADA CORRECTAMENTE
8189,DOBLE,2,PINZAMIENTO,SI,1,VARIABLE FETAL NO DESAGREGADA CORRECTAMENTE
8189,DOBLE,2,APEGO_PRECOZ,SI,1,VARIABLE FETAL NO DESAGREGADA CORRECTAMENTE
8189,DOBLE,2,LACTANCIA,SI,1,VARIABLE FETAL NO DESAGREGADA CORRECTAMENTE
8189,DOBLE,2,APGAR_1,8,1,VARIABLE FETAL NO DESAGREGADA CORRECTAMENTE
8189,DOBLE,2,APGAR_1_MENOR,NO,1,VARIABLE FETAL NO DESAGREGADA CORRECTAMENTE
8189,DOBLE,2,APGAR_2,9,1,VARIABLE FETAL NO DESAGREGADA CORRECTAMENTE
8189,DOBLE,2,APGAR_5_MENOR,NO,1,VARIABLE FETAL NO DESAGREGADA CORRECTAMENTE
8322,DOBLE,2,MUERTE_INTRAUTERINA,NO,1,VARIABLE FETAL NO DESAGREGADA CORRECTAMENTE
8322,DOBLE,2,P_CEFALICO,32,1,VARIABLE FETAL NO DESAGREGADA CORRECTAMENTE
8322,DOBLE,2,REANIMACION,SI,1,VARIABLE FETAL NO DESAGREGADA CORRECTAMENTE
8322,DOBLE,2,PINZAMIENTO,SI,1,VARIABLE FETAL NO DESAGREGADA CORRECTAMENTE
8322,DOBLE,2,APEGO_PRECOZ,SI,1,VARIABLE FETAL NO DESAGREGADA CORRECTAMENTE
8322,DOBLE,2,LACTANCIA,SI,1,VARIABLE FETAL NO DESAGREGADA CORRECTAMENTE
8322,DOBLE,2,APGAR_1,8,1,VARIABLE FETAL NO DESAGREGADA CORRECTAMENTE
8322,DOBLE,2,APGAR_1_MENOR,NO,1,VARIABLE FETAL NO DESAGREGADA CORRECTAMENTE
8322,DOBLE,2,APGAR_2,9,1,VARIABLE FETAL NO DESAGREGADA CORRECTAMENTE
8322,DOBLE,2,APGAR_5_MENOR,NO,1,VARIABLE FETAL NO DESAGREGADA CORRECTAMENTE
8423,DOBLE,2,MUERTE_INTRAUTERINA,SI,1,VARIABLE FETAL NO DESAGREGADA CORRECTAMENTE
8423,DOBLE,2,SEXO,MASCULINO,1,VARIABLE FETAL NO DESAGREGADA CORRECTAMENTE
8423,DOBLE,2,REANIMACION,NO,1,VARIABLE FETAL NO DESAGREGADA CORRECTAMENTE
8423,DOBLE,2,PINZAMIENTO,SI,1,VARIABLE FETAL NO DESAGREGADA CORRECTAMENTE
8423,DOBLE,2,APEGO_PRECOZ,NO,1,VARIABLE FETAL NO DESAGREGADA CORRECTAMENTE
8423,DOBLE,2,LACTANCIA,NO,1,VARIABLE FETAL NO DESAGREGADA CORRECTAMENTE
8423,DOBLE,2,APGAR_1,0,1,VARIABLE FETAL NO DESAGREGADA CORRECTAMENTE
8423,DOBLE,2,APGAR_1_MENOR,SI,1,VARIABLE FETAL NO DESAGREGADA CORRECTAMENTE
8423,DOBLE,2,APGAR_2,0,1,VARIABLE FETAL NO DESAGREGADA CORRECTAMENTE
8423,DOBLE,2,APGAR_5_MENOR,SI,1,VARIABLE FETAL NO DESAGREGADA CORRECTAMENTE
8685,DOBLE,2,MUERTE_INTRAUTERINA,NO,1,VARIABLE FETAL NO DESAGREGADA CORRECTAMENTE
8685,DOBLE,2,REANIMACION,NO,1,VARIABLE FETAL NO DESAGREGADA CORRECTAMENTE
8685,DOBLE,2,PINZAMIENTO,SI,1,VARIABLE FETAL NO DESAGREGADA CORRECTAMENTE
8685,DOBLE,2,APEGO_PRECOZ,NO,1,VARIABLE FETAL NO DESAGREGADA CORRECTAMENTE
8685,DOBLE,2,LACTANCIA,NO,1,VARIABLE FETAL NO DESAGREGADA CORRECTAMENTE
8685,DOBLE,2,APGAR_1,9,1,VARIABLE FETAL NO DESAGREGADA CORRECTAMENTE
8685,DOBLE,2,APGAR_1_MENOR,NO,1,VARIABLE FETAL NO DESAGREGADA CORRECTAMENTE
8685,DOBLE,2,APGAR_2,9,1,VARIABLE FETAL NO DESAGREGADA CORRECTAMENTE
8685,DOBLE,2,APGAR_5_MENOR,NO,1,VARIABLE FETAL NO DESAGREGADA CORRECTAMENTE
8928,DOBLE,2,MUERTE_INTRAUTERINA,NO,1,VARIABLE FETAL NO DESAGREGADA CORRECTAMENTE
8928,DOBLE,2,SEXO,MASCULINO,1,VARIABLE FETAL NO DESAGREGADA CORRECTAMENTE
8928,DOBLE,2,PESO,2471,1,VARIABLE FETAL NO DESAGREGADA CORRECTAMENTE
8928,DOBLE,2,TALLA,"46,5 CM",1,VARIABLE FETAL NO DESAGREGADA CORRECTAMENTE
8928,DOBLE,2,P_CEFALICO,34,1,VARIABLE FETAL NO DESAGREGADA CORRECTAMENTE
8928,DOBLE,2,REANIMACION,SI,1,VARIABLE FETAL NO DESAGREGADA CORRECTAMENTE
8928,DOBLE,2,PINZAMIENTO,NO,1,VARIABLE FETAL NO DESAGREGADA CORRECTAMENTE
8928,DOBLE,2,APEGO_PRECOZ,NO,1,VARIABLE FETAL NO DESAGREGADA CORRECTAMENTE
8928,DOBLE,2,LACTANCIA,NO,1,VARIABLE FETAL NO DESAGREGADA CORRECTAMENTE
8928,DOBLE,2,APGAR_1,9,1,VARIABLE FETAL NO DESAGREGADA CORRECTAMENTE
8928,DOBLE,2,APGAR_1_MENOR,NO,1,VARIABLE FETAL NO DESAGREGADA CORRECTAMENTE
8928,DOBLE,2,APGAR_2,9,1,VARIABLE FETAL NO DESAGREGADA CORRECTAMENTE
8928,DOBLE,2,APGAR_5_MENOR,NO,1,VARIABLE FETAL NO DESAGREGADA CORRECTAMENTE
9019,DOBLE,2,MUERTE_INTRAUTERINA,NO,1,VARIABLE FETAL NO DESAGREGADA CORRECTAMENTE
9019,DOBLE,2,SEXO,FEMENINO,1,VARIABLE FETAL NO DESAGREGADA CORRECTAMENTE
9019,DOBLE,2,PESO,2800,1,VARIABLE FETAL NO DESAGREGADA CORRECTAMENTE
9019,DOBLE,2,TALLA,49 CM,1,VARIABLE FETAL NO DESAGREGADA CORRECTAMENTE
9019,DOBLE,2,P_CEFALICO,"34,6",1,VARIABLE FETAL NO DESAGREGADA CORRECTAMENTE
9019,DOBLE,2,REANIMACION,NO,1,VARIABLE FETAL NO DESAGREGADA CORRECTAMENTE
9019,DOBLE,2,PINZAMIENTO,SI,1,VARIABLE FETAL NO DESAGREGADA CORRECTAMENTE
9019,DOBLE,2,APEGO_PRECOZ,SI,1,VARIABLE FETAL NO DESAGREGADA CORRECTAMENTE
9019,DOBLE,2,LACTANCIA,SI,1,VARIABLE FETAL NO DESAGREGADA CORRECTAMENTE
9019,DOBLE,2,APGAR_1,9,1,VARIABLE FETAL NO DESAGREGADA CORRECTAMENTE
9019,DOBLE,2,APGAR_1_MENOR,NO,1,VARIABLE FETAL NO DESAGREGADA CORRECTAMENTE
9019,DOBLE,2,APGAR_2,9,1,VARIABLE FETAL NO DESAGREGADA CORRECTAMENTE
9019,DOBLE,2,APGAR_5_MENOR,NO,1,VARIABLE FETAL NO DESAGREGADA CORRECTAMENTE
9062,DOBLE,2,MUERTE_INTRAUTERINA,NO,1,VARIABLE FETAL NO DESAGREGADA CORRECTAMENTE
9062,DOBLE,2,SEXO,MASCULINO,1,VARIABLE FETAL NO DESAGREGADA CORRECTAMENTE
9062,DOBLE,2,PESO,2405,1,VARIABLE FETAL NO DESAGREGADA CORRECTAMENTE
9062,DOBLE,2,TALLA,0,1,VARIABLE FETAL NO DESAGREGADA CORRECTAMENTE
9062,DOBLE,2,P_CEFALICO,0,1,VARIABLE FETAL NO DESAGREGADA CORRECTAMENTE
9062,DOBLE,2,REANIMACION,NO,1,VARIABLE FETAL NO DESAGREGADA CORRECTAMENTE
9062,DOBLE,2,PINZAMIENTO,SI,1,VARIABLE FETAL NO DESAGREGADA CORRECTAMENTE
9062,DOBLE,2,APEGO_PRECOZ,SI,1,VARIABLE FETAL NO DESAGREGADA CORRECTAMENTE
9062,DOBLE,2,LACTANCIA,SI,1,VARIABLE FETAL NO DESAGREGADA CORRECTAMENTE
9062,DOBLE,2,APGAR_1,9,1,VARIABLE FETAL NO DESAGREGADA CORRECTAMENTE
9062,DOBLE,2,APGAR_1_MENOR,NO,1,VARIABLE FETAL NO DESAGREGADA CORRECTAMENTE
9062,DOBLE,2,APGAR_2,9,1,VARIABLE FETAL NO DESAGREGADA CORRECTAMENTE
9062,DOBLE,2,APGAR_5_MENOR,NO,1,VARIABLE FETAL NO DESAGREGADA CORRECTAMENTE
9160,CUÁDRUPLE,4,MUERTE_INTRAUTERINA,NO,1,VARIABLE FETAL NO DESAGREGADA CORRECTAMENTE
9160,CUÁDRUPLE,4,SEXO,MASCULINO,1,VARIABLE FETAL NO DESAGREGADA CORRECTAMENTE
9160,CUÁDRUPLE,4,PESO,3460,1,VARIABLE FETAL NO DESAGREGADA CORRECTAMENTE
9160,CUÁDRUPLE,4,TALLA,50 CM,1,VARIABLE FETAL NO DESAGREGADA CORRECTAMENTE
9160,CUÁDRUPLE,4,P_CEFALICO,"36,1",1,VARIABLE FETAL NO DESAGREGADA CORRECTAMENTE
9160,CUÁDRUPLE,4,REANIMACION,NO,1,VARIABLE FETAL NO DESAGREGADA CORRECTAMENTE
9160,CUÁDRUPLE,4,PINZAMIENTO,SI,1,VARIABLE FETAL NO DESAGREGADA CORRECTAMENTE
9160,CUÁDRUPLE,4,APEGO_PRECOZ,SI,1,VARIABLE FETAL NO DESAGREGADA CORRECTAMENTE
9160,CUÁDRUPLE,4,LACTANCIA,SI,1,VARIABLE FETAL NO DESAGREGADA CORRECTAMENTE
9160,CUÁDRUPLE,4,APGAR_1,9,1,VARIABLE FETAL NO DESAGREGADA CORRECTAMENTE
9160,CUÁDRUPLE,4,APGAR_1_MENOR,NO,1,VARIABLE FETAL NO DESAGREGADA CORRECTAMENTE
9160,CUÁDRUPLE,4,APGAR_2,9,1,VARIABLE FETAL NO DESAGREGADA CORRECTAMENTE
9160,CUÁDRUPLE,4,APGAR_5_MENOR,NO,1,VARIABLE FETAL NO DESAGREGADA CORRECTAMENTE
9448,DOBLE,2,MUERTE_INTRAUTERINA,NO,1,VARIABLE FETAL NO DESAGREGADA CORRECTAMENTE
9448,DOBLE,2,SEXO,FEMENINO,1,VARIABLE FETAL NO DESAGREGADA CORRECTAMENTE
9448,DOBLE,2,PESO,2450,1,VARIABLE FETAL NO DESAGREGADA CORRECTAMENTE
9448,DOBLE,2,TALLA,45 CM,1,VARIABLE FETAL NO DESAGREGADA CORRECTAMENTE
9448,DOBLE,2,P_CEFALICO,0,1,VARIABLE FETAL NO DESAGREGADA CORRECTAMENTE
9448,DOBLE,2,REANIMACION,NO,1,VARIABLE FETAL NO DESAGREGADA CORRECTAMENTE
9448,DOBLE,2,PINZAMIENTO,SI,1,VARIABLE FETAL NO DESAGREGADA CORRECTAMENTE
9448,DOBLE,2,APEGO_PRECOZ,SI,1,VARIABLE FETAL NO DESAGREGADA CORRECTAMENTE
9448,DOBLE,2,LACTANCIA,SI,1,VARIABLE FETAL NO DESAGREGADA CORRECTAMENTE
9448,DOBLE,2,APGAR_1,9,1,VARIABLE FETAL NO DESAGREGADA CORRECTAMENTE
9448,DOBLE,2,APGAR_1_MENOR,NO,1,VARIABLE FETAL NO DESAGREGADA CORRECTAMENTE
9448,DOBLE,2,APGAR_2,9,1,VARIABLE FETAL NO DESAGREGADA CORRECTAMENTE
9448,DOBLE,2,APGAR_5_MENOR,NO,1,VARIABLE FETAL NO DESAGREGADA CORRECTAMENTE
9985,DOBLE,2,MUERTE_INTRAUTERINA,NO,1,VARIABLE FETAL NO DESAGREGADA CORRECTAMENTE
9985,DOBLE,2,SEXO,FEMENINO,1,VARIABLE FETAL NO DESAGREGADA CORRECTAMENTE
9985,DOBLE,2,PESO,2725,1,VARIABLE FETAL NO DESAGREGADA CORRECTAMENTE
9985,DOBLE,2,TALLA,47 CM,1,VARIABLE FETAL NO DESAGREGADA CORRECTAMENTE
9985,DOBLE,2,P_CEFALICO,"33,6",1,VARIABLE FETAL NO DESAGREGADA CORRECTAMENTE
9985,DOBLE,2,REANIMACION,SI,1,VARIABLE FETAL NO DESAGREGADA CORRECTAMENTE
9985,DOBLE,2,PINZAMIENTO,NO,1,VARIABLE FETAL NO DESAGREGADA CORRECTAMENTE
9985,DOBLE,2,APEGO_PRECOZ,NO,1,VARIABLE FETAL NO DESAGREGADA CORRECTAMENTE
9985,DOBLE,2,LACTANCIA,NO,1,VARIABLE FETAL NO DESAGREGADA CORRECTAMENTE
9985,DOBLE,2,APGAR_1,9,1,VARIABLE FETAL NO DESAGREGADA CORRECTAMENTE
9985,DOBLE,2,APGAR_1_MENOR,NO,1,VARIABLE FETAL NO DESAGREGADA CORRECTAMENTE
9985,DOBLE,2,APGAR_2,9,1,VARIABLE FETAL NO DESAGREGADA CORRECTAMENTE
9985,DOBLE,2,APGAR_5_MENOR,NO,1,VARIABLE FETAL NO DESAGREGADA CORRECTAMENTE
10513,DOBLE,2,MUERTE_INTRAUTERINA,NO,1,VARIABLE FETAL NO DESAGREGADA CORRECTAMENTE
10513,DOBLE,2,SEXO,MASCULINO,1,VARIABLE FETAL NO DESAGREGADA CORRECTAMENTE
10513,DOBLE,2,PESO,0,1,VARIABLE FETAL NO DESAGREGADA CORRECTAMENTE
10513,DOBLE,2,TALLA,45 CM,1,VARIABLE FETAL NO DESAGREGADA CORRECTAMENTE
10513,DOBLE,2,P_CEFALICO,"36,8",1,VARIABLE FETAL NO DESAGREGADA CORRECTAMENTE
10513,DOBLE,2,REANIMACION,NO,1,VARIABLE FETAL NO DESAGREGADA CORRECTAMENTE
10513,DOBLE,2,PINZAMIENTO,SI,1,VARIABLE FETAL NO DESAGREGADA CORRECTAMENTE
10513,DOBLE,2,APEGO_PRECOZ,SI,1,VARIABLE FETAL NO DESAGREGADA CORRECTAMENTE
10513,DOBLE,2,LACTANCIA,SI,1,VARIABLE FETAL NO DESAGREGADA CORRECTAMENTE
10513,DOBLE,2,APGAR_1,8,1,VARIABLE FETAL NO DESAGREGADA CORRECTAMENTE
10513,DOBLE,2,APGAR_1_MENOR,NO,1,VARIABLE FETAL NO DESAGREGADA CORRECTAMENTE
10513,DOBLE,2,APGAR_2,9,1,VARIABLE FETAL NO DESAGREGADA CORRECTAMENTE
10513,DOBLE,2,APGAR_5_MENOR,NO,1,VARIABLE FETAL NO DESAGREGADA CORRECTAMENTE
10743,DOBLE,2,MUERTE_INTRAUTERINA,NO,1,VARIABLE FETAL NO DESAGREGADA CORRECTAMENTE
10743,DOBLE,2,SEXO,FEMENINO,1,VARIABLE FETAL NO DESAGREGADA CORRECTAMENTE
10743,DOBLE,2,PESO,2055,1,VARIABLE FETAL NO DESAGREGADA CORRECTAMENTE
10743,DOBLE,2,TALLA,"42,5 CM",1,VARIABLE FETAL NO DESAGREGADA CORRECTAMENTE
10743,DOBLE,2,P_CEFALICO,29,1,VARIABLE FETAL NO DESAGREGADA CORRECTAMENTE
10743,DOBLE,2,REANIMACION,SI,1,VARIABLE FETAL NO DESAGREGADA CORRECTAMENTE
10743,DOBLE,2,PINZAMIENTO,SI,1,VARIABLE FETAL NO DESAGREGADA CORRECTAMENTE
10743,DOBLE,2,APEGO_PRECOZ,NO,1,VARIABLE FETAL NO DESAGREGADA CORRECTAMENTE
10743,DOBLE,2,LACTANCIA,NO,1,VARIABLE FETAL NO DESAGREGADA CORRECTAMENTE
10743,DOBLE,2,APGAR_1,9,1,VARIABLE FETAL NO DESAGREGADA CORRECTAMENTE
10743,DOBLE,2,APGAR_1_MENOR,NO,1,VARIABLE FETAL NO DESAGREGADA CORRECTAMENTE
10743,DOBLE,2,APGAR_2,9,1,VARIABLE FETAL NO DESAGREGADA CORRECTAMENTE
10743,DOBLE,2,APGAR_5_MENOR,NO,1,VARIABLE FETAL NO DESAGREGADA CORRECTAMENTE
10895,DOBLE,2,MUERTE_INTRAUTERINA,NO,1,VARIABLE FETAL NO DESAGREGADA CORRECTAMENTE
10895,DOBLE,2,SEXO,FEMENINO,1,VARIABLE FETAL NO DESAGREGADA CORRECTAMENTE
10895,DOBLE,2,PESO,2004,1,VARIABLE FETAL NO DESAGREGADA CORRECTAMENTE
10895,DOBLE,2,TALLA,"43,5 CM",1,VARIABLE FETAL NO DESAGREGADA CORRECTAMENTE
10895,DOBLE,2,P_CEFALICO,"31,5",1,VARIABLE FETAL NO DESAGREGADA CORRECTAMENTE
10895,DOBLE,2,REANIMACION,NO,1,VARIABLE FETAL NO DESAGREGADA CORRECTAMENTE
10895,DOBLE,2,PINZAMIENTO,SI,1,VARIABLE FETAL NO DESAGREGADA CORRECTAMENTE
10895,DOBLE,2,APEGO_PRECOZ,NO,1,VARIABLE FETAL NO DESAGREGADA CORRECTAMENTE
10895,DOBLE,2,LACTANCIA,SI,1,VARIABLE FETAL NO DESAGREGADA CORRECTAMENTE
10895,DOBLE,2,APGAR_1,9,1,VARIABLE FETAL NO DESAGREGADA CORRECTAMENTE
10895,DOBLE,2,APGAR_1_MENOR,NO,1,VARIABLE FETAL NO DESAGREGADA CORRECTAMENTE
10895,DOBLE,2,APGAR_2,9,1,VARIABLE FETAL NO DESAGREGADA CORRECTAMENTE
10895,DOBLE,2,APGAR_5_MENOR,NO,1,VARIABLE FETAL NO DESAGREGADA CORRECTAMENTE
10924,DOBLE,2,MUERTE_INTRAUTERINA,NO,1,VARIABLE FETAL NO DESAGREGADA CORRECTAMENTE
10924,DOBLE,2,SEXO,FEMENINO,1,VARIABLE FETAL NO DESAGREGADA CORRECTAMENTE
10924,DOBLE,2,PESO,2610,1,VARIABLE FETAL NO DESAGREGADA CORRECTAMENTE
10924,DOBLE,2,TALLA,47 CM,1,VARIABLE FETAL NO DESAGREGADA CORRECTAMENTE
10924,DOBLE,2,P_CEFALICO,"33,7",1,VARIABLE FETAL NO DESAGREGADA CORRECTAMENTE
10924,DOBLE,2,REANIMACION,NO,1,VARIABLE FETAL NO DESAGREGADA CORRECTAMENTE
10924,DOBLE,2,PINZAMIENTO,SI,1,VARIABLE FETAL NO DESAGREGADA CORRECTAMENTE
10924,DOBLE,2,APEGO_PRECOZ,SI,1,VARIABLE FETAL NO DESAGREGADA CORRECTAMENTE
10924,DOBLE,2,LACTANCIA,SI,1,VARIABLE FETAL NO DESAGREGADA CORRECTAMENTE
10924,DOBLE,2,APGAR_1,9,1,VARIABLE FETAL NO DESAGREGADA CORRECTAMENTE
10924,DOBLE,2,APGAR_1_MENOR,NO,1,VARIABLE FETAL NO DESAGREGADA CORRECTAMENTE
10924,DOBLE,2,APGAR_2,9,1,VARIABLE FETAL NO DESAGREGADA CORRECTAMENTE
10924,DOBLE,2,APGAR_5_MENOR,NO,1,VARIABLE FETAL NO DESAGREGADA CORRECTAMENTE
11493,DOBLE,2,MUERTE_INTRAUTERINA,NO,1,VARIABLE FETAL NO DESAGREGADA CORRECTAMENTE
11493,DOBLE,2,SEXO,MASCULINO,1,VARIABLE FETAL NO DESAGREGADA CORRECTAMENTE
11493,DOBLE,2,PESO,1760,1,VARIABLE FETAL NO DESAGREGADA CORRECTAMENTE
11493,DOBLE,2,TALLA,"43,5 CM",1,VARIABLE FETAL NO DESAGREGADA CORRECTAMENTE
11493,DOBLE,2,P_CEFALICO,"31,3",1,VARIABLE FETAL NO DESAGREGADA CORRECTAMENTE
11493,DOBLE,2,REANIMACION,SI,1,VARIABLE FETAL NO DESAGREGADA CORRECTAMENTE
11493,DOBLE,2,PINZAMIENTO,SI,1,VARIABLE FETAL NO DESAGREGADA CORRECTAMENTE
11493,DOBLE,2,APEGO_PRECOZ,NO,1,VARIABLE FETAL NO DESAGREGADA CORRECTAMENTE
11493,DOBLE,2,LACTANCIA,NO,1,VARIABLE FETAL NO DESAGREGADA CORRECTAMENTE
11493,DOBLE,2,APGAR_1,9,1,VARIABLE FETAL NO DESAGREGADA CORRECTAMENTE
11493,DOBLE,2,APGAR_1_MENOR,NO,1,VARIABLE FETAL NO DESAGREGADA CORRECTAMENTE
11493,DOBLE,2,APGAR_2,9,1,VARIABLE FETAL NO DESAGREGADA CORRECTAMENTE
11493,DOBLE,2,APGAR_5_MENOR,NO,1,VARIABLE FETAL NO DESAGREGADA CORRECTAMENTE
11495,DOBLE,2,MUERTE_INTRAUTERINA,NO,1,VARIABLE FETAL NO DESAGREGADA CORRECTAMENTE
11495,DOBLE,2,SEXO,FEMENINO,1,VARIABLE FETAL NO DESAGREGADA CORRECTAMENTE
11495,DOBLE,2,PESO,2525,1,VARIABLE FETAL NO DESAGREGADA CORRECTAMENTE
11495,DOBLE,2,TALLA,"46,5 CM",1,VARIABLE FETAL NO DESAGREGADA CORRECTAMENTE
11495,DOBLE,2,P_CEFALICO,"33,6",1,VARIABLE FETAL NO DESAGREGADA CORRECTAMENTE
11495,DOBLE,2,REANIMACION,NO,1,VARIABLE FETAL NO DESAGREGADA CORRECTAMENTE
11495,DOBLE,2,PINZAMIENTO,SI,1,VARIABLE FETAL NO DESAGREGADA CORRECTAMENTE
11495,DOBLE,2,APEGO_PRECOZ,SI,1,VARIABLE FETAL NO DESAGREGADA CORRECTAMENTE
11495,DOBLE,2,LACTANCIA,SI,1,VARIABLE FETAL NO DESAGREGADA CORRECTAMENTE
11495,DOBLE,2,APGAR_1,8,1,VARIABLE FETAL NO DESAGREGADA CORRECTAMENTE
11495,DOBLE,2,APGAR_1_MENOR,NO,1,VARIABLE FETAL NO DESAGREGADA CORRECTAMENTE
11495,DOBLE,2,APGAR_2,9,1,VARIABLE FETAL NO DESAGREGADA CORRECTAMENTE
11495,DOBLE,2,APGAR_5_MENOR,NO,1,VARIABLE FETAL NO DESAGREGADA CORRECTAMENTE
12033,DOBLE,2,MUERTE_INTRAUTERINA,NO,1,VARIABLE FETAL NO DESAGREGADA CORRECTAMENTE
12033,DOBLE,2,SEXO,MASCULINO,1,VARIABLE FETAL NO DESAGREGADA CORRECTAMENTE
12033,DOBLE,2,PESO,2920,1,VARIABLE FETAL NO DESAGREGADA CORRECTAMENTE
12033,DOBLE,2,TALLA,"48,5 CM",1,VARIABLE FETAL NO DESAGREGADA CORRECTAMENTE
12033,DOBLE,2,P_CEFALICO,"34,5",1,VARIABLE FETAL NO DESAGREGADA CORRECTAMENTE
12033,DOBLE,2,REANIMACION,SI,1,VARIABLE FETAL NO DESAGREGADA CORRECTAMENTE
12033,DOBLE,2,PINZAMIENTO,SI,1,VARIABLE FETAL NO DESAGREGADA CORRECTAMENTE
12033,DOBLE,2,APEGO_PRECOZ,NO,1,VARIABLE FETAL NO DESAGREGADA CORRECTAMENTE
12033,DOBLE,2,LACTANCIA,NO,1,VARIABLE FETAL NO DESAGREGADA CORRECTAMENTE
12033,DOBLE,2,APGAR_1,9,1,VARIABLE FETAL NO DESAGREGADA CORRECTAMENTE
12033,DOBLE,2,APGAR_1_MENOR,NO,1,VARIABLE FETAL NO DESAGREGADA CORRECTAMENTE
12033,DOBLE,2,APGAR_2,9,1,VARIABLE FETAL NO DESAGREGADA CORRECTAMENTE
12033,DOBLE,2,APGAR_5_MENOR,NO,1,VARIABLE FETAL NO DESAGREGADA CORRECTAMENTE
12504,DOBLE,2,MUERTE_INTRAUTERINA,NO,1,VARIABLE FETAL NO DESAGREGADA CORRECTAMENTE
12504,DOBLE,2,SEXO,MASCULINO,1,VARIABLE FETAL NO DESAGREGADA CORRECTAMENTE
12504,DOBLE,2,PESO,2245,1,VARIABLE FETAL NO DESAGREGADA CORRECTAMENTE
12504,DOBLE,2,TALLA,"46,5 CM",1,VARIABLE FETAL NO DESAGREGADA CORRECTAMENTE
12504,DOBLE,2,P_CEFALICO,32,1,VARIABLE FETAL NO DESAGREGADA CORRECTAMENTE
12504,DOBLE,2,REANIMACION,SI,1,VARIABLE FETAL NO DESAGREGADA CORRECTAMENTE
12504,DOBLE,2,PINZAMIENTO,SI,1,VARIABLE FETAL NO DESAGREGADA CORRECTAMENTE
12504,DOBLE,2,APEGO_PRECOZ,SI,1,VARIABLE FETAL NO DESAGREGADA CORRECTAMENTE
12504,DOBLE,2,LACTANCIA,SI,1,VARIABLE FETAL NO DESAGREGADA CORRECTAMENTE
12558,DOBLE,2,MUERTE_INTRAUTERINA,NO,1,VARIABLE FETAL NO DESAGREGADA CORRECTAMENTE
12558,DOBLE,2,PESO,1830,1,VARIABLE FETAL NO DESAGREGADA CORRECTAMENTE
12558,DOBLE,2,TALLA,45 CM,1,VARIABLE FETAL NO DESAGREGADA CORRECTAMENTE
12558,DOBLE,2,P_CEFALICO,"32,3",1,VARIABLE FETAL NO DESAGREGADA CORRECTAMENTE
12558,DOBLE,2,REANIMACION,NO,1,VARIABLE FETAL NO DESAGREGADA CORRECTAMENTE
12558,DOBLE,2,PINZAMIENTO,SI,1,VARIABLE FETAL NO DESAGREGADA CORRECTAMENTE
12558,DOBLE,2,APEGO_PRECOZ,NO,1,VARIABLE FETAL NO DESAGREGADA CORRECTAMENTE
12558,DOBLE,2,LACTANCIA,NO,1,VARIABLE FETAL NO DESAGREGADA CORRECTAMENTE
12924,DOBLE,2,MUERTE_INTRAUTERINA,NO,1,VARIABLE FETAL NO DESAGREGADA CORRECTAMENTE
12924,DOBLE,2,SEXO,FEMENINO,1,VARIABLE FETAL NO DESAGREGADA CORRECTAMENTE
12924,DOBLE,2,PESO,2185,1,VARIABLE FETAL NO DESAGREGADA CORRECTAMENTE
12924,DOBLE,2,TALLA,42 CM,1,VARIABLE FETAL NO DESAGREGADA CORRECTAMENTE
12924,DOBLE,2,P_CEFALICO,"31,1",1,VARIABLE FETAL NO DESAGREGADA CORRECTAMENTE
12924,DOBLE,2,REANIMACION,NO,1,VARIABLE FETAL NO DESAGREGADA CORRECTAMENTE
12924,DOBLE,2,PINZAMIENTO,SI,1,VARIABLE FETAL NO DESAGREGADA CORRECTAMENTE
12924,DOBLE,2,APEGO_PRECOZ,SI,1,VARIABLE FETAL NO DESAGREGADA CORRECTAMENTE
12924,DOBLE,2,LACTANCIA,SI,1,VARIABLE FETAL NO DESAGREGADA CORRECTAMENTE
13068,DOBLE,2,MUERTE_INTRAUTERINA,NO,1,VARIABLE FETAL NO DESAGREGADA CORRECTAMENTE
13068,DOBLE,2,SEXO,FEMENINO,1,VARIABLE FETAL NO DESAGREGADA CORRECTAMENTE
13068,DOBLE,2,PESO,2180,1,VARIABLE FETAL NO DESAGREGADA CORRECTAMENTE
13068,DOBLE,2,TALLA,43 CM,1,VARIABLE FETAL NO DESAGREGADA CORRECTAMENTE
13068,DOBLE,2,P_CEFALICO,"32,2",1,VARIABLE FETAL NO DESAGREGADA CORRECTAMENTE
13068,DOBLE,2,REANIMACION,SI,1,VARIABLE FETAL NO DESAGREGADA CORRECTAMENTE
13068,DOBLE,2,PINZAMIENTO,SI,1,VARIABLE FETAL NO DESAGREGADA CORRECTAMENTE
13068,DOBLE,2,APEGO_PRECOZ,NO,1,VARIABLE FETAL NO DESAGREGADA CORRECTAMENTE
13068,DOBLE,2,LACTANCIA,NO,1,VARIABLE FETAL NO DESAGREGADA CORRECTAMENTE
13456,DOBLE,2,MUERTE_INTRAUTERINA,NO,1,VARIABLE FETAL NO DESAGREGADA CORRECTAMENTE
13456,DOBLE,2,PESO,2350,1,VARIABLE FETAL NO DESAGREGADA CORRECTAMENTE
13456,DOBLE,2,TALLA,"45,5 CM",1,VARIABLE FETAL NO DESAGREGADA CORRECTAMENTE
13456,DOBLE,2,P_CEFALICO,0,1,VARIABLE FETAL NO DESAGREGADA CORRECTAMENTE
13456,DOBLE,2,REANIMACION,NO,1,VARIABLE FETAL NO DESAGREGADA CORRECTAMENTE
13456,DOBLE,2,PINZAMIENTO,SI,1,VARIABLE FETAL NO DESAGREGADA CORRECTAMENTE
13456,DOBLE,2,APEGO_PRECOZ,SI,1,VARIABLE FETAL NO DESAGREGADA CORRECTAMENTE
13456,DOBLE,2,LACTANCIA,SI,1,VARIABLE FETAL NO DESAGREGADA CORRECTAMENTE
13973,DOBLE,2,MUERTE_INTRAUTERINA,NO,1,VARIABLE FETAL NO DESAGREGADA CORRECTAMENTE
13973,DOBLE,2,SEXO,FEMENINO,1,VARIABLE FETAL NO DESAGREGADA CORRECTAMENTE
13973,DOBLE,2,PESO,1945,1,VARIABLE FETAL NO DESAGREGADA CORRECTAMENTE
13973,DOBLE,2,TALLA,42 CM,1,VARIABLE FETAL NO DESAGREGADA CORRECTAMENTE
13973,DOBLE,2,P_CEFALICO,29,1,VARIABLE FETAL NO DESAGREGADA CORRECTAMENTE
13973,DOBLE,2,REANIMACION,SI,1,VARIABLE FETAL NO DESAGREGADA CORRECTAMENTE
13973,DOBLE,2,PINZAMIENTO,SI,1,VARIABLE FETAL NO DESAGREGADA CORRECTAMENTE
13973,DOBLE,2,APEGO_PRECOZ,SI,1,VARIABLE FETAL NO DESAGREGADA CORRECTAMENTE
13973,DOBLE,2,LACTANCIA,NO,1,VARIABLE FETAL NO DESAGREGADA CORRECTAMENTE
14067,DOBLE,2,MUERTE_INTRAUTERINA,NO,1,VARIABLE FETAL NO DESAGREGADA CORRECTAMENTE
14067,DOBLE,2,SEXO,FEMENINO,1,VARIABLE FETAL NO DESAGREGADA CORRECTAMENTE
14067,DOBLE,2,TALLA,47 CM,1,VARIABLE FETAL NO DESAGREGADA CORRECTAMENTE
14067,DOBLE,2,P_CEFALICO,33,1,VARIABLE FETAL NO DESAGREGADA CORRECTAMENTE
14067,DOBLE,2,REANIMACION,SI,1,VARIABLE FETAL NO DESAGREGADA CORRECTAMENTE
14067,DOBLE,2,PINZAMIENTO,SI,1,VARIABLE FETAL NO DESAGREGADA CORRECTAMENTE
14067,DOBLE,2,APEGO_PRECOZ,SI,1,VARIABLE FETAL NO DESAGREGADA CORRECTAMENTE
14067,DOBLE,2,LACTANCIA,NO,1,VARIABLE FETAL NO DESAGREGADA CORRECTAMENTE
14225,DOBLE,2,MUERTE_INTRAUTERINA,NO,1,VARIABLE FETAL NO DESAGREGADA CORRECTAMENTE
14225,DOBLE,2,TALLA,"45,5 CM",1,VARIABLE FETAL NO DESAGREGADA CORRECTAMENTE
14225,DOBLE,2,P_CEFALICO,"32,2",1,VARIABLE FETAL NO DESAGREGADA CORRECTAMENTE
14225,DOBLE,2,REANIMACION,NO,1,VARIABLE FETAL NO DESAGREGADA CORRECTAMENTE
14225,DOBLE,2,PINZAMIENTO,SI,1,VARIABLE FETAL NO DESAGREGADA CORRECTAMENTE
14225,DOBLE,2,APEGO_PRECOZ,SI,1,VARIABLE FETAL NO DESAGREGADA CORRECTAMENTE
14225,DOBLE,2,LACTANCIA,SI,1,VARIABLE FETAL NO DESAGREGADA CORRECTAMENTE
15037,DOBLE,2,MUERTE_INTRAUTERINA,NO,1,VARIABLE FETAL NO DESAGREGADA CORRECTAMENTE
15037,DOBLE,2,SEXO,FEMENINO,1,VARIABLE FETAL NO DESAGREGADA CORRECTAMENTE
15037,DOBLE,2,TALLA,43 CM,1,VARIABLE FETAL NO DESAGREGADA CORRECTAMENTE
15037,DOBLE,2,P_CEFALICO,"31,3",1,VARIABLE FETAL NO DESAGREGADA CORRECTAMENTE
15037,DOBLE,2,REANIMACION,SI,1,VARIABLE FETAL NO DESAGREGADA CORRECTAMENTE
15037,DOBLE,2,PINZAMIENTO,SI,1,VARIABLE FETAL NO DESAGREGADA CORRECTAMENTE
15037,DOBLE,2,APEGO_PRECOZ,NO,1,VARIABLE FETAL NO DESAGREGADA CORRECTAMENTE
15037,DOBLE,2,LACTANCIA,NO,1,VARIABLE FETAL NO DESAGREGADA CORRECTAMENTE
15485,DOBLE,2,MUERTE_INTRAUTERINA,NO,1,VARIABLE FETAL NO DESAGREGADA CORRECTAMENTE
15485,DOBLE,2,SEXO,MASCULINO,1,VARIABLE FETAL NO DESAGREGADA CORRECTAMENTE
15485,DOBLE,2,TALLA,46 CM,1,VARIABLE FETAL NO DESAGREGADA CORRECTAMENTE
15485,DOBLE,2,P_CEFALICO,33,1,VARIABLE FETAL NO DESAGREGADA CORRECTAMENTE
15485,DOBLE,2,REANIMACION,SI,1,VARIABLE FETAL NO DESAGREGADA CORRECTAMENTE
15485,DOBLE,2,PINZAMIENTO,SI,1,VARIABLE FETAL NO DESAGREGADA CORRECTAMENTE
15485,DOBLE,2,APEGO_PRECOZ,SI,1,VARIABLE FETAL NO DESAGREGADA CORRECTAMENTE
15485,DOBLE,2,LACTANCIA,SI,1,VARIABLE FETAL NO DESAGREGADA CORRECTAMENTE
15488,DOBLE,2,MUERTE_INTRAUTERINA,NO,1,VARIABLE FETAL NO DESAGREGADA CORRECTAMENTE
15488,DOBLE,2,SEXO,FEMENINO,1,VARIABLE FETAL NO DESAGREGADA CORRECTAMENTE
15488,DOBLE,2,TALLA,44 CM,1,VARIABLE FETAL NO DESAGREGADA CORRECTAMENTE
15488,DOBLE,2,P_CEFALICO,29,1,VARIABLE FETAL NO DESAGREGADA CORRECTAMENTE
15488,DOBLE,2,REANIMACION,NO,1,VARIABLE FETAL NO DESAGREGADA CORRECTAMENTE
15488,DOBLE,2,PINZAMIENTO,SI,1,VARIABLE FETAL NO DESAGREGADA CORRECTAMENTE
15488,DOBLE,2,APEGO_PRECOZ,NO,1,VARIABLE FETAL NO DESAGREGADA CORRECTAMENTE
15488,DOBLE,2,LACTANCIA,NO,1,VARIABLE FETAL NO DESAGREGADA CORRECTAMENTE
15610,DOBLE,2,MUERTE_INTRAUTERINA,NO,1,VARIABLE FETAL NO DESAGREGADA CORRECTAMENTE
15610,DOBLE,2,TALLA,42 CM,1,VARIABLE FETAL NO DESAGREGADA CORRECTAMENTE
15610,DOBLE,2,P_CEFALICO,"31,5",1,VARIABLE FETAL NO DESAGREGADA CORRECTAMENTE
15610,DOBLE,2,REANIMACION,NO,1,VARIABLE FETAL NO DESAGREGADA CORRECTAMENTE
15610,DOBLE,2,PINZAMIENTO,SI,1,VARIABLE FETAL NO DESAGREGADA CORRECTAMENTE
15610,DOBLE,2,APEGO_PRECOZ,NO,1,VARIABLE FETAL NO DESAGREGADA CORRECTAMENTE
15610,DOBLE,2,LACTANCIA,NO,1,VARIABLE FETAL NO DESAGREGADA CORRECTAMENTE
15616,DOBLE,2,MUERTE_INTRAUTERINA,NO,1,VARIABLE FETAL NO DESAGREGADA CORRECTAMENTE
15616,DOBLE,2,SEXO,FEMENINO,1,VARIABLE FETAL NO DESAGREGADA CORRECTAMENTE
15616,DOBLE,2,TALLA,47 CM,1,VARIABLE FETAL NO DESAGREGADA CORRECTAMENTE
15616,DOBLE,2,P_CEFALICO,32,1,VARIABLE FETAL NO DESAGREGADA CORRECTAMENTE
15616,DOBLE,2,REANIMACION,NO,1,VARIABLE FETAL NO DESAGREGADA CORRECTAMENTE
15616,DOBLE,2,PINZAMIENTO,SI,1,VARIABLE FETAL NO DESAGREGADA CORRECTAMENTE
15616,DOBLE,2,APEGO_PRECOZ,SI,1,VARIABLE FETAL NO DESAGREGADA CORRECTAMENTE
15616,DOBLE,2,LACTANCIA,SI,1,VARIABLE FETAL NO DESAGREGADA CORRECTAMENTE
15865,DOBLE,2,MUERTE_INTRAUTERINA,NO,1,VARIABLE FETAL NO DESAGREGADA CORRECTAMENTE
15865,DOBLE,2,SEXO,MASCULINO,1,VARIABLE FETAL NO DESAGREGADA CORRECTAMENTE
15865,DOBLE,2,REANIMACION,NO,1,VARIABLE FETAL NO DESAGREGADA CORRECTAMENTE
15865,DOBLE,2,PINZAMIENTO,SI,1,VARIABLE FETAL NO DESAGREGADA CORRECTAMENTE
15865,DOBLE,2,APEGO_PRECOZ,SI,1,VARIABLE FETAL NO DESAGREGADA CORRECTAMENTE
15865,DOBLE,2,LACTANCIA,SI,1,VARIABLE FETAL NO DESAGREGADA CORRECTAMENTE
15941,DOBLE,2,MUERTE_INTRAUTERINA,NO,1,VARIABLE FETAL NO DESAGREGADA CORRECTAMENTE
15941,DOBLE,2,SEXO,FEMENINO,1,VARIABLE FETAL NO DESAGREGADA CORRECTAMENTE
15941,DOBLE,2,REANIMACION,NO,1,VARIABLE FETAL NO DESAGREGADA CORRECTAMENTE
15941,DOBLE,2,PINZAMIENTO,SI,1,VARIABLE FETAL NO DESAGREGADA CORRECTAMENTE
15941,DOBLE,2,APEGO_PRECOZ,SI,1,VARIABLE FETAL NO DESAGREGADA CORRECTAMENTE
15941,DOBLE,2,LACTANCIA,SI,1,VARIABLE FETAL NO DESAGREGADA CORRECTAMENTE
16077,DOBLE,2,MUERTE_INTRAUTERINA,NO,1,VARIABLE FETAL NO DESAGREGADA CORRECTAMENTE
16077,DOBLE,2,SEXO,MASCULINO,1,VARIABLE FETAL NO DESAGREGADA CORRECTAMENTE
16077,DOBLE,2,TALLA,36 CM,1,VARIABLE FETAL NO DESAGREGADA CORRECTAMENTE
16077,DOBLE,2,P_CEFALICO,27,1,VARIABLE FETAL NO DESAGREGADA CORRECTAMENTE
16077,DOBLE,2,REANIMACION,SI,1,VARIABLE FETAL NO DESAGREGADA CORRECTAMENTE
16077,DOBLE,2,PINZAMIENTO,SI,1,VARIABLE FETAL NO DESAGREGADA CORRECTAMENTE
16077,DOBLE,2,APEGO_PRECOZ,NO,1,VARIABLE FETAL NO DESAGREGADA CORRECTAMENTE
16077,DOBLE,2,LACTANCIA,NO,1,VARIABLE FETAL NO DESAGREGADA CORRECTAMENTE
16077,DOBLE,2,APGAR_1,7,1,VARIABLE FETAL NO DESAGREGADA CORRECTAMENTE
16077,DOBLE,2,APGAR_1_MENOR,NO,1,VARIABLE FETAL NO DESAGREGADA CORRECTAMENTE
16077,DOBLE,2,APGAR_2,9,1,VARIABLE FETAL NO DESAGREGADA CORRECTAMENTE
16077,DOBLE,2,APGAR_5_MENOR,NO,1,VARIABLE FETAL NO DESAGREGADA CORRECTAMENTE
16092,DOBLE,2,MUERTE_INTRAUTERINA,NO,1,VARIABLE FETAL NO DESAGREGADA CORRECTAMENTE
16092,DOBLE,2,TALLA,"43,5 CM",1,VARIABLE FETAL NO DESAGREGADA CORRECTAMENTE
16092,DOBLE,2,P_CEFALICO,"32,8",1,VARIABLE FETAL NO DESAGREGADA CORRECTAMENTE
16092,DOBLE,2,REANIMACION,NO,1,VARIABLE FETAL NO DESAGREGADA CORRECTAMENTE
16092,DOBLE,2,PINZAMIENTO,SI,1,VARIABLE FETAL NO DESAGREGADA CORRECTAMENTE
16092,DOBLE,2,APEGO_PRECOZ,NO,1,VARIABLE FETAL NO DESAGREGADA CORRECTAMENTE
16092,DOBLE,2,LACTANCIA,NO,1,VARIABLE FETAL NO DESAGREGADA CORRECTAMENTE
16092,DOBLE,2,APGAR_1,9,1,VARIABLE FETAL NO DESAGREGADA CORRECTAMENTE
16092,DOBLE,2,APGAR_1_MENOR,NO,1,VARIABLE FETAL NO DESAGREGADA CORRECTAMENTE
16092,DOBLE,2,APGAR_2,9,1,VARIABLE FETAL NO DESAGREGADA CORRECTAMENTE
16092,DOBLE,2,APGAR_5_MENOR,NO,1,VARIABLE FETAL NO DESAGREGADA CORRECTAMENTE
17053,DOBLE,2,MUERTE_INTRAUTERINA,NO,1,VARIABLE FETAL NO DESAGREGADA CORRECTAMENTE
17053,DOBLE,2,SEXO,MASCULINO,1,VARIABLE FETAL NO DESAGREGADA CORRECTAMENTE
17053,DOBLE,2,PESO,2535,1,VARIABLE FETAL NO DESAGREGADA CORRECTAMENTE
17053,DOBLE,2,TALLA,47 CM,1,VARIABLE FETAL NO DESAGREGADA CORRECTAMENTE
17053,DOBLE,2,P_CEFALICO,"33,5",1,VARIABLE FETAL NO DESAGREGADA CORRECTAMENTE
17053,DOBLE,2,REANIMACION,SI,1,VARIABLE FETAL NO DESAGREGADA CORRECTAMENTE
17053,DOBLE,2,PINZAMIENTO,NO,1,VARIABLE FETAL NO DESAGREGADA CORRECTAMENTE
17053,DOBLE,2,APEGO_PRECOZ,NO,1,VARIABLE FETAL NO DESAGREGADA CORRECTAMENTE
17053,DOBLE,2,LACTANCIA,NO,1,VARIABLE FETAL NO DESAGREGADA CORRECTAMENTE
17053,DOBLE,2,APGAR_1,6,1,VARIABLE FETAL NO DESAGREGADA CORRECTAMENTE
17053,DOBLE,2,APGAR_1_MENOR,SI,1,VARIABLE FETAL NO DESAGREGADA CORRECTAMENTE
17053,DOBLE,2,APGAR_2,9,1,VARIABLE FETAL NO DESAGREGADA CORRECTAMENTE
17053,DOBLE,2,APGAR_5_MENOR,NO,1,VARIABLE FETAL NO DESAGREGADA CORRECTAMENTE
17113,DOBLE,2,MUERTE_INTRAUTERINA,NO,1,VARIABLE FETAL NO DESAGREGADA CORRECTAMENTE
17113,DOBLE,2,SEXO,MASCULINO,1,VARIABLE FETAL NO DESAGREGADA CORRECTAMENTE
17113,DOBLE,2,REANIMACION,NO,1,VARIABLE FETAL NO DESAGREGADA CORRECTAMENTE
17113,DOBLE,2,PINZAMIENTO,SI,1,VARIABLE FETAL NO DESAGREGADA CORRECTAMENTE
17113,DOBLE,2,APEGO_PRECOZ,SI,1,VARIABLE FETAL NO DESAGREGADA CORRECTAMENTE
17113,DOBLE,2,LACTANCIA,SI,1,VARIABLE FETAL NO DESAGREGADA CORRECTAMENTE
17113,DOBLE,2,APGAR_1,8,1,VARIABLE FETAL NO DESAGREGADA CORRECTAMENTE
17113,DOBLE,2,APGAR_1_MENOR,NO,1,VARIABLE FETAL NO DESAGREGADA CORRECTAMENTE
17113,DOBLE,2,APGAR_2,9,1,VARIABLE FETAL NO DESAGREGADA CORRECTAMENTE
17113,DOBLE,2,APGAR_5_MENOR,NO,1,VARIABLE FETAL NO DESAGREGADA CORRECTAMENTE
17205,DOBLE,2,MUERTE_INTRAUTERINA,NO,1,VARIABLE FETAL NO DESAGREGADA CORRECTAMENTE
17205,DOBLE,2,SEXO,FEMENINO,1,VARIABLE FETAL NO DESAGREGADA CORRECTAMENTE
17205,DOBLE,2,REANIMACION,NO,1,VARIABLE FETAL NO DESAGREGADA CORRECTAMENTE
17205,DOBLE,2,PINZAMIENTO,SI,1,VARIABLE FETAL NO DESAGREGADA CORRECTAMENTE
17205,DOBLE,2,APEGO_PRECOZ,SI,1,VARIABLE FETAL NO DESAGREGADA CORRECTAMENTE
17205,DOBLE,2,LACTANCIA,SI,1,VARIABLE FETAL NO DESAGREGADA CORRECTAMENTE
17205,DOBLE,2,APGAR_1,9,1,VARIABLE FETAL NO DESAGREGADA CORRECTAMENTE
17205,DOBLE,2,APGAR_1_MENOR,NO,1,VARIABLE FETAL NO DESAGREGADA CORRECTAMENTE
17205,DOBLE,2,APGAR_2,9,1,VARIABLE FETAL NO DESAGREGADA CORRECTAMENTE
17205,DOBLE,2,APGAR_5_MENOR,NO,1,VARIABLE FETAL NO DESAGREGADA CORRECTAMENTE
17636,DOBLE,2,MUERTE_INTRAUTERINA,NO,1,VARIABLE FETAL NO DESAGREGADA CORRECTAMENTE
17636,DOBLE,2,REANIMACION,NO,1,VARIABLE FETAL NO DESAGREGADA CORRECTAMENTE
17636,DOBLE,2,PINZAMIENTO,SI,1,VARIABLE FETAL NO DESAGREGADA CORRECTAMENTE
17636,DOBLE,2,APEGO_PRECOZ,SI,1,VARIABLE FETAL NO DESAGREGADA CORRECTAMENTE
17636,DOBLE,2,LACTANCIA,SI,1,VARIABLE FETAL NO DESAGREGADA CORRECTAMENTE
17636,DOBLE,2,APGAR_1,9,1,VARIABLE FETAL NO DESAGREGADA CORRECTAMENTE
17636,DOBLE,2,APGAR_1_MENOR,NO,1,VARIABLE FETAL NO DESAGREGADA CORRECTAMENTE
17636,DOBLE,2,APGAR_2,9,1,VARIABLE FETAL NO DESAGREGADA CORRECTAMENTE
17636,DOBLE,2,APGAR_5_MENOR,NO,1,VARIABLE FETAL NO DESAGREGADA CORRECTAMENTE
17646,DOBLE,2,MUERTE_INTRAUTERINA,NO,1,VARIABLE FETAL NO DESAGREGADA CORRECTAMENTE
17646,DOBLE,2,REANIMACION,NO,1,VARIABLE FETAL NO DESAGREGADA CORRECTAMENTE
17646,DOBLE,2,PINZAMIENTO,SI,1,VARIABLE FETAL NO DESAGREGADA CORRECTAMENTE
17646,DOBLE,2,APEGO_PRECOZ,NO,1,VARIABLE FETAL NO DESAGREGADA CORRECTAMENTE
17646,DOBLE,2,LACTANCIA,NO,1,VARIABLE FETAL NO DESAGREGADA CORRECTAMENTE
17646,DOBLE,2,APGAR_1,9,1,VARIABLE FETAL NO DESAGREGADA CORRECTAMENTE
17646,DOBLE,2,APGAR_1_MENOR,NO,1,VARIABLE FETAL NO DESAGREGADA CORRECTAMENTE
17646,DOBLE,2,APGAR_2,9,1,VARIABLE FETAL NO DESAGREGADA CORRECTAMENTE
17646,DOBLE,2,APGAR_5_MENOR,NO,1,VARIABLE FETAL NO DESAGREGADA CORRECTAMENTE
17929,DOBLE,2,MUERTE_INTRAUTERINA,NO,1,VARIABLE FETAL NO DESAGREGADA CORRECTAMENTE
17929,DOBLE,2,REANIMACION,SI,1,VARIABLE FETAL NO DESAGREGADA CORRECTAMENTE
17929,DOBLE,2,PINZAMIENTO,SI,1,VARIABLE FETAL NO DESAGREGADA CORRECTAMENTE
17929,DOBLE,2,APEGO_PRECOZ,NO,1,VARIABLE FETAL NO DESAGREGADA CORRECTAMENTE
17929,DOBLE,2,LACTANCIA,NO,1,VARIABLE FETAL NO DESAGREGADA CORRECTAMENTE
17929,DOBLE,2,APGAR_1,8,1,VARIABLE FETAL NO DESAGREGADA CORRECTAMENTE
17929,DOBLE,2,APGAR_1_MENOR,NO,1,VARIABLE FETAL NO DESAGREGADA CORRECTAMENTE
17929,DOBLE,2,APGAR_2,9,1,VARIABLE FETAL NO DESAGREGADA CORRECTAMENTE
17929,DOBLE,2,APGAR_5_MENOR,NO,1,VARIABLE FETAL NO DESAGREGADA CORRECTAMENTE
18062,DOBLE,2,MUERTE_INTRAUTERINA,SI,1,VARIABLE FETAL NO DESAGREGADA CORRECTAMENTE
18062,DOBLE,2,SEXO,FEMENINO,1,VARIABLE FETAL NO DESAGREGADA CORRECTAMENTE
18062,DOBLE,2,TALLA,34 CM,1,VARIABLE FETAL NO DESAGREGADA CORRECTAMENTE
18062,DOBLE,2,P_CEFALICO,32,1,VARIABLE FETAL NO DESAGREGADA CORRECTAMENTE
18062,DOBLE,2,REANIMACION,NO,1,VARIABLE FETAL NO DESAGREGADA CORRECTAMENTE
18062,DOBLE,2,PINZAMIENTO,NO,1,VARIABLE FETAL NO DESAGREGADA CORRECTAMENTE
18062,DOBLE,2,APGAR_1,0,1,VARIABLE FETAL NO DESAGREGADA CORRECTAMENTE
18062,DOBLE,2,APGAR_1_MENOR,SI,1,VARIABLE FETAL NO DESAGREGADA CORRECTAMENTE
18062,DOBLE,2,APGAR_2,0,1,VARIABLE FETAL NO DESAGREGADA CORRECTAMENTE
18062,DOBLE,2,APGAR_5_MENOR,SI,1,VARIABLE FETAL NO DESAGREGADA CORRECTAMENTE
18110,DOBLE,2,MUERTE_INTRAUTERINA,NO,1,VARIABLE FETAL NO DESAGREGADA CORRECTAMENTE
18110,DOBLE,2,SEXO,FEMENINO,1,VARIABLE FETAL NO DESAGREGADA CORRECTAMENTE
18110,DOBLE,2,TALLA,"43,5 CM",1,VARIABLE FETAL NO DESAGREGADA CORRECTAMENTE
18110,DOBLE,2,P_CEFALICO,"31,9",1,VARIABLE FETAL NO DESAGREGADA CORRECTAMENTE
18110,DOBLE,2,REANIMACION,NO,1,VARIABLE FETAL NO DESAGREGADA CORRECTAMENTE
18110,DOBLE,2,PINZAMIENTO,SI,1,VARIABLE FETAL NO DESAGREGADA CORRECTAMENTE
18110,DOBLE,2,APEGO_PRECOZ,SI,1,VARIABLE FETAL NO DESAGREGADA CORRECTAMENTE
18110,DOBLE,2,LACTANCIA,SI,1,VARIABLE FETAL NO DESAGREGADA CORRECTAMENTE
18110,DOBLE,2,APGAR_1,8,1,VARIABLE FETAL NO DESAGREGADA CORRECTAMENTE
18110,DOBLE,2,APGAR_1_MENOR,NO,1,VARIABLE FETAL NO DESAGREGADA CORRECTAMENTE
18110,DOBLE,2,APGAR_2,9,1,VARIABLE FETAL NO DESAGREGADA CORRECTAMENTE
18110,DOBLE,2,APGAR_5_MENOR,NO,1,VARIABLE FETAL NO DESAGREGADA CORRECTAMENTE
19051,DOBLE,2,MUERTE_INTRAUTERINA,SI,1,VARIABLE FETAL NO DESAGREGADA CORRECTAMENTE
19051,DOBLE,2,SEXO,FEMENINO,1,VARIABLE FETAL NO DESAGREGADA CORRECTAMENTE
19051,DOBLE,2,P_CEFALICO,"32,8",1,VARIABLE FETAL NO DESAGREGADA CORRECTAMENTE
19051,DOBLE,2,REANIMACION,SI,1,VARIABLE FETAL NO DESAGREGADA CORRECTAMENTE
19051,DOBLE,2,PINZAMIENTO,SI,1,VARIABLE FETAL NO DESAGREGADA CORRECTAMENTE
19051,DOBLE,2,APEGO_PRECOZ,NO,1,VARIABLE FETAL NO DESAGREGADA CORRECTAMENTE
19051,DOBLE,2,LACTANCIA,NO,1,VARIABLE FETAL NO DESAGREGADA CORRECTAMENTE
19051,DOBLE,2,APGAR_1,0,1,VARIABLE FETAL NO DESAGREGADA CORRECTAMENTE
19051,DOBLE,2,APGAR_1_MENOR,SI,1,VARIABLE FETAL NO DESAGREGADA CORRECTAMENTE
19051,DOBLE,2,APGAR_2,0,1,VARIABLE FETAL NO DESAGREGADA CORRECTAMENTE
19051,DOBLE,2,APGAR_5_MENOR,SI,1,VARIABLE FETAL NO DESAGREGADA CORRECTAMENTE
19388,DOBLE,2,MUERTE_INTRAUTERINA,NO,1,VARIABLE FETAL NO DESAGREGADA CORRECTAMENTE
19388,DOBLE,2,SEXO,MASCULINO,1,VARIABLE FETAL NO DESAGREGADA CORRECTAMENTE
19388,DOBLE,2,P_CEFALICO,"31,6",1,VARIABLE FETAL NO DESAGREGADA CORRECTAMENTE
19388,DOBLE,2,REANIMACION,NO,1,VARIABLE FETAL NO DESAGREGADA CORRECTAMENTE
19388,DOBLE,2,PINZAMIENTO,NO,1,VARIABLE FETAL NO DESAGREGADA CORRECTAMENTE
19388,DOBLE,2,APEGO_PRECOZ,NO,1,VARIABLE FETAL NO DESAGREGADA CORRECTAMENTE
19388,DOBLE,2,LACTANCIA,NO,1,VARIABLE FETAL NO DESAGREGADA CORRECTAMENTE
19388,DOBLE,2,APGAR_1,8,1,VARIABLE FETAL NO DESAGREGADA CORRECTAMENTE
19388,DOBLE,2,APGAR_1_MENOR,NO,1,VARIABLE FETAL NO DESAGREGADA CORRECTAMENTE
19388,DOBLE,2,APGAR_2,9,1,VARIABLE FETAL NO DESAGREGADA CORRECTAMENTE
19388,DOBLE,2,APGAR_5_MENOR,NO,1,VARIABLE FETAL NO DESAGREGADA CORRECTAMENTE
20017,DOBLE,2,MUERTE_INTRAUTERINA,NO,1,VARIABLE FETAL NO DESAGREGADA CORRECTAMENTE
20017,DOBLE,2,SEXO,FEMENINO,1,VARIABLE FETAL NO DESAGREGADA CORRECTAMENTE
20017,DOBLE,2,TALLA,48 CM,1,VARIABLE FETAL NO DESAGREGADA CORRECTAMENTE
20017,DOBLE,2,P_CEFALICO,33,1,VARIABLE FETAL NO DESAGREGADA CORRECTAMENTE
20017,DOBLE,2,REANIMACION,NO,1,VARIABLE FETAL NO DESAGREGADA CORRECTAMENTE
20017,DOBLE,2,PINZAMIENTO,SI,1,VARIABLE FETAL NO DESAGREGADA CORRECTAMENTE
20017,DOBLE,2,APEGO_PRECOZ,SI,1,VARIABLE FETAL NO DESAGREGADA CORRECTAMENTE
20017,DOBLE,2,LACTANCIA,SI,1,VARIABLE FETAL NO DESAGREGADA CORRECTAMENTE
20017,DOBLE,2,APGAR_1,9,1,VARIABLE FETAL NO DESAGREGADA CORRECTAMENTE
20017,DOBLE,2,APGAR_1_MENOR,NO,1,VARIABLE FETAL NO DESAGREGADA CORRECTAMENTE
20017,DOBLE,2,APGAR_2,9,1,VARIABLE FETAL NO DESAGREGADA CORRECTAMENTE
20017,DOBLE,2,APGAR_5_MENOR,NO,1,VARIABLE FETAL NO DESAGREGADA CORRECTAMENTE
20462,DOBLE,2,MUERTE_INTRAUTERINA,NO,1,VARIABLE FETAL NO DESAGREGADA CORRECTAMENTE
20462,DOBLE,2,SEXO,MASCULINO,1,VARIABLE FETAL NO DESAGREGADA CORRECTAMENTE
20462,DOBLE,2,TALLA,43 CM,1,VARIABLE FETAL NO DESAGREGADA CORRECTAMENTE
20462,DOBLE,2,P_CEFALICO,32,1,VARIABLE FETAL NO DESAGREGADA CORRECTAMENTE
20462,DOBLE,2,REANIMACION,NO,1,VARIABLE FETAL NO DESAGREGADA CORRECTAMENTE
20462,DOBLE,2,PINZAMIENTO,SI,1,VARIABLE FETAL NO DESAGREGADA CORRECTAMENTE
20462,DOBLE,2,APEGO_PRECOZ,SI,1,VARIABLE FETAL NO DESAGREGADA CORRECTAMENTE
20462,DOBLE,2,LACTANCIA,SI,1,VARIABLE FETAL NO DESAGREGADA CORRECTAMENTE
20462,DOBLE,2,APGAR_1,9,1,VARIABLE FETAL NO DESAGREGADA CORRECTAMENTE
20462,DOBLE,2,APGAR_1_MENOR,NO,1,VARIABLE FETAL NO DESAGREGADA CORRECTAMENTE
20462,DOBLE,2,APGAR_2,9,1,VARIABLE FETAL NO DESAGREGADA CORRECTAMENTE
20462,DOBLE,2,APGAR_5_MENOR,NO,1,VARIABLE FETAL NO DESAGREGADA CORRECTAMENTE
20766,DOBLE,2,MUERTE_INTRAUTERINA,NO,1,VARIABLE FETAL NO DESAGREGADA CORRECTAMENTE
20766,DOBLE,2,SEXO,MASCULINO,1,VARIABLE FETAL NO DESAGREGADA CORRECTAMENTE
20766,DOBLE,2,PESO,2465,1,VARIABLE FETAL NO DESAGREGADA CORRECTAMENTE
20766,DOBLE,2,TALLA,47 CM,1,VARIABLE FETAL NO DESAGREGADA CORRECTAMENTE
20766,DOBLE,2,P_CEFALICO,33,1,VARIABLE FETAL NO DESAGREGADA CORRECTAMENTE
20766,DOBLE,2,REANIMACION,NO,1,VARIABLE FETAL NO DESAGREGADA CORRECTAMENTE
20766,DOBLE,2,PINZAMIENTO,SI,1,VARIABLE FETAL NO DESAGREGADA CORRECTAMENTE
20766,DOBLE,2,APEGO_PRECOZ,SI,1,VARIABLE FETAL NO DESAGREGADA CORRECTAMENTE
20766,DOBLE,2,LACTANCIA,SI,1,VARIABLE FETAL NO DESAGREGADA CORRECTAMENTE
20766,DOBLE,2,APGAR_1,9,1,VARIABLE FETAL NO DESAGREGADA CORRECTAMENTE
20766,DOBLE,2,APGAR_1_MENOR,NO,1,VARIABLE FETAL NO DESAGREGADA CORRECTAMENTE
20766,DOBLE,2,APGAR_2,9,1,VARIABLE FETAL NO DESAGREGADA CORRECTAMENTE
20766,DOBLE,2,APGAR_5_MENOR,NO,1,VARIABLE FETAL NO DESAGREGADA CORRECTAMENTE
21069,DOBLE,2,MUERTE_INTRAUTERINA,NO,1,VARIABLE FETAL NO DESAGREGADA CORRECTAMENTE
21069,DOBLE,2,SEXO,FEMENINO,1,VARIABLE FETAL NO DESAGREGADA CORRECTAMENTE
21069,DOBLE,2,TALLA,"47,5 CM",1,VARIABLE FETAL NO DESAGREGADA CORRECTAMENTE
21069,DOBLE,2,P_CEFALICO,"32,5",1,VARIABLE FETAL NO DESAGREGADA CORRECTAMENTE
21069,DOBLE,2,REANIMACION,NO,1,VARIABLE FETAL NO DESAGREGADA CORRECTAMENTE
21069,DOBLE,2,PINZAMIENTO,SI,1,VARIABLE FETAL NO DESAGREGADA CORRECTAMENTE
21069,DOBLE,2,APEGO_PRECOZ,SI,1,VARIABLE FETAL NO DESAGREGADA CORRECTAMENTE
21069,DOBLE,2,LACTANCIA,SI,1,VARIABLE FETAL NO DESAGREGADA CORRECTAMENTE
21069,DOBLE,2,APGAR_1,9,1,VARIABLE FETAL NO DESAGREGADA CORRECTAMENTE
21069,DOBLE,2,APGAR_1_MENOR,NO,1,VARIABLE FETAL NO DESAGREGADA CORRECTAMENTE
21069,DOBLE,2,APGAR_2,9,1,VARIABLE FETAL NO DESAGREGADA CORRECTAMENTE
21069,DOBLE,2,APGAR_5_MENOR,NO,1,VARIABLE FETAL NO DESAGREGADA CORRECTAMENTE
21191,DOBLE,2,MUERTE_INTRAUTERINA,NO,1,VARIABLE FETAL NO DESAGREGADA CORRECTAMENTE
21191,DOBLE,2,SEXO,MASCULINO,1,VARIABLE FETAL NO DESAGREGADA CORRECTAMENTE
21191,DOBLE,2,TALLA,"46,5 CM",1,VARIABLE FETAL NO DESAGREGADA CORRECTAMENTE
21191,DOBLE,2,P_CEFALICO,"31,7",1,VARIABLE FETAL NO DESAGREGADA CORRECTAMENTE
21191,DOBLE,2,REANIMACION,NO,1,VARIABLE FETAL NO DESAGREGADA CORRECTAMENTE
21191,DOBLE,2,PINZAMIENTO,SI,1,VARIABLE FETAL NO DESAGREGADA CORRECTAMENTE
21191,DOBLE,2,APEGO_PRECOZ,SI,1,VARIABLE FETAL NO DESAGREGADA CORRECTAMENTE
21191,DOBLE,2,LACTANCIA,SI,1,VARIABLE FETAL NO DESAGREGADA CORRECTAMENTE
21191,DOBLE,2,APGAR_1,9,1,VARIABLE FETAL NO DESAGREGADA CORRECTAMENTE
21191,DOBLE,2,APGAR_1_MENOR,NO,1,VARIABLE FETAL NO DESAGREGADA CORRECTAMENTE
21191,DOBLE,2,APGAR_2,9,1,VARIABLE FETAL NO DESAGREGADA CORRECTAMENTE
21191,DOBLE,2,APGAR_5_MENOR,NO,1,VARIABLE FETAL NO DESAGREGADA CORRECTAMENTE
21381,DOBLE,2,MUERTE_INTRAUTERINA,SI,1,VARIABLE FETAL NO DESAGREGADA CORRECTAMENTE
21381,DOBLE,2,SEXO,FEMENINO,1,VARIABLE FETAL NO DESAGREGADA CORRECTAMENTE
21381,DOBLE,2,REANIMACION,NO,1,VARIABLE FETAL NO DESAGREGADA CORRECTAMENTE
21381,DOBLE,2,PINZAMIENTO,SI,1,VARIABLE FETAL NO DESAGREGADA CORRECTAMENTE
21381,DOBLE,2,APEGO_PRECOZ,NO,1,VARIABLE FETAL NO DESAGREGADA CORRECTAMENTE
21381,DOBLE,2,LACTANCIA,NO,1,VARIABLE FETAL NO DESAGREGADA CORRECTAMENTE
21381,DOBLE,2,APGAR_1,0,1,VARIABLE FETAL NO DESAGREGADA CORRECTAMENTE
21381,DOBLE,2,APGAR_1_MENOR,SI,1,VARIABLE FETAL NO DESAGREGADA CORRECTAMENTE
21381,DOBLE,2,APGAR_2,0,1,VARIABLE FETAL NO DESAGREGADA CORRECTAMENTE
21381,DOBLE,2,APGAR_5_MENOR,SI,1,VARIABLE FETAL NO DESAGREGADA CORRECTAMENTE
22121,DOBLE,2,MUERTE_INTRAUTERINA,NO,1,VARIABLE FETAL NO DESAGREGADA CORRECTAMENTE
22121,DOBLE,2,SEXO,FEMENINO,1,VARIABLE FETAL NO DESAGREGADA CORRECTAMENTE
22121,DOBLE,2,REANIMACION,NO,1,VARIABLE FETAL NO DESAGREGADA CORRECTAMENTE
22121,DOBLE,2,PINZAMIENTO,SI,1,VARIABLE FETAL NO DESAGREGADA CORRECTAMENTE
22121,DOBLE,2,APEGO_PRECOZ,SI,1,VARIABLE FETAL NO DESAGREGADA CORRECTAMENTE
22121,DOBLE,2,LACTANCIA,SI,1,VARIABLE FETAL NO DESAGREGADA CORRECTAMENTE
22121,DOBLE,2,APGAR_1,8,1,VARIABLE FETAL NO DESAGREGADA CORRECTAMENTE
22121,DOBLE,2,APGAR_1_MENOR,NO,1,VARIABLE FETAL NO DESAGREGADA CORRECTAMENTE
22121,DOBLE,2,APGAR_2,9,1,VARIABLE FETAL NO DESAGREGADA CORRECTAMENTE
22121,DOBLE,2,APGAR_5_MENOR,NO,1,VARIABLE FETAL NO DESAGREGADA CORRECTAMENTE
22357,DOBLE,2,MUERTE_INTRAUTERINA,NO,1,VARIABLE FETAL NO DESAGREGADA CORRECTAMENTE
22357,DOBLE,2,SEXO,MASCULINO,1,VARIABLE FETAL NO DESAGREGADA CORRECTAMENTE
22357,DOBLE,2,TALLA,"46,5 CM",1,VARIABLE FETAL NO DESAGREGADA CORRECTAMENTE
22357,DOBLE,2,P_CEFALICO,"34,5",1,VARIABLE FETAL NO DESAGREGADA CORRECTAMENTE
22357,DOBLE,2,REANIMACION,NO,1,VARIABLE FETAL NO DESAGREGADA CORRECTAMENTE
22357,DOBLE,2,PINZAMIENTO,SI,1,VARIABLE FETAL NO DESAGREGADA CORRECTAMENTE
22357,DOBLE,2,APEGO_PRECOZ,SI,1,VARIABLE FETAL NO DESAGREGADA CORRECTAMENTE
22357,DOBLE,2,LACTANCIA,SI,1,VARIABLE FETAL NO DESAGREGADA CORRECTAMENTE
22357,DOBLE,2,APGAR_1,9,1,VARIABLE FETAL NO DESAGREGADA CORRECTAMENTE
22357,DOBLE,2,APGAR_1_MENOR,NO,1,VARIABLE FETAL NO DESAGREGADA CORRECTAMENTE
22357,DOBLE,2,APGAR_2,9,1,VARIABLE FETAL NO DESAGREGADA CORRECTAMENTE
22357,DOBLE,2,APGAR_5_MENOR,NO,1,VARIABLE FETAL NO DESAGREGADA CORRECTAMENTE
22364,DOBLE,2,MUERTE_INTRAUTERINA,NO,1,VARIABLE FETAL NO DESAGREGADA CORRECTAMENTE
22364,DOBLE,2,SEXO,MASCULINO,1,VARIABLE FETAL NO DESAGREGADA CORRECTAMENTE
22364,DOBLE,2,TALLA,"45,5 CM",1,VARIABLE FETAL NO DESAGREGADA CORRECTAMENTE
22364,DOBLE,2,REANIMACION,NO,1,VARIABLE FETAL NO DESAGREGADA CORRECTAMENTE
22364,DOBLE,2,PINZAMIENTO,SI,1,VARIABLE FETAL NO DESAGREGADA CORRECTAMENTE
22364,DOBLE,2,APEGO_PRECOZ,NO,1,VARIABLE FETAL NO DESAGREGADA CORRECTAMENTE
22364,DOBLE,2,LACTANCIA,NO,1,VARIABLE FETAL NO DESAGREGADA CORRECTAMENTE
22364,DOBLE,2,APGAR_1,8,1,VARIABLE FETAL NO DESAGREGADA CORRECTAMENTE
22364,DOBLE,2,APGAR_1_MENOR,NO,1,VARIABLE FETAL NO DESAGREGADA CORRECTAMENTE
22364,DOBLE,2,APGAR_2,9,1,VARIABLE FETAL NO DESAGREGADA CORRECTAMENTE
22364,DOBLE,2,APGAR_5_MENOR,NO,1,VARIABLE FETAL NO DESAGREGADA CORRECTAMENTE
22777,DOBLE,2,MUERTE_INTRAUTERINA,NO,1,VARIABLE FETAL NO DESAGREGADA CORRECTAMENTE
22777,DOBLE,2,TALLA,40 CM,1,VARIABLE FETAL NO DESAGREGADA CORRECTAMENTE
22777,DOBLE,2,P_CEFALICO,"32,5",1,VARIABLE FETAL NO DESAGREGADA CORRECTAMENTE
22777,DOBLE,2,REANIMACION,NO,1,VARIABLE FETAL NO DESAGREGADA CORRECTAMENTE
22777,DOBLE,2,PINZAMIENTO,SI,1,VARIABLE FETAL NO DESAGREGADA CORRECTAMENTE
22777,DOBLE,2,APEGO_PRECOZ,SI,1,VARIABLE FETAL NO DESAGREGADA CORRECTAMENTE
22777,DOBLE,2,LACTANCIA,SI,1,VARIABLE FETAL NO DESAGREGADA CORRECTAMENTE
22777,DOBLE,2,APGAR_1,8,1,VARIABLE FETAL NO DESAGREGADA CORRECTAMENTE
22777,DOBLE,2,APGAR_1_MENOR,NO,1,VARIABLE FETAL NO DESAGREGADA CORRECTAMENTE
22777,DOBLE,2,APGAR_2,9,1,VARIABLE FETAL NO DESAGREGADA CORRECTAMENTE
22777,DOBLE,2,APGAR_5_MENOR,NO,1,VARIABLE FETAL NO DESAGREGADA CORRECTAMENTE
22847,DOBLE,2,MUERTE_INTRAUTERINA,NO,1,VARIABLE FETAL NO DESAGREGADA CORRECTAMENTE
22847,DOBLE,2,SEXO,FEMENINO,1,VARIABLE FETAL NO DESAGREGADA CORRECTAMENTE
22847,DOBLE,2,TALLA,43 CM,1,VARIABLE FETAL NO DESAGREGADA CORRECTAMENTE
22847,DOBLE,2,REANIMACION,NO,1,VARIABLE FETAL NO DESAGREGADA CORRECTAMENTE
22847,DOBLE,2,PINZAMIENTO,SI,1,VARIABLE FETAL NO DESAGREGADA CORRECTAMENTE
22847,DOBLE,2,APEGO_PRECOZ,SI,1,VARIABLE FETAL NO DESAGREGADA CORRECTAMENTE
22847,DOBLE,2,LACTANCIA,SI,1,VARIABLE FETAL NO DESAGREGADA CORRECTAMENTE
22847,DOBLE,2,APGAR_1,9,1,VARIABLE FETAL NO DESAGREGADA CORRECTAMENTE
22847,DOBLE,2,APGAR_1_MENOR,NO,1,VARIABLE FETAL NO DESAGREGADA CORRECTAMENTE
22847,DOBLE,2,APGAR_2,9,1,VARIABLE FETAL NO DESAGREGADA CORRECTAMENTE
22847,DOBLE,2,APGAR_5_MENOR,NO,1,VARIABLE FETAL NO DESAGREGADA CORRECTAMENTE
22888,DOBLE,2,MUERTE_INTRAUTERINA,NO,1,VARIABLE FETAL NO DESAGREGADA CORRECTAMENTE
22888,DOBLE,2,TALLA,44 CM,1,VARIABLE FETAL NO DESAGREGADA CORRECTAMENTE
22888,DOBLE,2,P_CEFALICO,0,1,VARIABLE FETAL NO DESAGREGADA CORRECTAMENTE
22888,DOBLE,2,REANIMACION,NO,1,VARIABLE FETAL NO DESAGREGADA CORRECTAMENTE
22888,DOBLE,2,PINZAMIENTO,SI,1,VARIABLE FETAL NO DESAGREGADA CORRECTAMENTE
22888,DOBLE,2,APEGO_PRECOZ,SI,1,VARIABLE FETAL NO DESAGREGADA CORRECTAMENTE
22888,DOBLE,2,LACTANCIA,SI,1,VARIABLE FETAL NO DESAGREGADA CORRECTAMENTE
22888,DOBLE,2,APGAR_1,5,1,VARIABLE FETAL NO DESAGREGADA CORRECTAMENTE
22888,DOBLE,2,APGAR_1_MENOR,SI,1,VARIABLE FETAL NO DESAGREGADA CORRECTAMENTE
22888,DOBLE,2,APGAR_2,7,1,VARIABLE FETAL NO DESAGREGADA CORRECTAMENTE
22888,DOBLE,2,APGAR_5_MENOR,NO,1,VARIABLE FETAL NO DESAGREGADA CORRECTAMENTE
23017,DOBLE,2,MUERTE_INTRAUTERINA,NO,1,VARIABLE FETAL NO DESAGREGADA CORRECTAMENTE
23017,DOBLE,2,TALLA,46 CM,1,VARIABLE FETAL NO DESAGREGADA CORRECTAMENTE
23017,DOBLE,2,P_CEFALICO,32,1,VARIABLE FETAL NO DESAGREGADA CORRECTAMENTE
23017,DOBLE,2,REANIMACION,NO,1,VARIABLE FETAL NO DESAGREGADA CORRECTAMENTE
23017,DOBLE,2,PINZAMIENTO,SI,1,VARIABLE FETAL NO DESAGREGADA CORRECTAMENTE
23017,DOBLE,2,APEGO_PRECOZ,SI,1,VARIABLE FETAL NO DESAGREGADA CORRECTAMENTE
23017,DOBLE,2,LACTANCIA,SI,1,VARIABLE FETAL NO DESAGREGADA CORRECTAMENTE
23017,DOBLE,2,APGAR_1,9,1,VARIABLE FETAL NO DESAGREGADA CORRECTAMENTE
23017,DOBLE,2,APGAR_1_MENOR,NO,1,VARIABLE FETAL NO DESAGREGADA CORRECTAMENTE
23017,DOBLE,2,APGAR_2,9,1,VARIABLE FETAL NO DESAGREGADA CORRECTAMENTE
23017,DOBLE,2,APGAR_5_MENOR,NO,1,VARIABLE FETAL NO DESAGREGADA CORRECTAMENTE
23469,DOBLE,2,MUERTE_INTRAUTERINA,NO,1,VARIABLE FETAL NO DESAGREGADA CORRECTAMENTE
23469,DOBLE,2,SEXO,MASCULINO,1,VARIABLE FETAL NO DESAGREGADA CORRECTAMENTE
23469,DOBLE,2,REANIMACION,SI,1,VARIABLE FETAL NO DESAGREGADA CORRECTAMENTE
23469,DOBLE,2,PINZAMIENTO,SI,1,VARIABLE FETAL NO DESAGREGADA CORRECTAMENTE
23469,DOBLE,2,APEGO_PRECOZ,NO,1,VARIABLE FETAL NO DESAGREGADA CORRECTAMENTE
23469,DOBLE,2,LACTANCIA,NO,1,VARIABLE FETAL NO DESAGREGADA CORRECTAMENTE
23469,DOBLE,2,APGAR_1,7,1,VARIABLE FETAL NO DESAGREGADA CORRECTAMENTE
23469,DOBLE,2,APGAR_1_MENOR,NO,1,VARIABLE FETAL NO DESAGREGADA CORRECTAMENTE
23469,DOBLE,2,APGAR_2,9,1,VARIABLE FETAL NO DESAGREGADA CORRECTAMENTE
23469,DOBLE,2,APGAR_5_MENOR,NO,1,VARIABLE FETAL NO DESAGREGADA CORRECTAMENTE
23596,DOBLE,2,MUERTE_INTRAUTERINA,NO,1,VARIABLE FETAL NO DESAGREGADA CORRECTAMENTE
23596,DOBLE,2,SEXO,MASCULINO,1,VARIABLE FETAL NO DESAGREGADA CORRECTAMENTE
23596,DOBLE,2,TALLA,47 CM,1,VARIABLE FETAL NO DESAGREGADA CORRECTAMENTE
23596,DOBLE,2,P_CEFALICO,"33,1",1,VARIABLE FETAL NO DESAGREGADA CORRECTAMENTE
23596,DOBLE,2,REANIMACION,NO,1,VARIABLE FETAL NO DESAGREGADA CORRECTAMENTE
23596,DOBLE,2,PINZAMIENTO,SI,1,VARIABLE FETAL NO DESAGREGADA CORRECTAMENTE
23596,DOBLE,2,APEGO_PRECOZ,SI,1,VARIABLE FETAL NO DESAGREGADA CORRECTAMENTE
23596,DOBLE,2,LACTANCIA,SI,1,VARIABLE FETAL NO DESAGREGADA CORRECTAMENTE
23596,DOBLE,2,APGAR_1,7,1,VARIABLE FETAL NO DESAGREGADA CORRECTAMENTE
23596,DOBLE,2,APGAR_1_MENOR,NO,1,VARIABLE FETAL NO DESAGREGADA CORRECTAMENTE
23596,DOBLE,2,APGAR_2,8,1,VARIABLE FETAL NO DESAGREGADA CORRECTAMENTE
23596,DOBLE,2,APGAR_5_MENOR,NO,1,VARIABLE FETAL NO DESAGREGADA CORRECTAMENTE
