VARIABLE,N_FALTANTES,PORCENTAJE_FALTANTES
PESO_AL_NACIMIENTO,21056,86.32
CEDULA,20243,82.99
SEGURO,8010,32.84
MANEJO_ACTIVO,5890,24.15
DESGARROS,5874,24.08
POSICION_DEL_PARTO,5852,23.99
EPISIOTOMIA,5852,23.99
PLACENTA,5852,23.99
APGAR_1_MENOR,4454,18.26
APGAR_5_MENOR,4454,18.26
APGAR_2,4435,18.18
APGAR_1,4435,18.18
LACTANCIA,932,3.82
APEGO_PRECOZ,932,3.82
ANIO_NACIMIENTO_FETO,808,3.31
INSTRUCCION,780,3.2
P_CEFALICO,774,3.17
SESIONES_NUM,766,3.14
SESIONES,764,3.13
RIESGO_AL_INGRESO,738,3.03
ANIO_NACIMIENTO_MADRE,737,3.02
TALLA,724,2.97
SEMANAS_GESTACION_NUM,720,2.95
SEMANAS_GESTACION,720,2.95
EDAD_GESTACIONAL_CATEGORIA,720,2.95
SCORE_1,714,2.93
PESO,715,2.93
SCORE_1_NUM,715,2.93
PSICOPROFILAXIS,709,2.91
NO_CONTROLES,705,2.89
NO_CONTROLES_NUM,705,2.89
SCORE,704,2.89
SCORE_NUM,704,2.89
ESTADO_CIVIL,692,2.84
PAREJA_ESTABLE,692,2.84
GRUPO_CULTURAL,691,2.83
ETNIA_MINORITARIA,691,2.83
PINZAMIENTO,684,2.8
FECHA_NACIMIENTO,683,2.8
AFILIACION,680,2.79
FECHA_DE_EGRESO,680,2.79
ANIO_EGRESO,681,2.79
SEXO,677,2.78
RIESGO,676,2.77
ANIO_INGRESO,672,2.76
METODO,673,2.76
FECHA_INGRESO,671,2.75
CONSEJERIA_ANTICONCEPCION,665,2.73
ACOMPANADA,657,2.69
HC,651,2.67
LUGAR_DE_NACIMIENTO,652,2.67
FECHA_NACIMI_MADRE,652,2.67
ANESTESIA,650,2.66
LIGADURA,650,2.66
TIPO_PARTO,650,2.66
SOLICITO_PLACENTA,650,2.66
REANIMACION,650,2.66
EDAD_NUM,649,2.66
HEMORRAGIA,650,2.66
ANEMIA,649,2.66
EDAD,649,2.66
DESPRENDIMIENTO_PREMATURO_DE_PLACENTA,649,2.66
ID_REGISTRO,0,0.0
VIH,0,0.0
OTRA_COMPLICACIONES_DEL_EMBARAZO,0,0.0
ISOINMUNIZACION,0,0.0
ALTERACION_PLACENTA,0,0.0
OTRAS_PATOLOGIAS,0,0.0
UTERO_PARTO,0,0.0
ATENCION_CAUSAS_FETALES,0,0.0
DIABETES_EN_EL_EMBARAZO,0,0.0
HIPERTENSIVOS,0,0.0
ANOMALIAS_GENITALES,0,0.0
ANTECEDENTE_DE_CIRUGIA_UTERINA,0,0.0
OBESIDAD,0,0.0
RPM,0,0.0
MUERTE_INTRAUTERINA,0,0.0
EMBARAZO_MULTIPLE,0,0.0
CAUSAS_OBSTRUCCION,0,0.0
SUFRIMIENTO_FETAL,0,0.0
INFECCION_GENITAL,0,0.0
IVU,0,0.0
AFECTACION_SISTEMAS_QUE_COMPLICAN,0,0.0
TORCH,0,0.0
ITS,0,0.0
PRESENTACION_FETAL,0,0.0
TRASTRONOS_DE_LIQUIDO_AMNIOTICO,0,0.0
RUPTURA_UTERINA,0,0.0
ACTIVIDAD_UTERINA_INDACECUADA,0,0.0
ALTERACIONES_DEL_CORDON,0,0.0
PARTO_PROLONGADO,0,0.0
PARTO_PRECIPITADO,0,0.0
OTRAS_COMPLICACIONES_TRABAJO_DE_PARTO,0,0.0
OBSTRUCCION_DEL_PARTO,0,0.0
NUM_FETOS_ESPERADOS,0,0.0
EMBARAZO_MULTIPLE_BINARIO,0,0.0
