VARIABLE,N_CATEGORIAS_UNICAS
CEDULA,3756
FECHA_INGRESO,2205
HC,22731
EDAD,56
FECHA_NACIMI_MADRE,8823
LUGAR_DE_NACIMIENTO,133
PAREJA_ESTABLE,2
ESTADO_CIVIL,5
INSTRUCCION,4
SEGURO,2
AFILIACION,4
GRUPO_CULTURAL,7
ETNIA_MINORITARIA,2
ACOMPANADA,5
RIESGO_AL_INGRESO,3
SCORE,13
NO_CONTROLES,16
ANTECEDENTE_DE_CIRUGIA_UTERINA,2
ANOMALIAS_GENITALES,10
VIH,2
OBESIDAD,2
DIABETES_EN_EL_EMBARAZO,3
HIPERTENSIVOS,5
UTERO_PARTO,3
ATENCION_CAUSAS_FETALES,7
OTRAS_PATOLOGIAS,30
DESPRENDIMIENTO_PREMATURO_DE_PLACENTA,2
ANEMIA,2
ALTERACION_PLACENTA,6
ISOINMUNIZACION,2
OTRA_COMPLICACIONES_DEL_EMBARAZO,8
AFECTACION_SISTEMAS_QUE_COMPLICAN,7
INFECCION_GENITAL,4
IVU,2
TORCH,7
ITS,2
PRESENTACION_FETAL,5
TRASTRONOS_DE_LIQUIDO_AMNIOTICO,6
RUPTURA_UTERINA,4
ACTIVIDAD_UTERINA_INDACECUADA,2
ALTERACIONES_DEL_CORDON,2
PARTO_PROLONGADO,2
PARTO_PRECIPITADO,2
OTRAS_COMPLICACIONES_TRABAJO_DE_PARTO,2
OBSTRUCCION_DEL_PARTO,2
CAUSAS_OBSTRUCCION,5
SUFRIMIENTO_FETAL,2
RPM,2
EMBARAZO_MULTIPLE,3
PSICOPROFILAXIS,2
SESIONES,11
TIPO_PARTO,2
POSICION_DEL_PARTO,7
EPISIOTOMIA,2
DESGARROS,5
MANEJO_ACTIVO,4
PLACENTA,6
SOLICITO_PLACENTA,3
HEMORRAGIA,2
LIGADURA,3
ANESTESIA,6
MUERTE_INTRAUTERINA,2
SEXO,6
PESO,1104
PESO_AL_NACIMIENTO,1
TALLA,127
P_CEFALICO,195
SEMANAS_GESTACION,170
EDAD_GESTACIONAL_CATEGORIA,3
REANIMACION,2
PINZAMIENTO,3
APEGO_PRECOZ,2
LACTANCIA,2
FECHA_NACIMIENTO,2191
APGAR_1,14
APGAR_1_MENOR,2
APGAR_2,14
APGAR_5_MENOR,2
FECHA_DE_EGRESO,2191
RIESGO,7
SCORE_1,13
CONSEJERIA_ANTICONCEPCION,3
METODO,13
NUM_FETOS_ESPERADOS,3
ANIO_INGRESO,9
ANIO_NACIMIENTO_MADRE,55
ANIO_NACIMIENTO_FETO,8
ANIO_EGRESO,10
EDAD_NUM,56
SCORE_NUM,13
NO_CONTROLES_NUM,16
SESIONES_NUM,10
SCORE_1_NUM,12
SEMANAS_GESTACION_NUM,170
EMBARAZO_MULTIPLE_BINARIO,2
