FUENTE,ID_REGISTRO,VARIABLE,VALOR_INVALIDADO,MIN_CONTROL,MAX_CONTROL,ACCION
EMBARAZO,40,EDAD_NUM,6.0,10,55,CONVERTIDO_A_NA_EN_VARIABLE_NUMERICA
EMBARAZO,93,EDAD_NUM,6.0,10,55,CONVERTIDO_A_NA_EN_VARIABLE_NUMERICA
EMBARAZO,97,EDAD_NUM,6.0,10,55,CONVERTIDO_A_NA_EN_VARIABLE_NUMERICA
EMBARAZO,101,EDAD_NUM,6.0,10,55,CONVERTIDO_A_NA_EN_VARIABLE_NUMERICA
EMBARAZO,174,EDAD_NUM,7.0,10,55,CONVERTIDO_A_NA_EN_VARIABLE_NUMERICA
EMBARAZO,207,EDAD_NUM,6.0,10,55,CONVERTIDO_A_NA_EN_VARIABLE_NUMERICA
EMBARAZO,239,EDAD_NUM,7.0,10,55,CONVERTIDO_A_NA_EN_VARIABLE_NUMERICA
EMBARAZO,242,EDAD_NUM,7.0,10,55,CONVERTIDO_A_NA_EN_VARIABLE_NUMERICA
EMBARAZO,258,EDAD_NUM,0.0,10,55,CONVERTIDO_A_NA_EN_VARIABLE_NUMERICA
EMBARAZO,266,EDAD_NUM,6.0,10,55,CONVERTIDO_A_NA_EN_VARIABLE_NUMERICA
EMBARAZO,307,EDAD_NUM,0.0,10,55,CONVERTIDO_A_NA_EN_VARIABLE_NUMERICA
EMBARAZO,355,EDAD_NUM,7.0,10,55,CONVERTIDO_A_NA_EN_VARIABLE_NUMERICA
EMBARAZO,373,EDAD_NUM,6.0,10,55,CONVERTIDO_A_NA_EN_VARIABLE_NUMERICA
EMBARAZO,469,EDAD_NUM,125.0,10,55,CONVERTIDO_A_NA_EN_VARIABLE_NUMERICA
EMBARAZO,475,EDAD_NUM,7.0,10,55,CONVERTIDO_A_NA_EN_VARIABLE_NUMERICA
EMBARAZO,483,EDAD_NUM,7.0,10,55,CONVERTIDO_A_NA_EN_VARIABLE_NUMERICA
EMBARAZO,487,EDAD_NUM,6.0,10,55,CONVERTIDO_A_NA_EN_VARIABLE_NUMERICA
EMBARAZO,496,EDAD_NUM,0.0,10,55,CONVERTIDO_A_NA_EN_VARIABLE_NUMERICA
EMBARAZO,514,EDAD_NUM,125.0,10,55,CONVERTIDO_A_NA_EN_VARIABLE_NUMERICA
EMBARAZO,535,EDAD_NUM,7.0,10,55,CONVERTIDO_A_NA_EN_VARIABLE_NUMERICA
EMBARAZO,620,EDAD_NUM,7.0,10,55,CONVERTIDO_A_NA_EN_VARIABLE_NUMERICA
EMBARAZO,655,EDAD_NUM,6.0,10,55,CONVERTIDO_A_NA_EN_VARIABLE_NUMERICA
EMBARAZO,661,EDAD_NUM,6.0,10,55,CONVERTIDO_A_NA_EN_VARIABLE_NUMERICA
EMBARAZO,678,EDAD_NUM,7.0,10,55,CONVERTIDO_A_NA_EN_VARIABLE_NUMERICA
EMBARAZO,699,EDAD_NUM,0.0,10,55,CONVERTIDO_A_NA_EN_VARIABLE_NUMERICA
EMBARAZO,724,EDAD_NUM,0.0,10,55,CONVERTIDO_A_NA_EN_VARIABLE_NUMERICA
EMBARAZO,744,EDAD_NUM,6.0,10,55,CONVERTIDO_A_NA_EN_VARIABLE_NUMERICA
EMBARAZO,751,EDAD_NUM,7.0,10,55,CONVERTIDO_A_NA_EN_VARIABLE_NUMERICA
EMBARAZO,759,EDAD_NUM,7.0,10,55,CONVERTIDO_A_NA_EN_VARIABLE_NUMERICA
EMBARAZO,799,EDAD_NUM,6.0,10,55,CONVERTIDO_A_NA_EN_VARIABLE_NUMERICA
EMBARAZO,802,EDAD_NUM,7.0,10,55,CONVERTIDO_A_NA_EN_VARIABLE_NUMERICA
EMBARAZO,843,EDAD_NUM,7.0,10,55,CONVERTIDO_A_NA_EN_VARIABLE_NUMERICA
EMBARAZO,892,EDAD_NUM,0.0,10,55,CONVERTIDO_A_NA_EN_VARIABLE_NUMERICA
EMBARAZO,940,EDAD_NUM,6.0,10,55,CONVERTIDO_A_NA_EN_VARIABLE_NUMERICA
EMBARAZO,1070,EDAD_NUM,6.0,10,55,CONVERTIDO_A_NA_EN_VARIABLE_NUMERICA
EMBARAZO,1077,EDAD_NUM,6.0,10,55,CONVERTIDO_A_NA_EN_VARIABLE_NUMERICA
EMBARAZO,1095,EDAD_NUM,6.0,10,55,CONVERTIDO_A_NA_EN_VARIABLE_NUMERICA
EMBARAZO,1129,EDAD_NUM,6.0,10,55,CONVERTIDO_A_NA_EN_VARIABLE_NUMERICA
EMBARAZO,1175,EDAD_NUM,6.0,10,55,CONVERTIDO_A_NA_EN_VARIABLE_NUMERICA
EMBARAZO,1220,EDAD_NUM,6.0,10,55,CONVERTIDO_A_NA_EN_VARIABLE_NUMERICA
EMBARAZO,1225,EDAD_NUM,6.0,10,55,CONVERTIDO_A_NA_EN_VARIABLE_NUMERICA
EMBARAZO,1338,EDAD_NUM,125.0,10,55,CONVERTIDO_A_NA_EN_VARIABLE_NUMERICA
EMBARAZO,1378,EDAD_NUM,6.0,10,55,CONVERTIDO_A_NA_EN_VARIABLE_NUMERICA
EMBARAZO,1483,EDAD_NUM,6.0,10,55,CONVERTIDO_A_NA_EN_VARIABLE_NUMERICA
EMBARAZO,1500,EDAD_NUM,125.0,10,55,CONVERTIDO_A_NA_EN_VARIABLE_NUMERICA
EMBARAZO,1515,EDAD_NUM,6.0,10,55,CONVERTIDO_A_NA_EN_VARIABLE_NUMERICA
EMBARAZO,1597,EDAD_NUM,0.0,10,55,CONVERTIDO_A_NA_EN_VARIABLE_NUMERICA
EMBARAZO,1623,EDAD_NUM,125.0,10,55,CONVERTIDO_A_NA_EN_VARIABLE_NUMERICA
EMBARAZO,1639,EDAD_NUM,6.0,10,55,CONVERTIDO_A_NA_EN_VARIABLE_NUMERICA
EMBARAZO,1656,EDAD_NUM,6.0,10,55,CONVERTIDO_A_NA_EN_VARIABLE_NUMERICA
EMBARAZO,1692,EDAD_NUM,0.0,10,55,CONVERTIDO_A_NA_EN_VARIABLE_NUMERICA
EMBARAZO,1702,EDAD_NUM,6.0,10,55,CONVERTIDO_A_NA_EN_VARIABLE_NUMERICA
EMBARAZO,1732,EDAD_NUM,6.0,10,55,CONVERTIDO_A_NA_EN_VARIABLE_NUMERICA
EMBARAZO,1733,EDAD_NUM,6.0,10,55,CONVERTIDO_A_NA_EN_VARIABLE_NUMERICA
EMBARAZO,1895,EDAD_NUM,6.0,10,55,CONVERTIDO_A_NA_EN_VARIABLE_NUMERICA
EMBARAZO,1965,EDAD_NUM,7.0,10,55,CONVERTIDO_A_NA_EN_VARIABLE_NUMERICA
EMBARAZO,2004,EDAD_NUM,7.0,10,55,CONVERTIDO_A_NA_EN_VARIABLE_NUMERICA
EMBARAZO,2064,EDAD_NUM,6.0,10,55,CONVERTIDO_A_NA_EN_VARIABLE_NUMERICA
EMBARAZO,2074,EDAD_NUM,6.0,10,55,CONVERTIDO_A_NA_EN_VARIABLE_NUMERICA
EMBARAZO,2114,EDAD_NUM,125.0,10,55,CONVERTIDO_A_NA_EN_VARIABLE_NUMERICA
EMBARAZO,2118,EDAD_NUM,125.0,10,55,CONVERTIDO_A_NA_EN_VARIABLE_NUMERICA
EMBARAZO,2145,EDAD_NUM,0.0,10,55,CONVERTIDO_A_NA_EN_VARIABLE_NUMERICA
EMBARAZO,2191,EDAD_NUM,6.0,10,55,CONVERTIDO_A_NA_EN_VARIABLE_NUMERICA
EMBARAZO,2224,EDAD_NUM,6.0,10,55,CONVERTIDO_A_NA_EN_VARIABLE_NUMERICA
EMBARAZO,2361,EDAD_NUM,0.0,10,55,CONVERTIDO_A_NA_EN_VARIABLE_NUMERICA
EMBARAZO,2391,EDAD_NUM,6.0,10,55,CONVERTIDO_A_NA_EN_VARIABLE_NUMERICA
EMBARAZO,2435,EDAD_NUM,125.0,10,55,CONVERTIDO_A_NA_EN_VARIABLE_NUMERICA
EMBARAZO,2497,EDAD_NUM,6.0,10,55,CONVERTIDO_A_NA_EN_VARIABLE_NUMERICA
EMBARAZO,2530,EDAD_NUM,6.0,10,55,CONVERTIDO_A_NA_EN_VARIABLE_NUMERICA
EMBARAZO,2631,EDAD_NUM,7.0,10,55,CONVERTIDO_A_NA_EN_VARIABLE_NUMERICA
EMBARAZO,2665,EDAD_NUM,7.0,10,55,CONVERTIDO_A_NA_EN_VARIABLE_NUMERICA
EMBARAZO,2675,EDAD_NUM,6.0,10,55,CONVERTIDO_A_NA_EN_VARIABLE_NUMERICA
EMBARAZO,2762,EDAD_NUM,6.0,10,55,CONVERTIDO_A_NA_EN_VARIABLE_NUMERICA
EMBARAZO,2817,EDAD_NUM,125.0,10,55,CONVERTIDO_A_NA_EN_VARIABLE_NUMERICA
EMBARAZO,2835,EDAD_NUM,125.0,10,55,CONVERTIDO_A_NA_EN_VARIABLE_NUMERICA
EMBARAZO,2953,EDAD_NUM,0.0,10,55,CONVERTIDO_A_NA_EN_VARIABLE_NUMERICA
EMBARAZO,3141,EDAD_NUM,0.0,10,55,CONVERTIDO_A_NA_EN_VARIABLE_NUMERICA
EMBARAZO,3405,EDAD_NUM,125.0,10,55,CONVERTIDO_A_NA_EN_VARIABLE_NUMERICA
EMBARAZO,3420,EDAD_NUM,6.0,10,55,CONVERTIDO_A_NA_EN_VARIABLE_NUMERICA
EMBARAZO,3487,EDAD_NUM,6.0,10,55,CONVERTIDO_A_NA_EN_VARIABLE_NUMERICA
EMBARAZO,3538,EDAD_NUM,6.0,10,55,CONVERTIDO_A_NA_EN_VARIABLE_NUMERICA
EMBARAZO,3545,EDAD_NUM,0.0,10,55,CONVERTIDO_A_NA_EN_VARIABLE_NUMERICA
EMBARAZO,3563,EDAD_NUM,6.0,10,55,CONVERTIDO_A_NA_EN_VARIABLE_NUMERICA
EMBARAZO,3567,EDAD_NUM,0.0,10,55,CONVERTIDO_A_NA_EN_VARIABLE_NUMERICA
EMBARAZO,3610,EDAD_NUM,6.0,10,55,CONVERTIDO_A_NA_EN_VARIABLE_NUMERICA
EMBARAZO,3621,EDAD_NUM,6.0,10,55,CONVERTIDO_A_NA_EN_VARIABLE_NUMERICA
EMBARAZO,3631,EDAD_NUM,7.0,10,55,CONVERTIDO_A_NA_EN_VARIABLE_NUMERICA
EMBARAZO,3743,EDAD_NUM,6.0,10,55,CONVERTIDO_A_NA_EN_VARIABLE_NUMERICA
EMBARAZO,3781,EDAD_NUM,5.0,10,55,CONVERTIDO_A_NA_EN_VARIABLE_NUMERICA
EMBARAZO,3895,EDAD_NUM,0.0,10,55,CONVERTIDO_A_NA_EN_VARIABLE_NUMERICA
EMBARAZO,4183,EDAD_NUM,6.0,10,55,CONVERTIDO_A_NA_EN_VARIABLE_NUMERICA
EMBARAZO,4189,EDAD_NUM,5.0,10,55,CONVERTIDO_A_NA_EN_VARIABLE_NUMERICA
EMBARAZO,4289,EDAD_NUM,5.0,10,55,CONVERTIDO_A_NA_EN_VARIABLE_NUMERICA
EMBARAZO,4330,EDAD_NUM,5.0,10,55,CONVERTIDO_A_NA_EN_VARIABLE_NUMERICA
EMBARAZO,4334,EDAD_NUM,6.0,10,55,CONVERTIDO_A_NA_EN_VARIABLE_NUMERICA
EMBARAZO,4383,EDAD_NUM,5.0,10,55,CONVERTIDO_A_NA_EN_VARIABLE_NUMERICA
EMBARAZO,4446,EDAD_NUM,5.0,10,55,CONVERTIDO_A_NA_EN_VARIABLE_NUMERICA
EMBARAZO,4520,EDAD_NUM,5.0,10,55,CONVERTIDO_A_NA_EN_VARIABLE_NUMERICA
EMBARAZO,4552,EDAD_NUM,5.0,10,55,CONVERTIDO_A_NA_EN_VARIABLE_NUMERICA
EMBARAZO,4610,EDAD_NUM,5.0,10,55,CONVERTIDO_A_NA_EN_VARIABLE_NUMERICA
EMBARAZO,4624,EDAD_NUM,6.0,10,55,CONVERTIDO_A_NA_EN_VARIABLE_NUMERICA
EMBARAZO,4659,EDAD_NUM,58.0,10,55,CONVERTIDO_A_NA_EN_VARIABLE_NUMERICA
EMBARAZO,4682,EDAD_NUM,5.0,10,55,CONVERTIDO_A_NA_EN_VARIABLE_NUMERICA
EMBARAZO,4689,EDAD_NUM,5.0,10,55,CONVERTIDO_A_NA_EN_VARIABLE_NUMERICA
EMBARAZO,4690,EDAD_NUM,5.0,10,55,CONVERTIDO_A_NA_EN_VARIABLE_NUMERICA
EMBARAZO,4728,EDAD_NUM,5.0,10,55,CONVERTIDO_A_NA_EN_VARIABLE_NUMERICA
EMBARAZO,4754,EDAD_NUM,5.0,10,55,CONVERTIDO_A_NA_EN_VARIABLE_NUMERICA
EMBARAZO,4756,EDAD_NUM,5.0,10,55,CONVERTIDO_A_NA_EN_VARIABLE_NUMERICA
EMBARAZO,4795,EDAD_NUM,125.0,10,55,CONVERTIDO_A_NA_EN_VARIABLE_NUMERICA
EMBARAZO,4849,EDAD_NUM,125.0,10,55,CONVERTIDO_A_NA_EN_VARIABLE_NUMERICA
EMBARAZO,4855,EDAD_NUM,125.0,10,55,CONVERTIDO_A_NA_EN_VARIABLE_NUMERICA
EMBARAZO,4872,EDAD_NUM,125.0,10,55,CONVERTIDO_A_NA_EN_VARIABLE_NUMERICA
EMBARAZO,4876,EDAD_NUM,117.0,10,55,CONVERTIDO_A_NA_EN_VARIABLE_NUMERICA
EMBARAZO,4879,EDAD_NUM,125.0,10,55,CONVERTIDO_A_NA_EN_VARIABLE_NUMERICA
EMBARAZO,4881,EDAD_NUM,125.0,10,55,CONVERTIDO_A_NA_EN_VARIABLE_NUMERICA
EMBARAZO,5049,EDAD_NUM,5.0,10,55,CONVERTIDO_A_NA_EN_VARIABLE_NUMERICA
EMBARAZO,5077,EDAD_NUM,125.0,10,55,CONVERTIDO_A_NA_EN_VARIABLE_NUMERICA
EMBARAZO,5159,EDAD_NUM,5.0,10,55,CONVERTIDO_A_NA_EN_VARIABLE_NUMERICA
EMBARAZO,5204,EDAD_NUM,5.0,10,55,CONVERTIDO_A_NA_EN_VARIABLE_NUMERICA
EMBARAZO,5309,EDAD_NUM,6.0,10,55,CONVERTIDO_A_NA_EN_VARIABLE_NUMERICA
EMBARAZO,5416,EDAD_NUM,125.0,10,55,CONVERTIDO_A_NA_EN_VARIABLE_NUMERICA
EMBARAZO,5418,EDAD_NUM,5.0,10,55,CONVERTIDO_A_NA_EN_VARIABLE_NUMERICA
EMBARAZO,5465,EDAD_NUM,5.0,10,55,CONVERTIDO_A_NA_EN_VARIABLE_NUMERICA
EMBARAZO,5566,EDAD_NUM,5.0,10,55,CONVERTIDO_A_NA_EN_VARIABLE_NUMERICA
EMBARAZO,5642,EDAD_NUM,5.0,10,55,CONVERTIDO_A_NA_EN_VARIABLE_NUMERICA
EMBARAZO,5643,EDAD_NUM,6.0,10,55,CONVERTIDO_A_NA_EN_VARIABLE_NUMERICA
EMBARAZO,5644,EDAD_NUM,5.0,10,55,CONVERTIDO_A_NA_EN_VARIABLE_NUMERICA
EMBARAZO,5657,EDAD_NUM,5.0,10,55,CONVERTIDO_A_NA_EN_VARIABLE_NUMERICA
EMBARAZO,5658,EDAD_NUM,5.0,10,55,CONVERTIDO_A_NA_EN_VARIABLE_NUMERICA
EMBARAZO,5678,EDAD_NUM,6.0,10,55,CONVERTIDO_A_NA_EN_VARIABLE_NUMERICA
EMBARAZO,5791,EDAD_NUM,6.0,10,55,CONVERTIDO_A_NA_EN_VARIABLE_NUMERICA
EMBARAZO,5865,EDAD_NUM,5.0,10,55,CONVERTIDO_A_NA_EN_VARIABLE_NUMERICA
EMBARAZO,5946,EDAD_NUM,5.0,10,55,CONVERTIDO_A_NA_EN_VARIABLE_NUMERICA
EMBARAZO,5975,EDAD_NUM,5.0,10,55,CONVERTIDO_A_NA_EN_VARIABLE_NUMERICA
EMBARAZO,5993,EDAD_NUM,6.0,10,55,CONVERTIDO_A_NA_EN_VARIABLE_NUMERICA
EMBARAZO,6053,EDAD_NUM,6.0,10,55,CONVERTIDO_A_NA_EN_VARIABLE_NUMERICA
EMBARAZO,6063,EDAD_NUM,5.0,10,55,CONVERTIDO_A_NA_EN_VARIABLE_NUMERICA
EMBARAZO,6222,EDAD_NUM,5.0,10,55,CONVERTIDO_A_NA_EN_VARIABLE_NUMERICA
EMBARAZO,6240,EDAD_NUM,125.0,10,55,CONVERTIDO_A_NA_EN_VARIABLE_NUMERICA
EMBARAZO,6249,EDAD_NUM,0.0,10,55,CONVERTIDO_A_NA_EN_VARIABLE_NUMERICA
EMBARAZO,6388,EDAD_NUM,5.0,10,55,CONVERTIDO_A_NA_EN_VARIABLE_NUMERICA
EMBARAZO,6408,EDAD_NUM,5.0,10,55,CONVERTIDO_A_NA_EN_VARIABLE_NUMERICA
EMBARAZO,6626,EDAD_NUM,125.0,10,55,CONVERTIDO_A_NA_EN_VARIABLE_NUMERICA
EMBARAZO,6632,EDAD_NUM,5.0,10,55,CONVERTIDO_A_NA_EN_VARIABLE_NUMERICA
EMBARAZO,6653,EDAD_NUM,5.0,10,55,CONVERTIDO_A_NA_EN_VARIABLE_NUMERICA
EMBARAZO,6662,EDAD_NUM,125.0,10,55,CONVERTIDO_A_NA_EN_VARIABLE_NUMERICA
EMBARAZO,6744,EDAD_NUM,0.0,10,55,CONVERTIDO_A_NA_EN_VARIABLE_NUMERICA
EMBARAZO,6764,EDAD_NUM,5.0,10,55,CONVERTIDO_A_NA_EN_VARIABLE_NUMERICA
EMBARAZO,6770,EDAD_NUM,5.0,10,55,CONVERTIDO_A_NA_EN_VARIABLE_NUMERICA
EMBARAZO,6798,EDAD_NUM,5.0,10,55,CONVERTIDO_A_NA_EN_VARIABLE_NUMERICA
EMBARAZO,6799,EDAD_NUM,5.0,10,55,CONVERTIDO_A_NA_EN_VARIABLE_NUMERICA
EMBARAZO,6801,EDAD_NUM,5.0,10,55,CONVERTIDO_A_NA_EN_VARIABLE_NUMERICA
EMBARAZO,6885,EDAD_NUM,5.0,10,55,CONVERTIDO_A_NA_EN_VARIABLE_NUMERICA
EMBARAZO,6888,EDAD_NUM,125.0,10,55,CONVERTIDO_A_NA_EN_VARIABLE_NUMERICA
EMBARAZO,6896,EDAD_NUM,5.0,10,55,CONVERTIDO_A_NA_EN_VARIABLE_NUMERICA
EMBARAZO,6919,EDAD_NUM,5.0,10,55,CONVERTIDO_A_NA_EN_VARIABLE_NUMERICA
EMBARAZO,6968,EDAD_NUM,125.0,10,55,CONVERTIDO_A_NA_EN_VARIABLE_NUMERICA
EMBARAZO,7011,EDAD_NUM,5.0,10,55,CONVERTIDO_A_NA_EN_VARIABLE_NUMERICA
EMBARAZO,7012,EDAD_NUM,5.0,10,55,CONVERTIDO_A_NA_EN_VARIABLE_NUMERICA
EMBARAZO,7014,EDAD_NUM,5.0,10,55,CONVERTIDO_A_NA_EN_VARIABLE_NUMERICA
EMBARAZO,7015,EDAD_NUM,5.0,10,55,CONVERTIDO_A_NA_EN_VARIABLE_NUMERICA
EMBARAZO,7181,EDAD_NUM,5.0,10,55,CONVERTIDO_A_NA_EN_VARIABLE_NUMERICA
EMBARAZO,7198,EDAD_NUM,5.0,10,55,CONVERTIDO_A_NA_EN_VARIABLE_NUMERICA
EMBARAZO,7214,EDAD_NUM,125.0,10,55,CONVERTIDO_A_NA_EN_VARIABLE_NUMERICA
EMBARAZO,7259,EDAD_NUM,125.0,10,55,CONVERTIDO_A_NA_EN_VARIABLE_NUMERICA
EMBARAZO,7260,EDAD_NUM,125.0,10,55,CONVERTIDO_A_NA_EN_VARIABLE_NUMERICA
EMBARAZO,7267,EDAD_NUM,125.0,10,55,CONVERTIDO_A_NA_EN_VARIABLE_NUMERICA
EMBARAZO,7268,EDAD_NUM,125.0,10,55,CONVERTIDO_A_NA_EN_VARIABLE_NUMERICA
EMBARAZO,7269,EDAD_NUM,125.0,10,55,CONVERTIDO_A_NA_EN_VARIABLE_NUMERICA
EMBARAZO,7270,EDAD_NUM,125.0,10,55,CONVERTIDO_A_NA_EN_VARIABLE_NUMERICA
EMBARAZO,7271,EDAD_NUM,125.0,10,55,CONVERTIDO_A_NA_EN_VARIABLE_NUMERICA
EMBARAZO,7272,EDAD_NUM,125.0,10,55,CONVERTIDO_A_NA_EN_VARIABLE_NUMERICA
EMBARAZO,7273,EDAD_NUM,125.0,10,55,CONVERTIDO_A_NA_EN_VARIABLE_NUMERICA
EMBARAZO,7274,EDAD_NUM,125.0,10,55,CONVERTIDO_A_NA_EN_VARIABLE_NUMERICA
EMBARAZO,7275,EDAD_NUM,125.0,10,55,CONVERTIDO_A_NA_EN_VARIABLE_NUMERICA
EMBARAZO,7276,EDAD_NUM,125.0,10,55,CONVERTIDO_A_NA_EN_VARIABLE_NUMERICA
EMBARAZO,7277,EDAD_NUM,125.0,10,55,CONVERTIDO_A_NA_EN_VARIABLE_NUMERICA
EMBARAZO,7278,EDAD_NUM,125.0,10,55,CONVERTIDO_A_NA_EN_VARIABLE_NUMERICA
EMBARAZO,7279,EDAD_NUM,125.0,10,55,CONVERTIDO_A_NA_EN_VARIABLE_NUMERICA
EMBARAZO,7280,EDAD_NUM,125.0,10,55,CONVERTIDO_A_NA_EN_VARIABLE_NUMERICA
EMBARAZO,7281,EDAD_NUM,125.0,10,55,CONVERTIDO_A_NA_EN_VARIABLE_NUMERICA
EMBARAZO,7282,EDAD_NUM,125.0,10,55,CONVERTIDO_A_NA_EN_VARIABLE_NUMERICA
EMBARAZO,7283,EDAD_NUM,125.0,10,55,CONVERTIDO_A_NA_EN_VARIABLE_NUMERICA
EMBARAZO,7284,EDAD_NUM,125.0,10,55,CONVERTIDO_A_NA_EN_VARIABLE_NUMERICA
EMBARAZO,7293,EDAD_NUM,5.0,10,55,CONVERTIDO_A_NA_EN_VARIABLE_NUMERICA
EMBARAZO,7313,EDAD_NUM,5.0,10,55,CONVERTIDO_A_NA_EN_VARIABLE_NUMERICA
EMBARAZO,7362,EDAD_NUM,125.0,10,55,CONVERTIDO_A_NA_EN_VARIABLE_NUMERICA
EMBARAZO,7441,EDAD_NUM,6.0,10,55,CONVERTIDO_A_NA_EN_VARIABLE_NUMERICA
EMBARAZO,7617,EDAD_NUM,6.0,10,55,CONVERTIDO_A_NA_EN_VARIABLE_NUMERICA
EMBARAZO,7671,EDAD_NUM,5.0,10,55,CONVERTIDO_A_NA_EN_VARIABLE_NUMERICA
EMBARAZO,7708,EDAD_NUM,5.0,10,55,CONVERTIDO_A_NA_EN_VARIABLE_NUMERICA
EMBARAZO,7724,EDAD_NUM,125.0,10,55,CONVERTIDO_A_NA_EN_VARIABLE_NUMERICA
EMBARAZO,7725,EDAD_NUM,125.0,10,55,CONVERTIDO_A_NA_EN_VARIABLE_NUMERICA
EMBARAZO,7726,EDAD_NUM,125.0,10,55,CONVERTIDO_A_NA_EN_VARIABLE_NUMERICA
EMBARAZO,7728,EDAD_NUM,125.0,10,55,CONVERTIDO_A_NA_EN_VARIABLE_NUMERICA
EMBARAZO,7731,EDAD_NUM,125.0,10,55,CONVERTIDO_A_NA_EN_VARIABLE_NUMERICA
EMBARAZO,7732,EDAD_NUM,125.0,10,55,CONVERTIDO_A_NA_EN_VARIABLE_NUMERICA
EMBARAZO,7733,EDAD_NUM,125.0,10,55,CONVERTIDO_A_NA_EN_VARIABLE_NUMERICA
EMBARAZO,7734,EDAD_NUM,125.0,10,55,CONVERTIDO_A_NA_EN_VARIABLE_NUMERICA
EMBARAZO,7735,EDAD_NUM,125.0,10,55,CONVERTIDO_A_NA_EN_VARIABLE_NUMERICA
EMBARAZO,7736,EDAD_NUM,125.0,10,55,CONVERTIDO_A_NA_EN_VARIABLE_NUMERICA
EMBARAZO,7738,EDAD_NUM,125.0,10,55,CONVERTIDO_A_NA_EN_VARIABLE_NUMERICA
EMBARAZO,7739,EDAD_NUM,125.0,10,55,CONVERTIDO_A_NA_EN_VARIABLE_NUMERICA
EMBARAZO,7740,EDAD_NUM,125.0,10,55,CONVERTIDO_A_NA_EN_VARIABLE_NUMERICA
EMBARAZO,7741,EDAD_NUM,125.0,10,55,CONVERTIDO_A_NA_EN_VARIABLE_NUMERICA
EMBARAZO,7743,EDAD_NUM,125.0,10,55,CONVERTIDO_A_NA_EN_VARIABLE_NUMERICA
EMBARAZO,7745,EDAD_NUM,125.0,10,55,CONVERTIDO_A_NA_EN_VARIABLE_NUMERICA
EMBARAZO,7746,EDAD_NUM,125.0,10,55,CONVERTIDO_A_NA_EN_VARIABLE_NUMERICA
EMBARAZO,7747,EDAD_NUM,125.0,10,55,CONVERTIDO_A_NA_EN_VARIABLE_NUMERICA
EMBARAZO,7749,EDAD_NUM,125.0,10,55,CONVERTIDO_A_NA_EN_VARIABLE_NUMERICA
EMBARAZO,7750,EDAD_NUM,125.0,10,55,CONVERTIDO_A_NA_EN_VARIABLE_NUMERICA
EMBARAZO,7752,EDAD_NUM,125.0,10,55,CONVERTIDO_A_NA_EN_VARIABLE_NUMERICA
EMBARAZO,7753,EDAD_NUM,125.0,10,55,CONVERTIDO_A_NA_EN_VARIABLE_NUMERICA
EMBARAZO,7754,EDAD_NUM,125.0,10,55,CONVERTIDO_A_NA_EN_VARIABLE_NUMERICA
EMBARAZO,7755,EDAD_NUM,125.0,10,55,CONVERTIDO_A_NA_EN_VARIABLE_NUMERICA
EMBARAZO,7780,EDAD_NUM,6.0,10,55,CONVERTIDO_A_NA_EN_VARIABLE_NUMERICA
EMBARAZO,7913,EDAD_NUM,5.0,10,55,CONVERTIDO_A_NA_EN_VARIABLE_NUMERICA
EMBARAZO,7914,EDAD_NUM,5.0,10,55,CONVERTIDO_A_NA_EN_VARIABLE_NUMERICA
EMBARAZO,7916,EDAD_NUM,5.0,10,55,CONVERTIDO_A_NA_EN_VARIABLE_NUMERICA
EMBARAZO,7938,EDAD_NUM,5.0,10,55,CONVERTIDO_A_NA_EN_VARIABLE_NUMERICA
EMBARAZO,7972,EDAD_NUM,5.0,10,55,CONVERTIDO_A_NA_EN_VARIABLE_NUMERICA
EMBARAZO,7990,EDAD_NUM,5.0,10,55,CONVERTIDO_A_NA_EN_VARIABLE_NUMERICA
EMBARAZO,7991,EDAD_NUM,5.0,10,55,CONVERTIDO_A_NA_EN_VARIABLE_NUMERICA
EMBARAZO,8017,EDAD_NUM,6.0,10,55,CONVERTIDO_A_NA_EN_VARIABLE_NUMERICA
EMBARAZO,8020,EDAD_NUM,6.0,10,55,CONVERTIDO_A_NA_EN_VARIABLE_NUMERICA
EMBARAZO,8070,EDAD_NUM,5.0,10,55,CONVERTIDO_A_NA_EN_VARIABLE_NUMERICA
EMBARAZO,9054,EDAD_NUM,123.0,10,55,CONVERTIDO_A_NA_EN_VARIABLE_NUMERICA
EMBARAZO,9290,EDAD_NUM,125.0,10,55,CONVERTIDO_A_NA_EN_VARIABLE_NUMERICA
EMBARAZO,10136,EDAD_NUM,125.0,10,55,CONVERTIDO_A_NA_EN_VARIABLE_NUMERICA
EMBARAZO,10574,EDAD_NUM,125.0,10,55,CONVERTIDO_A_NA_EN_VARIABLE_NUMERICA
EMBARAZO,10720,EDAD_NUM,125.0,10,55,CONVERTIDO_A_NA_EN_VARIABLE_NUMERICA
EMBARAZO,11548,EDAD_NUM,125.0,10,55,CONVERTIDO_A_NA_EN_VARIABLE_NUMERICA
EMBARAZO,11845,EDAD_NUM,125.0,10,55,CONVERTIDO_A_NA_EN_VARIABLE_NUMERICA
EMBARAZO,11865,EDAD_NUM,125.0,10,55,CONVERTIDO_A_NA_EN_VARIABLE_NUMERICA
EMBARAZO,12529,EDAD_NUM,125.0,10,55,CONVERTIDO_A_NA_EN_VARIABLE_NUMERICA
EMBARAZO,12533,EDAD_NUM,125.0,10,55,CONVERTIDO_A_NA_EN_VARIABLE_NUMERICA
EMBARAZO,12555,EDAD_NUM,125.0,10,55,CONVERTIDO_A_NA_EN_VARIABLE_NUMERICA
EMBARAZO,12603,EDAD_NUM,125.0,10,55,CONVERTIDO_A_NA_EN_VARIABLE_NUMERICA
EMBARAZO,12605,EDAD_NUM,125.0,10,55,CONVERTIDO_A_NA_EN_VARIABLE_NUMERICA
EMBARAZO,12614,EDAD_NUM,119.0,10,55,CONVERTIDO_A_NA_EN_VARIABLE_NUMERICA
EMBARAZO,13623,EDAD_NUM,125.0,10,55,CONVERTIDO_A_NA_EN_VARIABLE_NUMERICA
EMBARAZO,15819,EDAD_NUM,119.0,10,55,CONVERTIDO_A_NA_EN_VARIABLE_NUMERICA
EMBARAZO,16562,EDAD_NUM,57.0,10,55,CONVERTIDO_A_NA_EN_VARIABLE_NUMERICA
EMBARAZO,16778,EDAD_NUM,61.0,10,55,CONVERTIDO_A_NA_EN_VARIABLE_NUMERICA
EMBARAZO,16872,EDAD_NUM,73.0,10,55,CONVERTIDO_A_NA_EN_VARIABLE_NUMERICA
EMBARAZO,21987,EDAD_NUM,125.0,10,55,CONVERTIDO_A_NA_EN_VARIABLE_NUMERICA
EMBARAZO,22942,EDAD_NUM,119.0,10,55,CONVERTIDO_A_NA_EN_VARIABLE_NUMERICA
FETAL,5672,SEMANAS_GESTACION_NUM,0.0,15,45,CONVERTIDO_A_NA_EN_VARIABLE_NUMERICA
FETAL,6668,SEMANAS_GESTACION_NUM,0.0,15,45,CONVERTIDO_A_NA_EN_VARIABLE_NUMERICA
FETAL,8733,SEMANAS_GESTACION_NUM,0.0,15,45,CONVERTIDO_A_NA_EN_VARIABLE_NUMERICA
FETAL,8835,SEMANAS_GESTACION_NUM,0.0,15,45,CONVERTIDO_A_NA_EN_VARIABLE_NUMERICA
FETAL,8868,SEMANAS_GESTACION_NUM,0.0,15,45,CONVERTIDO_A_NA_EN_VARIABLE_NUMERICA
FETAL,8931,SEMANAS_GESTACION_NUM,0.0,15,45,CONVERTIDO_A_NA_EN_VARIABLE_NUMERICA
FETAL,8999,SEMANAS_GESTACION_NUM,0.0,15,45,CONVERTIDO_A_NA_EN_VARIABLE_NUMERICA
FETAL,9071,SEMANAS_GESTACION_NUM,0.0,15,45,CONVERTIDO_A_NA_EN_VARIABLE_NUMERICA
FETAL,9085,SEMANAS_GESTACION_NUM,0.0,15,45,CONVERTIDO_A_NA_EN_VARIABLE_NUMERICA
FETAL,9087,SEMANAS_GESTACION_NUM,0.0,15,45,CONVERTIDO_A_NA_EN_VARIABLE_NUMERICA
FETAL,9099,SEMANAS_GESTACION_NUM,0.0,15,45,CONVERTIDO_A_NA_EN_VARIABLE_NUMERICA
FETAL,9178,SEMANAS_GESTACION_NUM,0.0,15,45,CONVERTIDO_A_NA_EN_VARIABLE_NUMERICA
FETAL,9222,SEMANAS_GESTACION_NUM,0.0,15,45,CONVERTIDO_A_NA_EN_VARIABLE_NUMERICA
FETAL,9224,SEMANAS_GESTACION_NUM,0.0,15,45,CONVERTIDO_A_NA_EN_VARIABLE_NUMERICA
FETAL,9230,SEMANAS_GESTACION_NUM,0.0,15,45,CONVERTIDO_A_NA_EN_VARIABLE_NUMERICA
FETAL,9243,SEMANAS_GESTACION_NUM,0.0,15,45,CONVERTIDO_A_NA_EN_VARIABLE_NUMERICA
FETAL,9276,SEMANAS_GESTACION_NUM,0.0,15,45,CONVERTIDO_A_NA_EN_VARIABLE_NUMERICA
FETAL,9288,SEMANAS_GESTACION_NUM,0.0,15,45,CONVERTIDO_A_NA_EN_VARIABLE_NUMERICA
FETAL,9297,SEMANAS_GESTACION_NUM,0.0,15,45,CONVERTIDO_A_NA_EN_VARIABLE_NUMERICA
FETAL,9312,SEMANAS_GESTACION_NUM,0.0,15,45,CONVERTIDO_A_NA_EN_VARIABLE_NUMERICA
FETAL,9322,SEMANAS_GESTACION_NUM,0.0,15,45,CONVERTIDO_A_NA_EN_VARIABLE_NUMERICA
FETAL,9338,SEMANAS_GESTACION_NUM,0.0,15,45,CONVERTIDO_A_NA_EN_VARIABLE_NUMERICA
FETAL,9344,SEMANAS_GESTACION_NUM,0.0,15,45,CONVERTIDO_A_NA_EN_VARIABLE_NUMERICA
FETAL,9369,SEMANAS_GESTACION_NUM,0.0,15,45,CONVERTIDO_A_NA_EN_VARIABLE_NUMERICA
FETAL,9387,SEMANAS_GESTACION_NUM,0.0,15,45,CONVERTIDO_A_NA_EN_VARIABLE_NUMERICA
FETAL,9397,SEMANAS_GESTACION_NUM,0.0,15,45,CONVERTIDO_A_NA_EN_VARIABLE_NUMERICA
FETAL,9408,SEMANAS_GESTACION_NUM,0.0,15,45,CONVERTIDO_A_NA_EN_VARIABLE_NUMERICA
FETAL,9414,SEMANAS_GESTACION_NUM,0.0,15,45,CONVERTIDO_A_NA_EN_VARIABLE_NUMERICA
FETAL,9436,SEMANAS_GESTACION_NUM,0.0,15,45,CONVERTIDO_A_NA_EN_VARIABLE_NUMERICA
FETAL,9470,SEMANAS_GESTACION_NUM,0.0,15,45,CONVERTIDO_A_NA_EN_VARIABLE_NUMERICA
FETAL,9489,SEMANAS_GESTACION_NUM,0.0,15,45,CONVERTIDO_A_NA_EN_VARIABLE_NUMERICA
FETAL,9532,SEMANAS_GESTACION_NUM,0.0,15,45,CONVERTIDO_A_NA_EN_VARIABLE_NUMERICA
FETAL,9537,SEMANAS_GESTACION_NUM,0.0,15,45,CONVERTIDO_A_NA_EN_VARIABLE_NUMERICA
FETAL,9551,SEMANAS_GESTACION_NUM,0.0,15,45,CONVERTIDO_A_NA_EN_VARIABLE_NUMERICA
FETAL,9628,SEMANAS_GESTACION_NUM,0.0,15,45,CONVERTIDO_A_NA_EN_VARIABLE_NUMERICA
FETAL,9637,SEMANAS_GESTACION_NUM,0.0,15,45,CONVERTIDO_A_NA_EN_VARIABLE_NUMERICA
FETAL,9647,SEMANAS_GESTACION_NUM,0.0,15,45,CONVERTIDO_A_NA_EN_VARIABLE_NUMERICA
FETAL,9656,SEMANAS_GESTACION_NUM,0.0,15,45,CONVERTIDO_A_NA_EN_VARIABLE_NUMERICA
FETAL,9692,SEMANAS_GESTACION_NUM,0.0,15,45,CONVERTIDO_A_NA_EN_VARIABLE_NUMERICA
FETAL,9729,SEMANAS_GESTACION_NUM,0.0,15,45,CONVERTIDO_A_NA_EN_VARIABLE_NUMERICA
FETAL,9766,SEMANAS_GESTACION_NUM,0.0,15,45,CONVERTIDO_A_NA_EN_VARIABLE_NUMERICA
FETAL,9773,SEMANAS_GESTACION_NUM,0.0,15,45,CONVERTIDO_A_NA_EN_VARIABLE_NUMERICA
FETAL,9784,SEMANAS_GESTACION_NUM,0.0,15,45,CONVERTIDO_A_NA_EN_VARIABLE_NUMERICA
FETAL,9840,SEMANAS_GESTACION_NUM,0.0,15,45,CONVERTIDO_A_NA_EN_VARIABLE_NUMERICA
FETAL,9845,SEMANAS_GESTACION_NUM,0.0,15,45,CONVERTIDO_A_NA_EN_VARIABLE_NUMERICA
FETAL,9859,SEMANAS_GESTACION_NUM,0.0,15,45,CONVERTIDO_A_NA_EN_VARIABLE_NUMERICA
FETAL,9864,SEMANAS_GESTACION_NUM,0.0,15,45,CONVERTIDO_A_NA_EN_VARIABLE_NUMERICA
FETAL,9874,SEMANAS_GESTACION_NUM,0.0,15,45,CONVERTIDO_A_NA_EN_VARIABLE_NUMERICA
FETAL,9896,SEMANAS_GESTACION_NUM,0.0,15,45,CONVERTIDO_A_NA_EN_VARIABLE_NUMERICA
FETAL,9947,SEMANAS_GESTACION_NUM,0.0,15,45,CONVERTIDO_A_NA_EN_VARIABLE_NUMERICA
FETAL,9966,SEMANAS_GESTACION_NUM,0.0,15,45,CONVERTIDO_A_NA_EN_VARIABLE_NUMERICA
FETAL,10013,SEMANAS_GESTACION_NUM,0.0,15,45,CONVERTIDO_A_NA_EN_VARIABLE_NUMERICA
FETAL,10065,SEMANAS_GESTACION_NUM,0.0,15,45,CONVERTIDO_A_NA_EN_VARIABLE_NUMERICA
FETAL,10092,SEMANAS_GESTACION_NUM,0.0,15,45,CONVERTIDO_A_NA_EN_VARIABLE_NUMERICA
FETAL,10108,SEMANAS_GESTACION_NUM,0.0,15,45,CONVERTIDO_A_NA_EN_VARIABLE_NUMERICA
FETAL,10124,SEMANAS_GESTACION_NUM,0.0,15,45,CONVERTIDO_A_NA_EN_VARIABLE_NUMERICA
FETAL,10136,SEMANAS_GESTACION_NUM,0.0,15,45,CONVERTIDO_A_NA_EN_VARIABLE_NUMERICA
FETAL,10154,SEMANAS_GESTACION_NUM,0.0,15,45,CONVERTIDO_A_NA_EN_VARIABLE_NUMERICA
FETAL,10172,SEMANAS_GESTACION_NUM,0.0,15,45,CONVERTIDO_A_NA_EN_VARIABLE_NUMERICA
FETAL,10182,SEMANAS_GESTACION_NUM,0.0,15,45,CONVERTIDO_A_NA_EN_VARIABLE_NUMERICA
FETAL,10187,SEMANAS_GESTACION_NUM,0.0,15,45,CONVERTIDO_A_NA_EN_VARIABLE_NUMERICA
FETAL,10233,SEMANAS_GESTACION_NUM,0.0,15,45,CONVERTIDO_A_NA_EN_VARIABLE_NUMERICA
FETAL,10353,SEMANAS_GESTACION_NUM,0.0,15,45,CONVERTIDO_A_NA_EN_VARIABLE_NUMERICA
FETAL,10359,SEMANAS_GESTACION_NUM,0.0,15,45,CONVERTIDO_A_NA_EN_VARIABLE_NUMERICA
FETAL,10366,SEMANAS_GESTACION_NUM,0.0,15,45,CONVERTIDO_A_NA_EN_VARIABLE_NUMERICA
FETAL,10389,SEMANAS_GESTACION_NUM,0.0,15,45,CONVERTIDO_A_NA_EN_VARIABLE_NUMERICA
FETAL,10396,SEMANAS_GESTACION_NUM,0.0,15,45,CONVERTIDO_A_NA_EN_VARIABLE_NUMERICA
FETAL,10423,SEMANAS_GESTACION_NUM,0.0,15,45,CONVERTIDO_A_NA_EN_VARIABLE_NUMERICA
FETAL,10466,SEMANAS_GESTACION_NUM,0.0,15,45,CONVERTIDO_A_NA_EN_VARIABLE_NUMERICA
FETAL,10526,SEMANAS_GESTACION_NUM,0.0,15,45,CONVERTIDO_A_NA_EN_VARIABLE_NUMERICA
FETAL,10588,SEMANAS_GESTACION_NUM,0.0,15,45,CONVERTIDO_A_NA_EN_VARIABLE_NUMERICA
FETAL,10680,SEMANAS_GESTACION_NUM,0.0,15,45,CONVERTIDO_A_NA_EN_VARIABLE_NUMERICA
FETAL,10731,SEMANAS_GESTACION_NUM,0.0,15,45,CONVERTIDO_A_NA_EN_VARIABLE_NUMERICA
FETAL,10765,SEMANAS_GESTACION_NUM,0.0,15,45,CONVERTIDO_A_NA_EN_VARIABLE_NUMERICA
FETAL,10855,SEMANAS_GESTACION_NUM,0.0,15,45,CONVERTIDO_A_NA_EN_VARIABLE_NUMERICA
FETAL,10858,SEMANAS_GESTACION_NUM,0.0,15,45,CONVERTIDO_A_NA_EN_VARIABLE_NUMERICA
FETAL,10865,SEMANAS_GESTACION_NUM,0.0,15,45,CONVERTIDO_A_NA_EN_VARIABLE_NUMERICA
FETAL,10885,SEMANAS_GESTACION_NUM,0.0,15,45,CONVERTIDO_A_NA_EN_VARIABLE_NUMERICA
FETAL,10891,SEMANAS_GESTACION_NUM,0.0,15,45,CONVERTIDO_A_NA_EN_VARIABLE_NUMERICA
FETAL,10920,SEMANAS_GESTACION_NUM,0.0,15,45,CONVERTIDO_A_NA_EN_VARIABLE_NUMERICA
FETAL,10941,SEMANAS_GESTACION_NUM,0.0,15,45,CONVERTIDO_A_NA_EN_VARIABLE_NUMERICA
FETAL,10987,SEMANAS_GESTACION_NUM,0.0,15,45,CONVERTIDO_A_NA_EN_VARIABLE_NUMERICA
FETAL,10990,SEMANAS_GESTACION_NUM,0.0,15,45,CONVERTIDO_A_NA_EN_VARIABLE_NUMERICA
FETAL,11031,SEMANAS_GESTACION_NUM,0.0,15,45,CONVERTIDO_A_NA_EN_VARIABLE_NUMERICA
FETAL,11166,SEMANAS_GESTACION_NUM,0.0,15,45,CONVERTIDO_A_NA_EN_VARIABLE_NUMERICA
FETAL,11178,SEMANAS_GESTACION_NUM,0.0,15,45,CONVERTIDO_A_NA_EN_VARIABLE_NUMERICA
FETAL,11228,SEMANAS_GESTACION_NUM,0.0,15,45,CONVERTIDO_A_NA_EN_VARIABLE_NUMERICA
FETAL,11283,SEMANAS_GESTACION_NUM,0.0,15,45,CONVERTIDO_A_NA_EN_VARIABLE_NUMERICA
FETAL,11300,SEMANAS_GESTACION_NUM,0.0,15,45,CONVERTIDO_A_NA_EN_VARIABLE_NUMERICA
FETAL,11412,SEMANAS_GESTACION_NUM,0.0,15,45,CONVERTIDO_A_NA_EN_VARIABLE_NUMERICA
FETAL,11444,SEMANAS_GESTACION_NUM,0.0,15,45,CONVERTIDO_A_NA_EN_VARIABLE_NUMERICA
FETAL,11602,SEMANAS_GESTACION_NUM,0.0,15,45,CONVERTIDO_A_NA_EN_VARIABLE_NUMERICA
FETAL,11650,SEMANAS_GESTACION_NUM,0.0,15,45,CONVERTIDO_A_NA_EN_VARIABLE_NUMERICA
FETAL,11668,SEMANAS_GESTACION_NUM,49.5,15,45,CONVERTIDO_A_NA_EN_VARIABLE_NUMERICA
FETAL,11679,SEMANAS_GESTACION_NUM,0.0,15,45,CONVERTIDO_A_NA_EN_VARIABLE_NUMERICA
FETAL,11800,SEMANAS_GESTACION_NUM,46.5,15,45,CONVERTIDO_A_NA_EN_VARIABLE_NUMERICA
FETAL,11820,SEMANAS_GESTACION_NUM,0.0,15,45,CONVERTIDO_A_NA_EN_VARIABLE_NUMERICA
FETAL,11832,SEMANAS_GESTACION_NUM,0.0,15,45,CONVERTIDO_A_NA_EN_VARIABLE_NUMERICA
FETAL,11861,SEMANAS_GESTACION_NUM,0.0,15,45,CONVERTIDO_A_NA_EN_VARIABLE_NUMERICA
FETAL,11998,SEMANAS_GESTACION_NUM,0.0,15,45,CONVERTIDO_A_NA_EN_VARIABLE_NUMERICA
FETAL,12003,SEMANAS_GESTACION_NUM,0.0,15,45,CONVERTIDO_A_NA_EN_VARIABLE_NUMERICA
FETAL,12017,SEMANAS_GESTACION_NUM,0.0,15,45,CONVERTIDO_A_NA_EN_VARIABLE_NUMERICA
FETAL,12038,SEMANAS_GESTACION_NUM,0.0,15,45,CONVERTIDO_A_NA_EN_VARIABLE_NUMERICA
FETAL,12056,SEMANAS_GESTACION_NUM,0.0,15,45,CONVERTIDO_A_NA_EN_VARIABLE_NUMERICA
FETAL,12176,SEMANAS_GESTACION_NUM,0.0,15,45,CONVERTIDO_A_NA_EN_VARIABLE_NUMERICA
FETAL,12185,SEMANAS_GESTACION_NUM,0.0,15,45,CONVERTIDO_A_NA_EN_VARIABLE_NUMERICA
FETAL,12208,SEMANAS_GESTACION_NUM,0.0,15,45,CONVERTIDO_A_NA_EN_VARIABLE_NUMERICA
FETAL,12258,SEMANAS_GESTACION_NUM,0.0,15,45,CONVERTIDO_A_NA_EN_VARIABLE_NUMERICA
FETAL,12345,SEMANAS_GESTACION_NUM,0.0,15,45,CONVERTIDO_A_NA_EN_VARIABLE_NUMERICA
FETAL,12443,SEMANAS_GESTACION_NUM,0.0,15,45,CONVERTIDO_A_NA_EN_VARIABLE_NUMERICA
FETAL,13010,SEMANAS_GESTACION_NUM,0.0,15,45,CONVERTIDO_A_NA_EN_VARIABLE_NUMERICA
FETAL,13089,SEMANAS_GESTACION_NUM,0.0,15,45,CONVERTIDO_A_NA_EN_VARIABLE_NUMERICA
FETAL,13167,SEMANAS_GESTACION_NUM,0.0,15,45,CONVERTIDO_A_NA_EN_VARIABLE_NUMERICA
FETAL,13218,SEMANAS_GESTACION_NUM,0.0,15,45,CONVERTIDO_A_NA_EN_VARIABLE_NUMERICA
FETAL,13348,SEMANAS_GESTACION_NUM,0.0,15,45,CONVERTIDO_A_NA_EN_VARIABLE_NUMERICA
FETAL,13401,SEMANAS_GESTACION_NUM,0.0,15,45,CONVERTIDO_A_NA_EN_VARIABLE_NUMERICA
FETAL,13425,SEMANAS_GESTACION_NUM,0.0,15,45,CONVERTIDO_A_NA_EN_VARIABLE_NUMERICA
FETAL,13656,SEMANAS_GESTACION_NUM,0.0,15,45,CONVERTIDO_A_NA_EN_VARIABLE_NUMERICA
FETAL,13665,SEMANAS_GESTACION_NUM,0.0,15,45,CONVERTIDO_A_NA_EN_VARIABLE_NUMERICA
FETAL,13853,SEMANAS_GESTACION_NUM,0.0,15,45,CONVERTIDO_A_NA_EN_VARIABLE_NUMERICA
FETAL,13855,SEMANAS_GESTACION_NUM,0.0,15,45,CONVERTIDO_A_NA_EN_VARIABLE_NUMERICA
FETAL,13889,SEMANAS_GESTACION_NUM,0.0,15,45,CONVERTIDO_A_NA_EN_VARIABLE_NUMERICA
FETAL,156,PESO_NUM,29920.0,100,7000,CONVERTIDO_A_NA_EN_VARIABLE_NUMERICA
FETAL,410,PESO_NUM,29995.0,100,7000,CONVERTIDO_A_NA_EN_VARIABLE_NUMERICA
FETAL,509,PESO_NUM,28000.0,100,7000,CONVERTIDO_A_NA_EN_VARIABLE_NUMERICA
FETAL,581,PESO_NUM,28880.0,100,7000,CONVERTIDO_A_NA_EN_VARIABLE_NUMERICA
FETAL,858,PESO_NUM,27740.0,100,7000,CONVERTIDO_A_NA_EN_VARIABLE_NUMERICA
FETAL,1346,PESO_NUM,268049.0,100,7000,CONVERTIDO_A_NA_EN_VARIABLE_NUMERICA
FETAL,3599,PESO_NUM,386043.0,100,7000,CONVERTIDO_A_NA_EN_VARIABLE_NUMERICA
FETAL,4547,PESO_NUM,0.0,100,7000,CONVERTIDO_A_NA_EN_VARIABLE_NUMERICA
FETAL,5022,PESO_NUM,0.0,100,7000,CONVERTIDO_A_NA_EN_VARIABLE_NUMERICA
FETAL,5258,PESO_NUM,32330.0,100,7000,CONVERTIDO_A_NA_EN_VARIABLE_NUMERICA
FETAL,6532,PESO_NUM,0.0,100,7000,CONVERTIDO_A_NA_EN_VARIABLE_NUMERICA
FETAL,6668,PESO_NUM,0.0,100,7000,CONVERTIDO_A_NA_EN_VARIABLE_NUMERICA
FETAL,6991,PESO_NUM,32000.0,100,7000,CONVERTIDO_A_NA_EN_VARIABLE_NUMERICA
FETAL,8140,PESO_NUM,0.0,100,7000,CONVERTIDO_A_NA_EN_VARIABLE_NUMERICA
FETAL,8733,PESO_NUM,0.0,100,7000,CONVERTIDO_A_NA_EN_VARIABLE_NUMERICA
FETAL,8868,PESO_NUM,0.0,100,7000,CONVERTIDO_A_NA_EN_VARIABLE_NUMERICA
FETAL,9018,PESO_NUM,0.0,100,7000,CONVERTIDO_A_NA_EN_VARIABLE_NUMERICA
FETAL,9064,PESO_NUM,0.0,100,7000,CONVERTIDO_A_NA_EN_VARIABLE_NUMERICA
FETAL,9071,PESO_NUM,0.0,100,7000,CONVERTIDO_A_NA_EN_VARIABLE_NUMERICA
FETAL,9085,PESO_NUM,0.0,100,7000,CONVERTIDO_A_NA_EN_VARIABLE_NUMERICA
FETAL,9087,PESO_NUM,0.0,100,7000,CONVERTIDO_A_NA_EN_VARIABLE_NUMERICA
FETAL,9090,PESO_NUM,0.0,100,7000,CONVERTIDO_A_NA_EN_VARIABLE_NUMERICA
FETAL,9099,PESO_NUM,0.0,100,7000,CONVERTIDO_A_NA_EN_VARIABLE_NUMERICA
FETAL,9222,PESO_NUM,0.0,100,7000,CONVERTIDO_A_NA_EN_VARIABLE_NUMERICA
FETAL,9224,PESO_NUM,0.0,100,7000,CONVERTIDO_A_NA_EN_VARIABLE_NUMERICA
FETAL,9240,PESO_NUM,0.0,100,7000,CONVERTIDO_A_NA_EN_VARIABLE_NUMERICA
FETAL,9257,PESO_NUM,0.0,100,7000,CONVERTIDO_A_NA_EN_VARIABLE_NUMERICA
FETAL,9276,PESO_NUM,0.0,100,7000,CONVERTIDO_A_NA_EN_VARIABLE_NUMERICA
FETAL,9288,PESO_NUM,0.0,100,7000,CONVERTIDO_A_NA_EN_VARIABLE_NUMERICA
FETAL,9297,PESO_NUM,0.0,100,7000,CONVERTIDO_A_NA_EN_VARIABLE_NUMERICA
FETAL,9312,PESO_NUM,0.0,100,7000,CONVERTIDO_A_NA_EN_VARIABLE_NUMERICA
FETAL,9322,PESO_NUM,0.0,100,7000,CONVERTIDO_A_NA_EN_VARIABLE_NUMERICA
FETAL,9338,PESO_NUM,0.0,100,7000,CONVERTIDO_A_NA_EN_VARIABLE_NUMERICA
FETAL,9344,PESO_NUM,0.0,100,7000,CONVERTIDO_A_NA_EN_VARIABLE_NUMERICA
FETAL,9387,PESO_NUM,0.0,100,7000,CONVERTIDO_A_NA_EN_VARIABLE_NUMERICA
FETAL,9410,PESO_NUM,25250.0,100,7000,CONVERTIDO_A_NA_EN_VARIABLE_NUMERICA
FETAL,9414,PESO_NUM,0.0,100,7000,CONVERTIDO_A_NA_EN_VARIABLE_NUMERICA
FETAL,9430,PESO_NUM,0.0,100,7000,CONVERTIDO_A_NA_EN_VARIABLE_NUMERICA
FETAL,9489,PESO_NUM,0.0,100,7000,CONVERTIDO_A_NA_EN_VARIABLE_NUMERICA
FETAL,9490,PESO_NUM,0.0,100,7000,CONVERTIDO_A_NA_EN_VARIABLE_NUMERICA
FETAL,9729,PESO_NUM,0.0,100,7000,CONVERTIDO_A_NA_EN_VARIABLE_NUMERICA
FETAL,9766,PESO_NUM,0.0,100,7000,CONVERTIDO_A_NA_EN_VARIABLE_NUMERICA
FETAL,9773,PESO_NUM,0.0,100,7000,CONVERTIDO_A_NA_EN_VARIABLE_NUMERICA
FETAL,9845,PESO_NUM,0.0,100,7000,CONVERTIDO_A_NA_EN_VARIABLE_NUMERICA
FETAL,9884,PESO_NUM,0.0,100,7000,CONVERTIDO_A_NA_EN_VARIABLE_NUMERICA
FETAL,9896,PESO_NUM,0.0,100,7000,CONVERTIDO_A_NA_EN_VARIABLE_NUMERICA
FETAL,9966,PESO_NUM,0.0,100,7000,CONVERTIDO_A_NA_EN_VARIABLE_NUMERICA
FETAL,10069,PESO_NUM,36008.0,100,7000,CONVERTIDO_A_NA_EN_VARIABLE_NUMERICA
FETAL,10136,PESO_NUM,0.0,100,7000,CONVERTIDO_A_NA_EN_VARIABLE_NUMERICA
FETAL,10172,PESO_NUM,0.0,100,7000,CONVERTIDO_A_NA_EN_VARIABLE_NUMERICA
FETAL,10183,PESO_NUM,0.0,100,7000,CONVERTIDO_A_NA_EN_VARIABLE_NUMERICA
FETAL,10187,PESO_NUM,0.0,100,7000,CONVERTIDO_A_NA_EN_VARIABLE_NUMERICA
FETAL,10213,PESO_NUM,33701.0,100,7000,CONVERTIDO_A_NA_EN_VARIABLE_NUMERICA
FETAL,10366,PESO_NUM,0.0,100,7000,CONVERTIDO_A_NA_EN_VARIABLE_NUMERICA
FETAL,10415,PESO_NUM,2.0,100,7000,CONVERTIDO_A_NA_EN_VARIABLE_NUMERICA
FETAL,10423,PESO_NUM,0.0,100,7000,CONVERTIDO_A_NA_EN_VARIABLE_NUMERICA
FETAL,10436,PESO_NUM,0.0,100,7000,CONVERTIDO_A_NA_EN_VARIABLE_NUMERICA
FETAL,10523,PESO_NUM,0.0,100,7000,CONVERTIDO_A_NA_EN_VARIABLE_NUMERICA
FETAL,10576,PESO_NUM,0.0,100,7000,CONVERTIDO_A_NA_EN_VARIABLE_NUMERICA
FETAL,10620,PESO_NUM,0.0,100,7000,CONVERTIDO_A_NA_EN_VARIABLE_NUMERICA
FETAL,10731,PESO_NUM,0.0,100,7000,CONVERTIDO_A_NA_EN_VARIABLE_NUMERICA
FETAL,10765,PESO_NUM,0.0,100,7000,CONVERTIDO_A_NA_EN_VARIABLE_NUMERICA
FETAL,10865,PESO_NUM,0.0,100,7000,CONVERTIDO_A_NA_EN_VARIABLE_NUMERICA
FETAL,10891,PESO_NUM,0.0,100,7000,CONVERTIDO_A_NA_EN_VARIABLE_NUMERICA
FETAL,10920,PESO_NUM,0.0,100,7000,CONVERTIDO_A_NA_EN_VARIABLE_NUMERICA
FETAL,10941,PESO_NUM,0.0,100,7000,CONVERTIDO_A_NA_EN_VARIABLE_NUMERICA
FETAL,11090,PESO_NUM,0.0,100,7000,CONVERTIDO_A_NA_EN_VARIABLE_NUMERICA
FETAL,11166,PESO_NUM,0.0,100,7000,CONVERTIDO_A_NA_EN_VARIABLE_NUMERICA
FETAL,11178,PESO_NUM,0.0,100,7000,CONVERTIDO_A_NA_EN_VARIABLE_NUMERICA
FETAL,11228,PESO_NUM,0.0,100,7000,CONVERTIDO_A_NA_EN_VARIABLE_NUMERICA
FETAL,11257,PESO_NUM,0.0,100,7000,CONVERTIDO_A_NA_EN_VARIABLE_NUMERICA
FETAL,11300,PESO_NUM,0.0,100,7000,CONVERTIDO_A_NA_EN_VARIABLE_NUMERICA
FETAL,11581,PESO_NUM,0.0,100,7000,CONVERTIDO_A_NA_EN_VARIABLE_NUMERICA
FETAL,11602,PESO_NUM,0.0,100,7000,CONVERTIDO_A_NA_EN_VARIABLE_NUMERICA
FETAL,11693,PESO_NUM,26665.0,100,7000,CONVERTIDO_A_NA_EN_VARIABLE_NUMERICA
FETAL,11736,PESO_NUM,0.0,100,7000,CONVERTIDO_A_NA_EN_VARIABLE_NUMERICA
FETAL,11761,PESO_NUM,0.0,100,7000,CONVERTIDO_A_NA_EN_VARIABLE_NUMERICA
FETAL,11820,PESO_NUM,0.0,100,7000,CONVERTIDO_A_NA_EN_VARIABLE_NUMERICA
FETAL,11861,PESO_NUM,0.0,100,7000,CONVERTIDO_A_NA_EN_VARIABLE_NUMERICA
FETAL,11948,PESO_NUM,0.0,100,7000,CONVERTIDO_A_NA_EN_VARIABLE_NUMERICA
FETAL,11952,PESO_NUM,0.0,100,7000,CONVERTIDO_A_NA_EN_VARIABLE_NUMERICA
FETAL,11953,PESO_NUM,0.0,100,7000,CONVERTIDO_A_NA_EN_VARIABLE_NUMERICA
FETAL,11998,PESO_NUM,0.0,100,7000,CONVERTIDO_A_NA_EN_VARIABLE_NUMERICA
FETAL,12017,PESO_NUM,0.0,100,7000,CONVERTIDO_A_NA_EN_VARIABLE_NUMERICA
FETAL,12038,PESO_NUM,0.0,100,7000,CONVERTIDO_A_NA_EN_VARIABLE_NUMERICA
FETAL,12056,PESO_NUM,0.0,100,7000,CONVERTIDO_A_NA_EN_VARIABLE_NUMERICA
FETAL,12068,PESO_NUM,0.0,100,7000,CONVERTIDO_A_NA_EN_VARIABLE_NUMERICA
FETAL,12085,PESO_NUM,0.0,100,7000,CONVERTIDO_A_NA_EN_VARIABLE_NUMERICA
FETAL,12258,PESO_NUM,0.0,100,7000,CONVERTIDO_A_NA_EN_VARIABLE_NUMERICA
FETAL,12308,PESO_NUM,48.0,100,7000,CONVERTIDO_A_NA_EN_VARIABLE_NUMERICA
FETAL,12486,PESO_NUM,0.0,100,7000,CONVERTIDO_A_NA_EN_VARIABLE_NUMERICA
FETAL,12633,PESO_NUM,33.0,100,7000,CONVERTIDO_A_NA_EN_VARIABLE_NUMERICA
FETAL,12802,PESO_NUM,0.0,100,7000,CONVERTIDO_A_NA_EN_VARIABLE_NUMERICA
FETAL,12870,PESO_NUM,0.0,100,7000,CONVERTIDO_A_NA_EN_VARIABLE_NUMERICA
FETAL,12986,PESO_NUM,0.0,100,7000,CONVERTIDO_A_NA_EN_VARIABLE_NUMERICA
FETAL,12998,PESO_NUM,0.0,100,7000,CONVERTIDO_A_NA_EN_VARIABLE_NUMERICA
FETAL,13010,PESO_NUM,0.0,100,7000,CONVERTIDO_A_NA_EN_VARIABLE_NUMERICA
FETAL,13089,PESO_NUM,0.0,100,7000,CONVERTIDO_A_NA_EN_VARIABLE_NUMERICA
FETAL,13218,PESO_NUM,0.0,100,7000,CONVERTIDO_A_NA_EN_VARIABLE_NUMERICA
FETAL,13285,PESO_NUM,32.0,100,7000,CONVERTIDO_A_NA_EN_VARIABLE_NUMERICA
FETAL,13321,PESO_NUM,35550.0,100,7000,CONVERTIDO_A_NA_EN_VARIABLE_NUMERICA
FETAL,13433,PESO_NUM,27000.0,100,7000,CONVERTIDO_A_NA_EN_VARIABLE_NUMERICA
FETAL,13475,PESO_NUM,0.0,100,7000,CONVERTIDO_A_NA_EN_VARIABLE_NUMERICA
FETAL,13821,PESO_NUM,32710.0,100,7000,CONVERTIDO_A_NA_EN_VARIABLE_NUMERICA
FETAL,14299,PESO_NUM,0.0,100,7000,CONVERTIDO_A_NA_EN_VARIABLE_NUMERICA
FETAL,17511,PESO_NUM,33.0,100,7000,CONVERTIDO_A_NA_EN_VARIABLE_NUMERICA
FETAL,17612,PESO_NUM,36110.0,100,7000,CONVERTIDO_A_NA_EN_VARIABLE_NUMERICA
FETAL,4189,TALLA_NUM,0.0,20,65,CONVERTIDO_A_NA_EN_VARIABLE_NUMERICA
FETAL,4322,TALLA_NUM,0.0,20,65,CONVERTIDO_A_NA_EN_VARIABLE_NUMERICA
FETAL,4547,TALLA_NUM,0.0,20,65,CONVERTIDO_A_NA_EN_VARIABLE_NUMERICA
FETAL,5022,TALLA_NUM,0.0,20,65,CONVERTIDO_A_NA_EN_VARIABLE_NUMERICA
FETAL,5672,TALLA_NUM,0.0,20,65,CONVERTIDO_A_NA_EN_VARIABLE_NUMERICA
FETAL,5985,TALLA_NUM,0.0,20,65,CONVERTIDO_A_NA_EN_VARIABLE_NUMERICA
FETAL,6026,TALLA_NUM,0.0,20,65,CONVERTIDO_A_NA_EN_VARIABLE_NUMERICA
FETAL,6352,TALLA_NUM,0.0,20,65,CONVERTIDO_A_NA_EN_VARIABLE_NUMERICA
FETAL,6475,TALLA_NUM,0.0,20,65,CONVERTIDO_A_NA_EN_VARIABLE_NUMERICA
FETAL,6532,TALLA_NUM,0.0,20,65,CONVERTIDO_A_NA_EN_VARIABLE_NUMERICA
FETAL,6614,TALLA_NUM,0.0,20,65,CONVERTIDO_A_NA_EN_VARIABLE_NUMERICA
FETAL,6668,TALLA_NUM,0.0,20,65,CONVERTIDO_A_NA_EN_VARIABLE_NUMERICA
FETAL,6874,TALLA_NUM,0.0,20,65,CONVERTIDO_A_NA_EN_VARIABLE_NUMERICA
FETAL,7209,TALLA_NUM,0.0,20,65,CONVERTIDO_A_NA_EN_VARIABLE_NUMERICA
FETAL,7334,TALLA_NUM,0.0,20,65,CONVERTIDO_A_NA_EN_VARIABLE_NUMERICA
FETAL,7406,TALLA_NUM,0.0,20,65,CONVERTIDO_A_NA_EN_VARIABLE_NUMERICA
FETAL,7649,TALLA_NUM,0.0,20,65,CONVERTIDO_A_NA_EN_VARIABLE_NUMERICA
FETAL,7924,TALLA_NUM,0.0,20,65,CONVERTIDO_A_NA_EN_VARIABLE_NUMERICA
FETAL,8088,TALLA_NUM,0.0,20,65,CONVERTIDO_A_NA_EN_VARIABLE_NUMERICA
FETAL,8140,TALLA_NUM,0.0,20,65,CONVERTIDO_A_NA_EN_VARIABLE_NUMERICA
FETAL,8394,TALLA_NUM,0.0,20,65,CONVERTIDO_A_NA_EN_VARIABLE_NUMERICA
FETAL,8733,TALLA_NUM,0.0,20,65,CONVERTIDO_A_NA_EN_VARIABLE_NUMERICA
FETAL,8789,TALLA_NUM,0.0,20,65,CONVERTIDO_A_NA_EN_VARIABLE_NUMERICA
FETAL,8868,TALLA_NUM,0.0,20,65,CONVERTIDO_A_NA_EN_VARIABLE_NUMERICA
FETAL,8931,TALLA_NUM,0.0,20,65,CONVERTIDO_A_NA_EN_VARIABLE_NUMERICA
FETAL,8956,TALLA_NUM,0.0,20,65,CONVERTIDO_A_NA_EN_VARIABLE_NUMERICA
FETAL,9018,TALLA_NUM,0.0,20,65,CONVERTIDO_A_NA_EN_VARIABLE_NUMERICA
FETAL,9064,TALLA_NUM,0.0,20,65,CONVERTIDO_A_NA_EN_VARIABLE_NUMERICA
FETAL,9071,TALLA_NUM,0.0,20,65,CONVERTIDO_A_NA_EN_VARIABLE_NUMERICA
FETAL,9085,TALLA_NUM,0.0,20,65,CONVERTIDO_A_NA_EN_VARIABLE_NUMERICA
FETAL,9087,TALLA_NUM,0.0,20,65,CONVERTIDO_A_NA_EN_VARIABLE_NUMERICA
FETAL,9090,TALLA_NUM,0.0,20,65,CONVERTIDO_A_NA_EN_VARIABLE_NUMERICA
FETAL,9099,TALLA_NUM,0.0,20,65,CONVERTIDO_A_NA_EN_VARIABLE_NUMERICA
FETAL,9222,TALLA_NUM,0.0,20,65,CONVERTIDO_A_NA_EN_VARIABLE_NUMERICA
FETAL,9224,TALLA_NUM,0.0,20,65,CONVERTIDO_A_NA_EN_VARIABLE_NUMERICA
FETAL,9240,TALLA_NUM,0.0,20,65,CONVERTIDO_A_NA_EN_VARIABLE_NUMERICA
FETAL,9257,TALLA_NUM,0.0,20,65,CONVERTIDO_A_NA_EN_VARIABLE_NUMERICA
FETAL,9276,TALLA_NUM,0.0,20,65,CONVERTIDO_A_NA_EN_VARIABLE_NUMERICA
FETAL,9288,TALLA_NUM,0.0,20,65,CONVERTIDO_A_NA_EN_VARIABLE_NUMERICA
FETAL,9297,TALLA_NUM,0.0,20,65,CONVERTIDO_A_NA_EN_VARIABLE_NUMERICA
FETAL,9312,TALLA_NUM,0.0,20,65,CONVERTIDO_A_NA_EN_VARIABLE_NUMERICA
FETAL,9322,TALLA_NUM,0.0,20,65,CONVERTIDO_A_NA_EN_VARIABLE_NUMERICA
FETAL,9338,TALLA_NUM,0.0,20,65,CONVERTIDO_A_NA_EN_VARIABLE_NUMERICA
FETAL,9344,TALLA_NUM,0.0,20,65,CONVERTIDO_A_NA_EN_VARIABLE_NUMERICA
FETAL,9387,TALLA_NUM,0.0,20,65,CONVERTIDO_A_NA_EN_VARIABLE_NUMERICA
FETAL,9414,TALLA_NUM,0.0,20,65,CONVERTIDO_A_NA_EN_VARIABLE_NUMERICA
FETAL,9489,TALLA_NUM,0.0,20,65,CONVERTIDO_A_NA_EN_VARIABLE_NUMERICA
FETAL,9490,TALLA_NUM,0.0,20,65,CONVERTIDO_A_NA_EN_VARIABLE_NUMERICA
FETAL,9518,TALLA_NUM,0.0,20,65,CONVERTIDO_A_NA_EN_VARIABLE_NUMERICA
FETAL,9729,TALLA_NUM,0.0,20,65,CONVERTIDO_A_NA_EN_VARIABLE_NUMERICA
FETAL,9766,TALLA_NUM,0.0,20,65,CONVERTIDO_A_NA_EN_VARIABLE_NUMERICA
FETAL,9773,TALLA_NUM,0.0,20,65,CONVERTIDO_A_NA_EN_VARIABLE_NUMERICA
FETAL,9845,TALLA_NUM,0.0,20,65,CONVERTIDO_A_NA_EN_VARIABLE_NUMERICA
FETAL,9947,TALLA_NUM,0.0,20,65,CONVERTIDO_A_NA_EN_VARIABLE_NUMERICA
FETAL,9966,TALLA_NUM,0.0,20,65,CONVERTIDO_A_NA_EN_VARIABLE_NUMERICA
FETAL,10133,TALLA_NUM,0.0,20,65,CONVERTIDO_A_NA_EN_VARIABLE_NUMERICA
FETAL,10136,TALLA_NUM,0.0,20,65,CONVERTIDO_A_NA_EN_VARIABLE_NUMERICA
FETAL,10172,TALLA_NUM,0.0,20,65,CONVERTIDO_A_NA_EN_VARIABLE_NUMERICA
FETAL,10187,TALLA_NUM,0.0,20,65,CONVERTIDO_A_NA_EN_VARIABLE_NUMERICA
FETAL,10366,TALLA_NUM,0.0,20,65,CONVERTIDO_A_NA_EN_VARIABLE_NUMERICA
FETAL,10388,TALLA_NUM,0.0,20,65,CONVERTIDO_A_NA_EN_VARIABLE_NUMERICA
FETAL,10396,TALLA_NUM,0.0,20,65,CONVERTIDO_A_NA_EN_VARIABLE_NUMERICA
FETAL,10423,TALLA_NUM,0.0,20,65,CONVERTIDO_A_NA_EN_VARIABLE_NUMERICA
FETAL,10436,TALLA_NUM,0.0,20,65,CONVERTIDO_A_NA_EN_VARIABLE_NUMERICA
FETAL,10523,TALLA_NUM,0.0,20,65,CONVERTIDO_A_NA_EN_VARIABLE_NUMERICA
FETAL,10731,TALLA_NUM,0.0,20,65,CONVERTIDO_A_NA_EN_VARIABLE_NUMERICA
FETAL,10765,TALLA_NUM,0.0,20,65,CONVERTIDO_A_NA_EN_VARIABLE_NUMERICA
FETAL,10855,TALLA_NUM,0.0,20,65,CONVERTIDO_A_NA_EN_VARIABLE_NUMERICA
FETAL,10865,TALLA_NUM,0.0,20,65,CONVERTIDO_A_NA_EN_VARIABLE_NUMERICA
FETAL,10891,TALLA_NUM,0.0,20,65,CONVERTIDO_A_NA_EN_VARIABLE_NUMERICA
FETAL,10920,TALLA_NUM,0.0,20,65,CONVERTIDO_A_NA_EN_VARIABLE_NUMERICA
FETAL,10941,TALLA_NUM,0.0,20,65,CONVERTIDO_A_NA_EN_VARIABLE_NUMERICA
FETAL,11090,TALLA_NUM,0.0,20,65,CONVERTIDO_A_NA_EN_VARIABLE_NUMERICA
FETAL,11166,TALLA_NUM,0.0,20,65,CONVERTIDO_A_NA_EN_VARIABLE_NUMERICA
FETAL,11178,TALLA_NUM,0.0,20,65,CONVERTIDO_A_NA_EN_VARIABLE_NUMERICA
FETAL,11228,TALLA_NUM,0.0,20,65,CONVERTIDO_A_NA_EN_VARIABLE_NUMERICA
FETAL,11257,TALLA_NUM,0.0,20,65,CONVERTIDO_A_NA_EN_VARIABLE_NUMERICA
FETAL,11300,TALLA_NUM,0.0,20,65,CONVERTIDO_A_NA_EN_VARIABLE_NUMERICA
FETAL,11581,TALLA_NUM,0.0,20,65,CONVERTIDO_A_NA_EN_VARIABLE_NUMERICA
FETAL,11602,TALLA_NUM,0.0,20,65,CONVERTIDO_A_NA_EN_VARIABLE_NUMERICA
FETAL,11736,TALLA_NUM,0.0,20,65,CONVERTIDO_A_NA_EN_VARIABLE_NUMERICA
FETAL,11820,TALLA_NUM,0.0,20,65,CONVERTIDO_A_NA_EN_VARIABLE_NUMERICA
FETAL,11833,TALLA_NUM,0.0,20,65,CONVERTIDO_A_NA_EN_VARIABLE_NUMERICA
FETAL,11861,TALLA_NUM,0.0,20,65,CONVERTIDO_A_NA_EN_VARIABLE_NUMERICA
FETAL,11945,TALLA_NUM,0.0,20,65,CONVERTIDO_A_NA_EN_VARIABLE_NUMERICA
FETAL,11948,TALLA_NUM,0.0,20,65,CONVERTIDO_A_NA_EN_VARIABLE_NUMERICA
FETAL,11953,TALLA_NUM,0.0,20,65,CONVERTIDO_A_NA_EN_VARIABLE_NUMERICA
FETAL,11998,TALLA_NUM,0.0,20,65,CONVERTIDO_A_NA_EN_VARIABLE_NUMERICA
FETAL,12017,TALLA_NUM,0.0,20,65,CONVERTIDO_A_NA_EN_VARIABLE_NUMERICA
FETAL,12038,TALLA_NUM,0.0,20,65,CONVERTIDO_A_NA_EN_VARIABLE_NUMERICA
FETAL,12056,TALLA_NUM,0.0,20,65,CONVERTIDO_A_NA_EN_VARIABLE_NUMERICA
FETAL,12258,TALLA_NUM,0.0,20,65,CONVERTIDO_A_NA_EN_VARIABLE_NUMERICA
FETAL,12486,TALLA_NUM,0.0,20,65,CONVERTIDO_A_NA_EN_VARIABLE_NUMERICA
FETAL,12802,TALLA_NUM,0.0,20,65,CONVERTIDO_A_NA_EN_VARIABLE_NUMERICA
FETAL,12998,TALLA_NUM,0.0,20,65,CONVERTIDO_A_NA_EN_VARIABLE_NUMERICA
FETAL,13010,TALLA_NUM,0.0,20,65,CONVERTIDO_A_NA_EN_VARIABLE_NUMERICA
FETAL,13045,TALLA_NUM,0.0,20,65,CONVERTIDO_A_NA_EN_VARIABLE_NUMERICA
FETAL,13089,TALLA_NUM,0.0,20,65,CONVERTIDO_A_NA_EN_VARIABLE_NUMERICA
FETAL,13218,TALLA_NUM,0.0,20,65,CONVERTIDO_A_NA_EN_VARIABLE_NUMERICA
FETAL,13348,TALLA_NUM,0.0,20,65,CONVERTIDO_A_NA_EN_VARIABLE_NUMERICA
FETAL,13665,TALLA_NUM,0.0,20,65,CONVERTIDO_A_NA_EN_VARIABLE_NUMERICA
FETAL,13853,TALLA_NUM,0.0,20,65,CONVERTIDO_A_NA_EN_VARIABLE_NUMERICA
FETAL,13889,TALLA_NUM,0.0,20,65,CONVERTIDO_A_NA_EN_VARIABLE_NUMERICA
FETAL,14238,TALLA_NUM,0.0,20,65,CONVERTIDO_A_NA_EN_VARIABLE_NUMERICA
FETAL,14299,TALLA_NUM,0.0,20,65,CONVERTIDO_A_NA_EN_VARIABLE_NUMERICA
FETAL,14429,TALLA_NUM,0.0,20,65,CONVERTIDO_A_NA_EN_VARIABLE_NUMERICA
FETAL,15167,TALLA_NUM,0.0,20,65,CONVERTIDO_A_NA_EN_VARIABLE_NUMERICA
FETAL,15189,TALLA_NUM,0.0,20,65,CONVERTIDO_A_NA_EN_VARIABLE_NUMERICA
FETAL,15354,TALLA_NUM,0.0,20,65,CONVERTIDO_A_NA_EN_VARIABLE_NUMERICA
FETAL,15584,TALLA_NUM,0.0,20,65,CONVERTIDO_A_NA_EN_VARIABLE_NUMERICA
FETAL,16489,TALLA_NUM,0.0,20,65,CONVERTIDO_A_NA_EN_VARIABLE_NUMERICA
FETAL,16490,TALLA_NUM,0.0,20,65,CONVERTIDO_A_NA_EN_VARIABLE_NUMERICA
FETAL,16547,TALLA_NUM,0.0,20,65,CONVERTIDO_A_NA_EN_VARIABLE_NUMERICA
FETAL,17332,TALLA_NUM,0.0,20,65,CONVERTIDO_A_NA_EN_VARIABLE_NUMERICA
FETAL,17348,TALLA_NUM,0.0,20,65,CONVERTIDO_A_NA_EN_VARIABLE_NUMERICA
FETAL,17501,TALLA_NUM,0.0,20,65,CONVERTIDO_A_NA_EN_VARIABLE_NUMERICA
FETAL,17913,TALLA_NUM,0.0,20,65,CONVERTIDO_A_NA_EN_VARIABLE_NUMERICA
FETAL,18175,TALLA_NUM,0.0,20,65,CONVERTIDO_A_NA_EN_VARIABLE_NUMERICA
FETAL,18908,TALLA_NUM,0.0,20,65,CONVERTIDO_A_NA_EN_VARIABLE_NUMERICA
FETAL,18964,TALLA_NUM,0.0,20,65,CONVERTIDO_A_NA_EN_VARIABLE_NUMERICA
FETAL,18965,TALLA_NUM,0.0,20,65,CONVERTIDO_A_NA_EN_VARIABLE_NUMERICA
FETAL,19924,TALLA_NUM,0.0,20,65,CONVERTIDO_A_NA_EN_VARIABLE_NUMERICA
FETAL,20038,TALLA_NUM,0.0,20,65,CONVERTIDO_A_NA_EN_VARIABLE_NUMERICA
FETAL,20705,TALLA_NUM,0.0,20,65,CONVERTIDO_A_NA_EN_VARIABLE_NUMERICA
FETAL,20913,TALLA_NUM,0.0,20,65,CONVERTIDO_A_NA_EN_VARIABLE_NUMERICA
FETAL,21182,TALLA_NUM,0.0,20,65,CONVERTIDO_A_NA_EN_VARIABLE_NUMERICA
FETAL,22620,TALLA_NUM,0.0,20,65,CONVERTIDO_A_NA_EN_VARIABLE_NUMERICA
FETAL,22928,TALLA_NUM,0.0,20,65,CONVERTIDO_A_NA_EN_VARIABLE_NUMERICA
FETAL,23029,TALLA_NUM,0.0,20,65,CONVERTIDO_A_NA_EN_VARIABLE_NUMERICA
FETAL,23137,TALLA_NUM,0.0,20,65,CONVERTIDO_A_NA_EN_VARIABLE_NUMERICA
FETAL,23230,TALLA_NUM,0.0,20,65,CONVERTIDO_A_NA_EN_VARIABLE_NUMERICA
FETAL,23321,TALLA_NUM,0.0,20,65,CONVERTIDO_A_NA_EN_VARIABLE_NUMERICA
FETAL,23490,TALLA_NUM,0.0,20,65,CONVERTIDO_A_NA_EN_VARIABLE_NUMERICA
FETAL,23551,TALLA_NUM,0.0,20,65,CONVERTIDO_A_NA_EN_VARIABLE_NUMERICA
FETAL,3782,P_CEFALICO_NUM,0.0,15,45,CONVERTIDO_A_NA_EN_VARIABLE_NUMERICA
FETAL,3978,P_CEFALICO_NUM,0.0,15,45,CONVERTIDO_A_NA_EN_VARIABLE_NUMERICA
FETAL,4047,P_CEFALICO_NUM,0.0,15,45,CONVERTIDO_A_NA_EN_VARIABLE_NUMERICA
FETAL,4137,P_CEFALICO_NUM,0.0,15,45,CONVERTIDO_A_NA_EN_VARIABLE_NUMERICA
FETAL,4173,P_CEFALICO_NUM,0.0,15,45,CONVERTIDO_A_NA_EN_VARIABLE_NUMERICA
FETAL,4193,P_CEFALICO_NUM,0.0,15,45,CONVERTIDO_A_NA_EN_VARIABLE_NUMERICA
FETAL,4207,P_CEFALICO_NUM,0.0,15,45,CONVERTIDO_A_NA_EN_VARIABLE_NUMERICA
FETAL,4267,P_CEFALICO_NUM,0.0,15,45,CONVERTIDO_A_NA_EN_VARIABLE_NUMERICA
FETAL,4322,P_CEFALICO_NUM,0.0,15,45,CONVERTIDO_A_NA_EN_VARIABLE_NUMERICA
FETAL,4422,P_CEFALICO_NUM,0.0,15,45,CONVERTIDO_A_NA_EN_VARIABLE_NUMERICA
FETAL,4425,P_CEFALICO_NUM,0.0,15,45,CONVERTIDO_A_NA_EN_VARIABLE_NUMERICA
FETAL,4513,P_CEFALICO_NUM,0.0,15,45,CONVERTIDO_A_NA_EN_VARIABLE_NUMERICA
FETAL,4547,P_CEFALICO_NUM,0.0,15,45,CONVERTIDO_A_NA_EN_VARIABLE_NUMERICA
FETAL,4566,P_CEFALICO_NUM,0.0,15,45,CONVERTIDO_A_NA_EN_VARIABLE_NUMERICA
FETAL,4638,P_CEFALICO_NUM,0.0,15,45,CONVERTIDO_A_NA_EN_VARIABLE_NUMERICA
FETAL,4640,P_CEFALICO_NUM,0.0,15,45,CONVERTIDO_A_NA_EN_VARIABLE_NUMERICA
FETAL,4642,P_CEFALICO_NUM,0.0,15,45,CONVERTIDO_A_NA_EN_VARIABLE_NUMERICA
FETAL,4719,P_CEFALICO_NUM,0.0,15,45,CONVERTIDO_A_NA_EN_VARIABLE_NUMERICA
FETAL,4750,P_CEFALICO_NUM,0.0,15,45,CONVERTIDO_A_NA_EN_VARIABLE_NUMERICA
FETAL,4829,P_CEFALICO_NUM,0.0,15,45,CONVERTIDO_A_NA_EN_VARIABLE_NUMERICA
FETAL,4871,P_CEFALICO_NUM,0.0,15,45,CONVERTIDO_A_NA_EN_VARIABLE_NUMERICA
FETAL,4926,P_CEFALICO_NUM,0.0,15,45,CONVERTIDO_A_NA_EN_VARIABLE_NUMERICA
FETAL,4994,P_CEFALICO_NUM,0.0,15,45,CONVERTIDO_A_NA_EN_VARIABLE_NUMERICA
FETAL,5022,P_CEFALICO_NUM,0.0,15,45,CONVERTIDO_A_NA_EN_VARIABLE_NUMERICA
FETAL,5026,P_CEFALICO_NUM,0.0,15,45,CONVERTIDO_A_NA_EN_VARIABLE_NUMERICA
FETAL,5050,P_CEFALICO_NUM,0.0,15,45,CONVERTIDO_A_NA_EN_VARIABLE_NUMERICA
FETAL,5077,P_CEFALICO_NUM,0.0,15,45,CONVERTIDO_A_NA_EN_VARIABLE_NUMERICA
FETAL,5146,P_CEFALICO_NUM,0.0,15,45,CONVERTIDO_A_NA_EN_VARIABLE_NUMERICA
FETAL,5148,P_CEFALICO_NUM,0.0,15,45,CONVERTIDO_A_NA_EN_VARIABLE_NUMERICA
FETAL,5217,P_CEFALICO_NUM,0.0,15,45,CONVERTIDO_A_NA_EN_VARIABLE_NUMERICA
FETAL,5306,P_CEFALICO_NUM,0.0,15,45,CONVERTIDO_A_NA_EN_VARIABLE_NUMERICA
FETAL,5532,P_CEFALICO_NUM,0.0,15,45,CONVERTIDO_A_NA_EN_VARIABLE_NUMERICA
FETAL,5647,P_CEFALICO_NUM,0.0,15,45,CONVERTIDO_A_NA_EN_VARIABLE_NUMERICA
FETAL,5672,P_CEFALICO_NUM,0.0,15,45,CONVERTIDO_A_NA_EN_VARIABLE_NUMERICA
FETAL,5762,P_CEFALICO_NUM,0.0,15,45,CONVERTIDO_A_NA_EN_VARIABLE_NUMERICA
FETAL,5792,P_CEFALICO_NUM,0.0,15,45,CONVERTIDO_A_NA_EN_VARIABLE_NUMERICA
FETAL,5824,P_CEFALICO_NUM,0.0,15,45,CONVERTIDO_A_NA_EN_VARIABLE_NUMERICA
FETAL,5968,P_CEFALICO_NUM,0.0,15,45,CONVERTIDO_A_NA_EN_VARIABLE_NUMERICA
FETAL,5985,P_CEFALICO_NUM,0.0,15,45,CONVERTIDO_A_NA_EN_VARIABLE_NUMERICA
FETAL,6046,P_CEFALICO_NUM,0.0,15,45,CONVERTIDO_A_NA_EN_VARIABLE_NUMERICA
FETAL,6208,P_CEFALICO_NUM,0.0,15,45,CONVERTIDO_A_NA_EN_VARIABLE_NUMERICA
FETAL,6220,P_CEFALICO_NUM,0.0,15,45,CONVERTIDO_A_NA_EN_VARIABLE_NUMERICA
FETAL,6221,P_CEFALICO_NUM,0.0,15,45,CONVERTIDO_A_NA_EN_VARIABLE_NUMERICA
FETAL,6235,P_CEFALICO_NUM,0.0,15,45,CONVERTIDO_A_NA_EN_VARIABLE_NUMERICA
FETAL,6353,P_CEFALICO_NUM,0.0,15,45,CONVERTIDO_A_NA_EN_VARIABLE_NUMERICA
FETAL,6394,P_CEFALICO_NUM,0.0,15,45,CONVERTIDO_A_NA_EN_VARIABLE_NUMERICA
FETAL,6454,P_CEFALICO_NUM,0.0,15,45,CONVERTIDO_A_NA_EN_VARIABLE_NUMERICA
FETAL,6456,P_CEFALICO_NUM,0.0,15,45,CONVERTIDO_A_NA_EN_VARIABLE_NUMERICA
FETAL,6459,P_CEFALICO_NUM,0.0,15,45,CONVERTIDO_A_NA_EN_VARIABLE_NUMERICA
FETAL,6462,P_CEFALICO_NUM,0.0,15,45,CONVERTIDO_A_NA_EN_VARIABLE_NUMERICA
FETAL,6475,P_CEFALICO_NUM,0.0,15,45,CONVERTIDO_A_NA_EN_VARIABLE_NUMERICA
FETAL,6484,P_CEFALICO_NUM,0.0,15,45,CONVERTIDO_A_NA_EN_VARIABLE_NUMERICA
FETAL,6504,P_CEFALICO_NUM,0.0,15,45,CONVERTIDO_A_NA_EN_VARIABLE_NUMERICA
FETAL,6506,P_CEFALICO_NUM,0.0,15,45,CONVERTIDO_A_NA_EN_VARIABLE_NUMERICA
FETAL,6532,P_CEFALICO_NUM,0.0,15,45,CONVERTIDO_A_NA_EN_VARIABLE_NUMERICA
FETAL,6564,P_CEFALICO_NUM,0.0,15,45,CONVERTIDO_A_NA_EN_VARIABLE_NUMERICA
FETAL,6589,P_CEFALICO_NUM,0.0,15,45,CONVERTIDO_A_NA_EN_VARIABLE_NUMERICA
FETAL,6649,P_CEFALICO_NUM,0.0,15,45,CONVERTIDO_A_NA_EN_VARIABLE_NUMERICA
FETAL,6650,P_CEFALICO_NUM,0.0,15,45,CONVERTIDO_A_NA_EN_VARIABLE_NUMERICA
FETAL,6668,P_CEFALICO_NUM,0.0,15,45,CONVERTIDO_A_NA_EN_VARIABLE_NUMERICA
FETAL,6681,P_CEFALICO_NUM,0.0,15,45,CONVERTIDO_A_NA_EN_VARIABLE_NUMERICA
FETAL,6696,P_CEFALICO_NUM,0.0,15,45,CONVERTIDO_A_NA_EN_VARIABLE_NUMERICA
FETAL,6734,P_CEFALICO_NUM,0.0,15,45,CONVERTIDO_A_NA_EN_VARIABLE_NUMERICA
FETAL,6788,P_CEFALICO_NUM,0.0,15,45,CONVERTIDO_A_NA_EN_VARIABLE_NUMERICA
FETAL,6789,P_CEFALICO_NUM,0.0,15,45,CONVERTIDO_A_NA_EN_VARIABLE_NUMERICA
FETAL,6790,P_CEFALICO_NUM,0.0,15,45,CONVERTIDO_A_NA_EN_VARIABLE_NUMERICA
FETAL,6874,P_CEFALICO_NUM,0.0,15,45,CONVERTIDO_A_NA_EN_VARIABLE_NUMERICA
FETAL,6898,P_CEFALICO_NUM,0.0,15,45,CONVERTIDO_A_NA_EN_VARIABLE_NUMERICA
FETAL,7010,P_CEFALICO_NUM,0.0,15,45,CONVERTIDO_A_NA_EN_VARIABLE_NUMERICA
FETAL,7014,P_CEFALICO_NUM,0.0,15,45,CONVERTIDO_A_NA_EN_VARIABLE_NUMERICA
FETAL,7098,P_CEFALICO_NUM,0.0,15,45,CONVERTIDO_A_NA_EN_VARIABLE_NUMERICA
FETAL,7165,P_CEFALICO_NUM,0.0,15,45,CONVERTIDO_A_NA_EN_VARIABLE_NUMERICA
FETAL,7194,P_CEFALICO_NUM,0.0,15,45,CONVERTIDO_A_NA_EN_VARIABLE_NUMERICA
FETAL,7201,P_CEFALICO_NUM,0.0,15,45,CONVERTIDO_A_NA_EN_VARIABLE_NUMERICA
FETAL,7209,P_CEFALICO_NUM,0.0,15,45,CONVERTIDO_A_NA_EN_VARIABLE_NUMERICA
FETAL,7246,P_CEFALICO_NUM,0.0,15,45,CONVERTIDO_A_NA_EN_VARIABLE_NUMERICA
FETAL,7334,P_CEFALICO_NUM,0.0,15,45,CONVERTIDO_A_NA_EN_VARIABLE_NUMERICA
FETAL,7406,P_CEFALICO_NUM,0.0,15,45,CONVERTIDO_A_NA_EN_VARIABLE_NUMERICA
FETAL,7423,P_CEFALICO_NUM,0.0,15,45,CONVERTIDO_A_NA_EN_VARIABLE_NUMERICA
FETAL,7556,P_CEFALICO_NUM,0.0,15,45,CONVERTIDO_A_NA_EN_VARIABLE_NUMERICA
FETAL,7584,P_CEFALICO_NUM,0.0,15,45,CONVERTIDO_A_NA_EN_VARIABLE_NUMERICA
FETAL,7605,P_CEFALICO_NUM,0.0,15,45,CONVERTIDO_A_NA_EN_VARIABLE_NUMERICA
FETAL,7608,P_CEFALICO_NUM,0.0,15,45,CONVERTIDO_A_NA_EN_VARIABLE_NUMERICA
FETAL,7649,P_CEFALICO_NUM,0.0,15,45,CONVERTIDO_A_NA_EN_VARIABLE_NUMERICA
FETAL,7756,P_CEFALICO_NUM,0.0,15,45,CONVERTIDO_A_NA_EN_VARIABLE_NUMERICA
FETAL,7761,P_CEFALICO_NUM,0.0,15,45,CONVERTIDO_A_NA_EN_VARIABLE_NUMERICA
FETAL,7775,P_CEFALICO_NUM,0.0,15,45,CONVERTIDO_A_NA_EN_VARIABLE_NUMERICA
FETAL,7859,P_CEFALICO_NUM,0.0,15,45,CONVERTIDO_A_NA_EN_VARIABLE_NUMERICA
FETAL,7884,P_CEFALICO_NUM,0.0,15,45,CONVERTIDO_A_NA_EN_VARIABLE_NUMERICA
FETAL,7924,P_CEFALICO_NUM,0.0,15,45,CONVERTIDO_A_NA_EN_VARIABLE_NUMERICA
FETAL,8019,P_CEFALICO_NUM,0.0,15,45,CONVERTIDO_A_NA_EN_VARIABLE_NUMERICA
FETAL,8088,P_CEFALICO_NUM,0.0,15,45,CONVERTIDO_A_NA_EN_VARIABLE_NUMERICA
FETAL,8140,P_CEFALICO_NUM,0.0,15,45,CONVERTIDO_A_NA_EN_VARIABLE_NUMERICA
FETAL,8141,P_CEFALICO_NUM,0.0,15,45,CONVERTIDO_A_NA_EN_VARIABLE_NUMERICA
FETAL,8171,P_CEFALICO_NUM,0.0,15,45,CONVERTIDO_A_NA_EN_VARIABLE_NUMERICA
FETAL,8227,P_CEFALICO_NUM,0.0,15,45,CONVERTIDO_A_NA_EN_VARIABLE_NUMERICA
FETAL,8228,P_CEFALICO_NUM,0.0,15,45,CONVERTIDO_A_NA_EN_VARIABLE_NUMERICA
FETAL,8233,P_CEFALICO_NUM,0.0,15,45,CONVERTIDO_A_NA_EN_VARIABLE_NUMERICA
FETAL,8394,P_CEFALICO_NUM,0.0,15,45,CONVERTIDO_A_NA_EN_VARIABLE_NUMERICA
FETAL,8476,P_CEFALICO_NUM,0.0,15,45,CONVERTIDO_A_NA_EN_VARIABLE_NUMERICA
FETAL,8523,P_CEFALICO_NUM,0.0,15,45,CONVERTIDO_A_NA_EN_VARIABLE_NUMERICA
FETAL,8662,P_CEFALICO_NUM,0.0,15,45,CONVERTIDO_A_NA_EN_VARIABLE_NUMERICA
FETAL,8668,P_CEFALICO_NUM,0.0,15,45,CONVERTIDO_A_NA_EN_VARIABLE_NUMERICA
FETAL,8669,P_CEFALICO_NUM,0.0,15,45,CONVERTIDO_A_NA_EN_VARIABLE_NUMERICA
FETAL,8684,P_CEFALICO_NUM,0.0,15,45,CONVERTIDO_A_NA_EN_VARIABLE_NUMERICA
FETAL,8733,P_CEFALICO_NUM,0.0,15,45,CONVERTIDO_A_NA_EN_VARIABLE_NUMERICA
FETAL,8735,P_CEFALICO_NUM,0.0,15,45,CONVERTIDO_A_NA_EN_VARIABLE_NUMERICA
FETAL,8744,P_CEFALICO_NUM,0.0,15,45,CONVERTIDO_A_NA_EN_VARIABLE_NUMERICA
FETAL,8843,P_CEFALICO_NUM,0.0,15,45,CONVERTIDO_A_NA_EN_VARIABLE_NUMERICA
FETAL,8846,P_CEFALICO_NUM,0.0,15,45,CONVERTIDO_A_NA_EN_VARIABLE_NUMERICA
FETAL,8868,P_CEFALICO_NUM,0.0,15,45,CONVERTIDO_A_NA_EN_VARIABLE_NUMERICA
FETAL,8874,P_CEFALICO_NUM,0.0,15,45,CONVERTIDO_A_NA_EN_VARIABLE_NUMERICA
FETAL,8883,P_CEFALICO_NUM,0.0,15,45,CONVERTIDO_A_NA_EN_VARIABLE_NUMERICA
FETAL,8899,P_CEFALICO_NUM,0.0,15,45,CONVERTIDO_A_NA_EN_VARIABLE_NUMERICA
FETAL,8912,P_CEFALICO_NUM,0.0,15,45,CONVERTIDO_A_NA_EN_VARIABLE_NUMERICA
FETAL,8923,P_CEFALICO_NUM,0.0,15,45,CONVERTIDO_A_NA_EN_VARIABLE_NUMERICA
FETAL,8931,P_CEFALICO_NUM,0.0,15,45,CONVERTIDO_A_NA_EN_VARIABLE_NUMERICA
FETAL,8956,P_CEFALICO_NUM,0.0,15,45,CONVERTIDO_A_NA_EN_VARIABLE_NUMERICA
FETAL,8999,P_CEFALICO_NUM,0.0,15,45,CONVERTIDO_A_NA_EN_VARIABLE_NUMERICA
FETAL,9018,P_CEFALICO_NUM,0.0,15,45,CONVERTIDO_A_NA_EN_VARIABLE_NUMERICA
FETAL,9064,P_CEFALICO_NUM,0.0,15,45,CONVERTIDO_A_NA_EN_VARIABLE_NUMERICA
FETAL,9071,P_CEFALICO_NUM,0.0,15,45,CONVERTIDO_A_NA_EN_VARIABLE_NUMERICA
FETAL,9076,P_CEFALICO_NUM,0.0,15,45,CONVERTIDO_A_NA_EN_VARIABLE_NUMERICA
FETAL,9085,P_CEFALICO_NUM,0.0,15,45,CONVERTIDO_A_NA_EN_VARIABLE_NUMERICA
FETAL,9087,P_CEFALICO_NUM,0.0,15,45,CONVERTIDO_A_NA_EN_VARIABLE_NUMERICA
FETAL,9090,P_CEFALICO_NUM,0.0,15,45,CONVERTIDO_A_NA_EN_VARIABLE_NUMERICA
FETAL,9093,P_CEFALICO_NUM,0.0,15,45,CONVERTIDO_A_NA_EN_VARIABLE_NUMERICA
FETAL,9099,P_CEFALICO_NUM,0.0,15,45,CONVERTIDO_A_NA_EN_VARIABLE_NUMERICA
FETAL,9102,P_CEFALICO_NUM,0.0,15,45,CONVERTIDO_A_NA_EN_VARIABLE_NUMERICA
FETAL,9120,P_CEFALICO_NUM,0.0,15,45,CONVERTIDO_A_NA_EN_VARIABLE_NUMERICA
FETAL,9145,P_CEFALICO_NUM,0.0,15,45,CONVERTIDO_A_NA_EN_VARIABLE_NUMERICA
FETAL,9149,P_CEFALICO_NUM,0.0,15,45,CONVERTIDO_A_NA_EN_VARIABLE_NUMERICA
FETAL,9162,P_CEFALICO_NUM,0.0,15,45,CONVERTIDO_A_NA_EN_VARIABLE_NUMERICA
FETAL,9174,P_CEFALICO_NUM,0.0,15,45,CONVERTIDO_A_NA_EN_VARIABLE_NUMERICA
FETAL,9179,P_CEFALICO_NUM,0.0,15,45,CONVERTIDO_A_NA_EN_VARIABLE_NUMERICA
FETAL,9222,P_CEFALICO_NUM,0.0,15,45,CONVERTIDO_A_NA_EN_VARIABLE_NUMERICA
FETAL,9224,P_CEFALICO_NUM,0.0,15,45,CONVERTIDO_A_NA_EN_VARIABLE_NUMERICA
FETAL,9225,P_CEFALICO_NUM,0.0,15,45,CONVERTIDO_A_NA_EN_VARIABLE_NUMERICA
FETAL,9239,P_CEFALICO_NUM,0.0,15,45,CONVERTIDO_A_NA_EN_VARIABLE_NUMERICA
FETAL,9240,P_CEFALICO_NUM,0.0,15,45,CONVERTIDO_A_NA_EN_VARIABLE_NUMERICA
FETAL,9249,P_CEFALICO_NUM,0.0,15,45,CONVERTIDO_A_NA_EN_VARIABLE_NUMERICA
FETAL,9257,P_CEFALICO_NUM,0.0,15,45,CONVERTIDO_A_NA_EN_VARIABLE_NUMERICA
FETAL,9276,P_CEFALICO_NUM,0.0,15,45,CONVERTIDO_A_NA_EN_VARIABLE_NUMERICA
FETAL,9279,P_CEFALICO_NUM,0.0,15,45,CONVERTIDO_A_NA_EN_VARIABLE_NUMERICA
FETAL,9280,P_CEFALICO_NUM,0.0,15,45,CONVERTIDO_A_NA_EN_VARIABLE_NUMERICA
FETAL,9288,P_CEFALICO_NUM,0.0,15,45,CONVERTIDO_A_NA_EN_VARIABLE_NUMERICA
FETAL,9297,P_CEFALICO_NUM,0.0,15,45,CONVERTIDO_A_NA_EN_VARIABLE_NUMERICA
FETAL,9312,P_CEFALICO_NUM,0.0,15,45,CONVERTIDO_A_NA_EN_VARIABLE_NUMERICA
FETAL,9322,P_CEFALICO_NUM,0.0,15,45,CONVERTIDO_A_NA_EN_VARIABLE_NUMERICA
FETAL,9324,P_CEFALICO_NUM,0.0,15,45,CONVERTIDO_A_NA_EN_VARIABLE_NUMERICA
FETAL,9331,P_CEFALICO_NUM,0.0,15,45,CONVERTIDO_A_NA_EN_VARIABLE_NUMERICA
FETAL,9338,P_CEFALICO_NUM,0.0,15,45,CONVERTIDO_A_NA_EN_VARIABLE_NUMERICA
FETAL,9344,P_CEFALICO_NUM,0.0,15,45,CONVERTIDO_A_NA_EN_VARIABLE_NUMERICA
FETAL,9353,P_CEFALICO_NUM,0.0,15,45,CONVERTIDO_A_NA_EN_VARIABLE_NUMERICA
FETAL,9357,P_CEFALICO_NUM,0.0,15,45,CONVERTIDO_A_NA_EN_VARIABLE_NUMERICA
FETAL,9378,P_CEFALICO_NUM,0.0,15,45,CONVERTIDO_A_NA_EN_VARIABLE_NUMERICA
FETAL,9387,P_CEFALICO_NUM,0.0,15,45,CONVERTIDO_A_NA_EN_VARIABLE_NUMERICA
FETAL,9414,P_CEFALICO_NUM,0.0,15,45,CONVERTIDO_A_NA_EN_VARIABLE_NUMERICA
FETAL,9419,P_CEFALICO_NUM,0.0,15,45,CONVERTIDO_A_NA_EN_VARIABLE_NUMERICA
FETAL,9428,P_CEFALICO_NUM,0.0,15,45,CONVERTIDO_A_NA_EN_VARIABLE_NUMERICA
FETAL,9430,P_CEFALICO_NUM,0.0,15,45,CONVERTIDO_A_NA_EN_VARIABLE_NUMERICA
FETAL,9433,P_CEFALICO_NUM,0.0,15,45,CONVERTIDO_A_NA_EN_VARIABLE_NUMERICA
FETAL,9446,P_CEFALICO_NUM,0.0,15,45,CONVERTIDO_A_NA_EN_VARIABLE_NUMERICA
FETAL,9488,P_CEFALICO_NUM,0.0,15,45,CONVERTIDO_A_NA_EN_VARIABLE_NUMERICA
FETAL,9489,P_CEFALICO_NUM,0.0,15,45,CONVERTIDO_A_NA_EN_VARIABLE_NUMERICA
FETAL,9490,P_CEFALICO_NUM,0.0,15,45,CONVERTIDO_A_NA_EN_VARIABLE_NUMERICA
FETAL,9498,P_CEFALICO_NUM,0.0,15,45,CONVERTIDO_A_NA_EN_VARIABLE_NUMERICA
FETAL,9537,P_CEFALICO_NUM,0.0,15,45,CONVERTIDO_A_NA_EN_VARIABLE_NUMERICA
FETAL,9549,P_CEFALICO_NUM,0.0,15,45,CONVERTIDO_A_NA_EN_VARIABLE_NUMERICA
FETAL,9582,P_CEFALICO_NUM,0.0,15,45,CONVERTIDO_A_NA_EN_VARIABLE_NUMERICA
FETAL,9599,P_CEFALICO_NUM,0.0,15,45,CONVERTIDO_A_NA_EN_VARIABLE_NUMERICA
FETAL,9615,P_CEFALICO_NUM,0.0,15,45,CONVERTIDO_A_NA_EN_VARIABLE_NUMERICA
FETAL,9629,P_CEFALICO_NUM,0.0,15,45,CONVERTIDO_A_NA_EN_VARIABLE_NUMERICA
FETAL,9641,P_CEFALICO_NUM,0.0,15,45,CONVERTIDO_A_NA_EN_VARIABLE_NUMERICA
FETAL,9664,P_CEFALICO_NUM,0.0,15,45,CONVERTIDO_A_NA_EN_VARIABLE_NUMERICA
FETAL,9679,P_CEFALICO_NUM,0.0,15,45,CONVERTIDO_A_NA_EN_VARIABLE_NUMERICA
FETAL,9729,P_CEFALICO_NUM,0.0,15,45,CONVERTIDO_A_NA_EN_VARIABLE_NUMERICA
FETAL,9759,P_CEFALICO_NUM,0.0,15,45,CONVERTIDO_A_NA_EN_VARIABLE_NUMERICA
FETAL,9766,P_CEFALICO_NUM,0.0,15,45,CONVERTIDO_A_NA_EN_VARIABLE_NUMERICA
FETAL,9773,P_CEFALICO_NUM,0.0,15,45,CONVERTIDO_A_NA_EN_VARIABLE_NUMERICA
FETAL,9778,P_CEFALICO_NUM,0.0,15,45,CONVERTIDO_A_NA_EN_VARIABLE_NUMERICA
FETAL,9784,P_CEFALICO_NUM,0.0,15,45,CONVERTIDO_A_NA_EN_VARIABLE_NUMERICA
FETAL,9810,P_CEFALICO_NUM,0.0,15,45,CONVERTIDO_A_NA_EN_VARIABLE_NUMERICA
FETAL,9845,P_CEFALICO_NUM,0.0,15,45,CONVERTIDO_A_NA_EN_VARIABLE_NUMERICA
FETAL,9885,P_CEFALICO_NUM,0.0,15,45,CONVERTIDO_A_NA_EN_VARIABLE_NUMERICA
FETAL,9947,P_CEFALICO_NUM,0.0,15,45,CONVERTIDO_A_NA_EN_VARIABLE_NUMERICA
FETAL,9966,P_CEFALICO_NUM,0.0,15,45,CONVERTIDO_A_NA_EN_VARIABLE_NUMERICA
FETAL,9971,P_CEFALICO_NUM,0.0,15,45,CONVERTIDO_A_NA_EN_VARIABLE_NUMERICA
FETAL,9982,P_CEFALICO_NUM,0.0,15,45,CONVERTIDO_A_NA_EN_VARIABLE_NUMERICA
FETAL,10088,P_CEFALICO_NUM,0.0,15,45,CONVERTIDO_A_NA_EN_VARIABLE_NUMERICA
FETAL,10136,P_CEFALICO_NUM,0.0,15,45,CONVERTIDO_A_NA_EN_VARIABLE_NUMERICA
FETAL,10172,P_CEFALICO_NUM,0.0,15,45,CONVERTIDO_A_NA_EN_VARIABLE_NUMERICA
FETAL,10187,P_CEFALICO_NUM,0.0,15,45,CONVERTIDO_A_NA_EN_VARIABLE_NUMERICA
FETAL,10196,P_CEFALICO_NUM,0.0,15,45,CONVERTIDO_A_NA_EN_VARIABLE_NUMERICA
FETAL,10213,P_CEFALICO_NUM,0.0,15,45,CONVERTIDO_A_NA_EN_VARIABLE_NUMERICA
FETAL,10231,P_CEFALICO_NUM,0.0,15,45,CONVERTIDO_A_NA_EN_VARIABLE_NUMERICA
FETAL,10304,P_CEFALICO_NUM,0.0,15,45,CONVERTIDO_A_NA_EN_VARIABLE_NUMERICA
FETAL,10366,P_CEFALICO_NUM,0.0,15,45,CONVERTIDO_A_NA_EN_VARIABLE_NUMERICA
FETAL,10380,P_CEFALICO_NUM,0.0,15,45,CONVERTIDO_A_NA_EN_VARIABLE_NUMERICA
FETAL,10388,P_CEFALICO_NUM,0.0,15,45,CONVERTIDO_A_NA_EN_VARIABLE_NUMERICA
FETAL,10396,P_CEFALICO_NUM,0.0,15,45,CONVERTIDO_A_NA_EN_VARIABLE_NUMERICA
FETAL,10404,P_CEFALICO_NUM,0.0,15,45,CONVERTIDO_A_NA_EN_VARIABLE_NUMERICA
FETAL,10423,P_CEFALICO_NUM,0.0,15,45,CONVERTIDO_A_NA_EN_VARIABLE_NUMERICA
FETAL,10436,P_CEFALICO_NUM,0.0,15,45,CONVERTIDO_A_NA_EN_VARIABLE_NUMERICA
FETAL,10481,P_CEFALICO_NUM,0.0,15,45,CONVERTIDO_A_NA_EN_VARIABLE_NUMERICA
FETAL,10523,P_CEFALICO_NUM,0.0,15,45,CONVERTIDO_A_NA_EN_VARIABLE_NUMERICA
FETAL,10730,P_CEFALICO_NUM,0.0,15,45,CONVERTIDO_A_NA_EN_VARIABLE_NUMERICA
FETAL,10731,P_CEFALICO_NUM,0.0,15,45,CONVERTIDO_A_NA_EN_VARIABLE_NUMERICA
FETAL,10755,P_CEFALICO_NUM,0.0,15,45,CONVERTIDO_A_NA_EN_VARIABLE_NUMERICA
FETAL,10757,P_CEFALICO_NUM,0.0,15,45,CONVERTIDO_A_NA_EN_VARIABLE_NUMERICA
FETAL,10765,P_CEFALICO_NUM,0.0,15,45,CONVERTIDO_A_NA_EN_VARIABLE_NUMERICA
FETAL,10807,P_CEFALICO_NUM,0.0,15,45,CONVERTIDO_A_NA_EN_VARIABLE_NUMERICA
FETAL,10829,P_CEFALICO_NUM,0.0,15,45,CONVERTIDO_A_NA_EN_VARIABLE_NUMERICA
FETAL,10838,P_CEFALICO_NUM,0.0,15,45,CONVERTIDO_A_NA_EN_VARIABLE_NUMERICA
FETAL,10855,P_CEFALICO_NUM,0.0,15,45,CONVERTIDO_A_NA_EN_VARIABLE_NUMERICA
FETAL,10858,P_CEFALICO_NUM,0.0,15,45,CONVERTIDO_A_NA_EN_VARIABLE_NUMERICA
FETAL,10865,P_CEFALICO_NUM,0.0,15,45,CONVERTIDO_A_NA_EN_VARIABLE_NUMERICA
FETAL,10891,P_CEFALICO_NUM,0.0,15,45,CONVERTIDO_A_NA_EN_VARIABLE_NUMERICA
FETAL,10920,P_CEFALICO_NUM,0.0,15,45,CONVERTIDO_A_NA_EN_VARIABLE_NUMERICA
FETAL,10941,P_CEFALICO_NUM,0.0,15,45,CONVERTIDO_A_NA_EN_VARIABLE_NUMERICA
FETAL,10999,P_CEFALICO_NUM,0.0,15,45,CONVERTIDO_A_NA_EN_VARIABLE_NUMERICA
FETAL,11090,P_CEFALICO_NUM,0.0,15,45,CONVERTIDO_A_NA_EN_VARIABLE_NUMERICA
FETAL,11127,P_CEFALICO_NUM,0.0,15,45,CONVERTIDO_A_NA_EN_VARIABLE_NUMERICA
FETAL,11143,P_CEFALICO_NUM,0.0,15,45,CONVERTIDO_A_NA_EN_VARIABLE_NUMERICA
FETAL,11166,P_CEFALICO_NUM,0.0,15,45,CONVERTIDO_A_NA_EN_VARIABLE_NUMERICA
FETAL,11178,P_CEFALICO_NUM,0.0,15,45,CONVERTIDO_A_NA_EN_VARIABLE_NUMERICA
FETAL,11228,P_CEFALICO_NUM,0.0,15,45,CONVERTIDO_A_NA_EN_VARIABLE_NUMERICA
FETAL,11257,P_CEFALICO_NUM,0.0,15,45,CONVERTIDO_A_NA_EN_VARIABLE_NUMERICA
FETAL,11268,P_CEFALICO_NUM,0.0,15,45,CONVERTIDO_A_NA_EN_VARIABLE_NUMERICA
FETAL,11293,P_CEFALICO_NUM,0.0,15,45,CONVERTIDO_A_NA_EN_VARIABLE_NUMERICA
FETAL,11300,P_CEFALICO_NUM,0.0,15,45,CONVERTIDO_A_NA_EN_VARIABLE_NUMERICA
FETAL,11347,P_CEFALICO_NUM,0.0,15,45,CONVERTIDO_A_NA_EN_VARIABLE_NUMERICA
FETAL,11350,P_CEFALICO_NUM,0.0,15,45,CONVERTIDO_A_NA_EN_VARIABLE_NUMERICA
FETAL,11370,P_CEFALICO_NUM,0.0,15,45,CONVERTIDO_A_NA_EN_VARIABLE_NUMERICA
FETAL,11392,P_CEFALICO_NUM,0.0,15,45,CONVERTIDO_A_NA_EN_VARIABLE_NUMERICA
FETAL,11395,P_CEFALICO_NUM,0.0,15,45,CONVERTIDO_A_NA_EN_VARIABLE_NUMERICA
FETAL,11416,P_CEFALICO_NUM,0.0,15,45,CONVERTIDO_A_NA_EN_VARIABLE_NUMERICA
FETAL,11581,P_CEFALICO_NUM,0.0,15,45,CONVERTIDO_A_NA_EN_VARIABLE_NUMERICA
FETAL,11602,P_CEFALICO_NUM,0.0,15,45,CONVERTIDO_A_NA_EN_VARIABLE_NUMERICA
FETAL,11685,P_CEFALICO_NUM,0.0,15,45,CONVERTIDO_A_NA_EN_VARIABLE_NUMERICA
FETAL,11736,P_CEFALICO_NUM,0.0,15,45,CONVERTIDO_A_NA_EN_VARIABLE_NUMERICA
FETAL,11820,P_CEFALICO_NUM,0.0,15,45,CONVERTIDO_A_NA_EN_VARIABLE_NUMERICA
FETAL,11837,P_CEFALICO_NUM,0.0,15,45,CONVERTIDO_A_NA_EN_VARIABLE_NUMERICA
FETAL,11861,P_CEFALICO_NUM,0.0,15,45,CONVERTIDO_A_NA_EN_VARIABLE_NUMERICA
FETAL,11885,P_CEFALICO_NUM,0.0,15,45,CONVERTIDO_A_NA_EN_VARIABLE_NUMERICA
FETAL,11939,P_CEFALICO_NUM,0.0,15,45,CONVERTIDO_A_NA_EN_VARIABLE_NUMERICA
FETAL,11948,P_CEFALICO_NUM,0.0,15,45,CONVERTIDO_A_NA_EN_VARIABLE_NUMERICA
FETAL,11953,P_CEFALICO_NUM,0.0,15,45,CONVERTIDO_A_NA_EN_VARIABLE_NUMERICA
FETAL,11998,P_CEFALICO_NUM,0.0,15,45,CONVERTIDO_A_NA_EN_VARIABLE_NUMERICA
FETAL,12003,P_CEFALICO_NUM,0.0,15,45,CONVERTIDO_A_NA_EN_VARIABLE_NUMERICA
FETAL,12017,P_CEFALICO_NUM,0.0,15,45,CONVERTIDO_A_NA_EN_VARIABLE_NUMERICA
FETAL,12038,P_CEFALICO_NUM,0.0,15,45,CONVERTIDO_A_NA_EN_VARIABLE_NUMERICA
FETAL,12056,P_CEFALICO_NUM,0.0,15,45,CONVERTIDO_A_NA_EN_VARIABLE_NUMERICA
FETAL,12079,P_CEFALICO_NUM,0.0,15,45,CONVERTIDO_A_NA_EN_VARIABLE_NUMERICA
FETAL,12138,P_CEFALICO_NUM,0.0,15,45,CONVERTIDO_A_NA_EN_VARIABLE_NUMERICA
FETAL,12147,P_CEFALICO_NUM,0.0,15,45,CONVERTIDO_A_NA_EN_VARIABLE_NUMERICA
FETAL,12184,P_CEFALICO_NUM,0.0,15,45,CONVERTIDO_A_NA_EN_VARIABLE_NUMERICA
FETAL,12208,P_CEFALICO_NUM,0.0,15,45,CONVERTIDO_A_NA_EN_VARIABLE_NUMERICA
FETAL,12255,P_CEFALICO_NUM,0.0,15,45,CONVERTIDO_A_NA_EN_VARIABLE_NUMERICA
FETAL,12258,P_CEFALICO_NUM,0.0,15,45,CONVERTIDO_A_NA_EN_VARIABLE_NUMERICA
FETAL,12308,P_CEFALICO_NUM,0.0,15,45,CONVERTIDO_A_NA_EN_VARIABLE_NUMERICA
FETAL,12342,P_CEFALICO_NUM,0.0,15,45,CONVERTIDO_A_NA_EN_VARIABLE_NUMERICA
FETAL,12396,P_CEFALICO_NUM,0.0,15,45,CONVERTIDO_A_NA_EN_VARIABLE_NUMERICA
FETAL,12486,P_CEFALICO_NUM,0.0,15,45,CONVERTIDO_A_NA_EN_VARIABLE_NUMERICA
FETAL,12628,P_CEFALICO_NUM,0.0,15,45,CONVERTIDO_A_NA_EN_VARIABLE_NUMERICA
FETAL,12642,P_CEFALICO_NUM,0.0,15,45,CONVERTIDO_A_NA_EN_VARIABLE_NUMERICA
FETAL,12802,P_CEFALICO_NUM,0.0,15,45,CONVERTIDO_A_NA_EN_VARIABLE_NUMERICA
FETAL,12998,P_CEFALICO_NUM,0.0,15,45,CONVERTIDO_A_NA_EN_VARIABLE_NUMERICA
FETAL,13010,P_CEFALICO_NUM,0.0,15,45,CONVERTIDO_A_NA_EN_VARIABLE_NUMERICA
FETAL,13020,P_CEFALICO_NUM,0.0,15,45,CONVERTIDO_A_NA_EN_VARIABLE_NUMERICA
FETAL,13035,P_CEFALICO_NUM,0.0,15,45,CONVERTIDO_A_NA_EN_VARIABLE_NUMERICA
FETAL,13089,P_CEFALICO_NUM,0.0,15,45,CONVERTIDO_A_NA_EN_VARIABLE_NUMERICA
FETAL,13114,P_CEFALICO_NUM,0.0,15,45,CONVERTIDO_A_NA_EN_VARIABLE_NUMERICA
FETAL,13167,P_CEFALICO_NUM,0.0,15,45,CONVERTIDO_A_NA_EN_VARIABLE_NUMERICA
FETAL,13178,P_CEFALICO_NUM,0.0,15,45,CONVERTIDO_A_NA_EN_VARIABLE_NUMERICA
FETAL,13218,P_CEFALICO_NUM,0.0,15,45,CONVERTIDO_A_NA_EN_VARIABLE_NUMERICA
FETAL,13329,P_CEFALICO_NUM,0.0,15,45,CONVERTIDO_A_NA_EN_VARIABLE_NUMERICA
FETAL,13348,P_CEFALICO_NUM,0.0,15,45,CONVERTIDO_A_NA_EN_VARIABLE_NUMERICA
FETAL,13439,P_CEFALICO_NUM,0.0,15,45,CONVERTIDO_A_NA_EN_VARIABLE_NUMERICA
FETAL,13528,P_CEFALICO_NUM,0.0,15,45,CONVERTIDO_A_NA_EN_VARIABLE_NUMERICA
FETAL,13552,P_CEFALICO_NUM,0.0,15,45,CONVERTIDO_A_NA_EN_VARIABLE_NUMERICA
FETAL,13631,P_CEFALICO_NUM,0.0,15,45,CONVERTIDO_A_NA_EN_VARIABLE_NUMERICA
FETAL,13665,P_CEFALICO_NUM,0.0,15,45,CONVERTIDO_A_NA_EN_VARIABLE_NUMERICA
FETAL,13777,P_CEFALICO_NUM,0.0,15,45,CONVERTIDO_A_NA_EN_VARIABLE_NUMERICA
FETAL,13853,P_CEFALICO_NUM,0.0,15,45,CONVERTIDO_A_NA_EN_VARIABLE_NUMERICA
FETAL,13889,P_CEFALICO_NUM,0.0,15,45,CONVERTIDO_A_NA_EN_VARIABLE_NUMERICA
FETAL,13938,P_CEFALICO_NUM,0.0,15,45,CONVERTIDO_A_NA_EN_VARIABLE_NUMERICA
FETAL,14026,P_CEFALICO_NUM,0.0,15,45,CONVERTIDO_A_NA_EN_VARIABLE_NUMERICA
FETAL,14217,P_CEFALICO_NUM,0.0,15,45,CONVERTIDO_A_NA_EN_VARIABLE_NUMERICA
FETAL,14299,P_CEFALICO_NUM,0.0,15,45,CONVERTIDO_A_NA_EN_VARIABLE_NUMERICA
FETAL,14749,P_CEFALICO_NUM,0.0,15,45,CONVERTIDO_A_NA_EN_VARIABLE_NUMERICA
FETAL,14778,P_CEFALICO_NUM,0.0,15,45,CONVERTIDO_A_NA_EN_VARIABLE_NUMERICA
FETAL,14790,P_CEFALICO_NUM,0.0,15,45,CONVERTIDO_A_NA_EN_VARIABLE_NUMERICA
FETAL,14792,P_CEFALICO_NUM,49.5,15,45,CONVERTIDO_A_NA_EN_VARIABLE_NUMERICA
FETAL,14870,P_CEFALICO_NUM,0.0,15,45,CONVERTIDO_A_NA_EN_VARIABLE_NUMERICA
FETAL,14895,P_CEFALICO_NUM,0.0,15,45,CONVERTIDO_A_NA_EN_VARIABLE_NUMERICA
FETAL,15163,P_CEFALICO_NUM,0.0,15,45,CONVERTIDO_A_NA_EN_VARIABLE_NUMERICA
FETAL,15167,P_CEFALICO_NUM,0.0,15,45,CONVERTIDO_A_NA_EN_VARIABLE_NUMERICA
FETAL,15189,P_CEFALICO_NUM,0.0,15,45,CONVERTIDO_A_NA_EN_VARIABLE_NUMERICA
FETAL,15236,P_CEFALICO_NUM,0.0,15,45,CONVERTIDO_A_NA_EN_VARIABLE_NUMERICA
FETAL,15267,P_CEFALICO_NUM,0.0,15,45,CONVERTIDO_A_NA_EN_VARIABLE_NUMERICA
FETAL,15278,P_CEFALICO_NUM,0.0,15,45,CONVERTIDO_A_NA_EN_VARIABLE_NUMERICA
FETAL,15327,P_CEFALICO_NUM,0.0,15,45,CONVERTIDO_A_NA_EN_VARIABLE_NUMERICA
FETAL,15406,P_CEFALICO_NUM,0.0,15,45,CONVERTIDO_A_NA_EN_VARIABLE_NUMERICA
FETAL,15530,P_CEFALICO_NUM,0.0,15,45,CONVERTIDO_A_NA_EN_VARIABLE_NUMERICA
FETAL,15583,P_CEFALICO_NUM,0.0,15,45,CONVERTIDO_A_NA_EN_VARIABLE_NUMERICA
FETAL,15584,P_CEFALICO_NUM,0.0,15,45,CONVERTIDO_A_NA_EN_VARIABLE_NUMERICA
FETAL,15597,P_CEFALICO_NUM,0.0,15,45,CONVERTIDO_A_NA_EN_VARIABLE_NUMERICA
FETAL,15606,P_CEFALICO_NUM,0.0,15,45,CONVERTIDO_A_NA_EN_VARIABLE_NUMERICA
FETAL,15619,P_CEFALICO_NUM,0.0,15,45,CONVERTIDO_A_NA_EN_VARIABLE_NUMERICA
FETAL,15995,P_CEFALICO_NUM,0.0,15,45,CONVERTIDO_A_NA_EN_VARIABLE_NUMERICA
FETAL,16348,P_CEFALICO_NUM,0.0,15,45,CONVERTIDO_A_NA_EN_VARIABLE_NUMERICA
FETAL,16363,P_CEFALICO_NUM,0.0,15,45,CONVERTIDO_A_NA_EN_VARIABLE_NUMERICA
FETAL,16490,P_CEFALICO_NUM,0.0,15,45,CONVERTIDO_A_NA_EN_VARIABLE_NUMERICA
FETAL,16494,P_CEFALICO_NUM,0.0,15,45,CONVERTIDO_A_NA_EN_VARIABLE_NUMERICA
FETAL,16535,P_CEFALICO_NUM,0.0,15,45,CONVERTIDO_A_NA_EN_VARIABLE_NUMERICA
FETAL,16537,P_CEFALICO_NUM,0.0,15,45,CONVERTIDO_A_NA_EN_VARIABLE_NUMERICA
FETAL,16864,P_CEFALICO_NUM,0.0,15,45,CONVERTIDO_A_NA_EN_VARIABLE_NUMERICA
FETAL,17138,P_CEFALICO_NUM,0.0,15,45,CONVERTIDO_A_NA_EN_VARIABLE_NUMERICA
FETAL,17218,P_CEFALICO_NUM,0.0,15,45,CONVERTIDO_A_NA_EN_VARIABLE_NUMERICA
FETAL,17277,P_CEFALICO_NUM,0.0,15,45,CONVERTIDO_A_NA_EN_VARIABLE_NUMERICA
FETAL,17332,P_CEFALICO_NUM,0.0,15,45,CONVERTIDO_A_NA_EN_VARIABLE_NUMERICA
FETAL,17363,P_CEFALICO_NUM,0.0,15,45,CONVERTIDO_A_NA_EN_VARIABLE_NUMERICA
FETAL,17371,P_CEFALICO_NUM,0.0,15,45,CONVERTIDO_A_NA_EN_VARIABLE_NUMERICA
FETAL,17501,P_CEFALICO_NUM,0.0,15,45,CONVERTIDO_A_NA_EN_VARIABLE_NUMERICA
FETAL,17509,P_CEFALICO_NUM,0.0,15,45,CONVERTIDO_A_NA_EN_VARIABLE_NUMERICA
FETAL,17614,P_CEFALICO_NUM,0.0,15,45,CONVERTIDO_A_NA_EN_VARIABLE_NUMERICA
FETAL,17830,P_CEFALICO_NUM,0.0,15,45,CONVERTIDO_A_NA_EN_VARIABLE_NUMERICA
FETAL,17913,P_CEFALICO_NUM,0.0,15,45,CONVERTIDO_A_NA_EN_VARIABLE_NUMERICA
FETAL,18011,P_CEFALICO_NUM,0.0,15,45,CONVERTIDO_A_NA_EN_VARIABLE_NUMERICA
FETAL,18175,P_CEFALICO_NUM,0.0,15,45,CONVERTIDO_A_NA_EN_VARIABLE_NUMERICA
FETAL,18321,P_CEFALICO_NUM,0.0,15,45,CONVERTIDO_A_NA_EN_VARIABLE_NUMERICA
FETAL,18362,P_CEFALICO_NUM,0.0,15,45,CONVERTIDO_A_NA_EN_VARIABLE_NUMERICA
FETAL,18436,P_CEFALICO_NUM,0.0,15,45,CONVERTIDO_A_NA_EN_VARIABLE_NUMERICA
FETAL,18459,P_CEFALICO_NUM,0.0,15,45,CONVERTIDO_A_NA_EN_VARIABLE_NUMERICA
FETAL,18520,P_CEFALICO_NUM,0.0,15,45,CONVERTIDO_A_NA_EN_VARIABLE_NUMERICA
FETAL,18613,P_CEFALICO_NUM,0.0,15,45,CONVERTIDO_A_NA_EN_VARIABLE_NUMERICA
FETAL,18672,P_CEFALICO_NUM,0.0,15,45,CONVERTIDO_A_NA_EN_VARIABLE_NUMERICA
FETAL,18689,P_CEFALICO_NUM,0.0,15,45,CONVERTIDO_A_NA_EN_VARIABLE_NUMERICA
FETAL,18908,P_CEFALICO_NUM,0.0,15,45,CONVERTIDO_A_NA_EN_VARIABLE_NUMERICA
FETAL,18964,P_CEFALICO_NUM,0.0,15,45,CONVERTIDO_A_NA_EN_VARIABLE_NUMERICA
FETAL,18965,P_CEFALICO_NUM,0.0,15,45,CONVERTIDO_A_NA_EN_VARIABLE_NUMERICA
FETAL,19005,P_CEFALICO_NUM,0.0,15,45,CONVERTIDO_A_NA_EN_VARIABLE_NUMERICA
FETAL,19079,P_CEFALICO_NUM,0.0,15,45,CONVERTIDO_A_NA_EN_VARIABLE_NUMERICA
FETAL,19188,P_CEFALICO_NUM,0.0,15,45,CONVERTIDO_A_NA_EN_VARIABLE_NUMERICA
FETAL,19313,P_CEFALICO_NUM,0.0,15,45,CONVERTIDO_A_NA_EN_VARIABLE_NUMERICA
FETAL,19558,P_CEFALICO_NUM,0.0,15,45,CONVERTIDO_A_NA_EN_VARIABLE_NUMERICA
FETAL,19673,P_CEFALICO_NUM,0.0,15,45,CONVERTIDO_A_NA_EN_VARIABLE_NUMERICA
FETAL,19711,P_CEFALICO_NUM,0.0,15,45,CONVERTIDO_A_NA_EN_VARIABLE_NUMERICA
FETAL,19865,P_CEFALICO_NUM,0.0,15,45,CONVERTIDO_A_NA_EN_VARIABLE_NUMERICA
FETAL,19901,P_CEFALICO_NUM,0.0,15,45,CONVERTIDO_A_NA_EN_VARIABLE_NUMERICA
FETAL,19906,P_CEFALICO_NUM,0.0,15,45,CONVERTIDO_A_NA_EN_VARIABLE_NUMERICA
FETAL,19924,P_CEFALICO_NUM,0.0,15,45,CONVERTIDO_A_NA_EN_VARIABLE_NUMERICA
FETAL,20038,P_CEFALICO_NUM,0.0,15,45,CONVERTIDO_A_NA_EN_VARIABLE_NUMERICA
FETAL,20210,P_CEFALICO_NUM,0.0,15,45,CONVERTIDO_A_NA_EN_VARIABLE_NUMERICA
FETAL,20271,P_CEFALICO_NUM,0.0,15,45,CONVERTIDO_A_NA_EN_VARIABLE_NUMERICA
FETAL,20346,P_CEFALICO_NUM,0.0,15,45,CONVERTIDO_A_NA_EN_VARIABLE_NUMERICA
FETAL,20443,P_CEFALICO_NUM,0.0,15,45,CONVERTIDO_A_NA_EN_VARIABLE_NUMERICA
FETAL,20446,P_CEFALICO_NUM,0.0,15,45,CONVERTIDO_A_NA_EN_VARIABLE_NUMERICA
FETAL,20447,P_CEFALICO_NUM,0.0,15,45,CONVERTIDO_A_NA_EN_VARIABLE_NUMERICA
FETAL,20456,P_CEFALICO_NUM,0.0,15,45,CONVERTIDO_A_NA_EN_VARIABLE_NUMERICA
FETAL,20521,P_CEFALICO_NUM,0.0,15,45,CONVERTIDO_A_NA_EN_VARIABLE_NUMERICA
FETAL,20522,P_CEFALICO_NUM,0.0,15,45,CONVERTIDO_A_NA_EN_VARIABLE_NUMERICA
FETAL,20523,P_CEFALICO_NUM,0.0,15,45,CONVERTIDO_A_NA_EN_VARIABLE_NUMERICA
FETAL,20553,P_CEFALICO_NUM,46.0,15,45,CONVERTIDO_A_NA_EN_VARIABLE_NUMERICA
FETAL,20705,P_CEFALICO_NUM,0.0,15,45,CONVERTIDO_A_NA_EN_VARIABLE_NUMERICA
FETAL,20913,P_CEFALICO_NUM,0.0,15,45,CONVERTIDO_A_NA_EN_VARIABLE_NUMERICA
FETAL,20915,P_CEFALICO_NUM,0.0,15,45,CONVERTIDO_A_NA_EN_VARIABLE_NUMERICA
FETAL,20928,P_CEFALICO_NUM,0.0,15,45,CONVERTIDO_A_NA_EN_VARIABLE_NUMERICA
FETAL,20952,P_CEFALICO_NUM,0.0,15,45,CONVERTIDO_A_NA_EN_VARIABLE_NUMERICA
FETAL,21182,P_CEFALICO_NUM,0.0,15,45,CONVERTIDO_A_NA_EN_VARIABLE_NUMERICA
FETAL,21642,P_CEFALICO_NUM,0.0,15,45,CONVERTIDO_A_NA_EN_VARIABLE_NUMERICA
FETAL,21979,P_CEFALICO_NUM,0.0,15,45,CONVERTIDO_A_NA_EN_VARIABLE_NUMERICA
FETAL,21994,P_CEFALICO_NUM,0.0,15,45,CONVERTIDO_A_NA_EN_VARIABLE_NUMERICA
FETAL,21996,P_CEFALICO_NUM,0.0,15,45,CONVERTIDO_A_NA_EN_VARIABLE_NUMERICA
FETAL,22110,P_CEFALICO_NUM,0.0,15,45,CONVERTIDO_A_NA_EN_VARIABLE_NUMERICA
FETAL,22345,P_CEFALICO_NUM,0.0,15,45,CONVERTIDO_A_NA_EN_VARIABLE_NUMERICA
FETAL,22347,P_CEFALICO_NUM,0.0,15,45,CONVERTIDO_A_NA_EN_VARIABLE_NUMERICA
FETAL,22541,P_CEFALICO_NUM,0.0,15,45,CONVERTIDO_A_NA_EN_VARIABLE_NUMERICA
FETAL,22586,P_CEFALICO_NUM,0.0,15,45,CONVERTIDO_A_NA_EN_VARIABLE_NUMERICA
FETAL,22620,P_CEFALICO_NUM,0.0,15,45,CONVERTIDO_A_NA_EN_VARIABLE_NUMERICA
FETAL,22621,P_CEFALICO_NUM,0.0,15,45,CONVERTIDO_A_NA_EN_VARIABLE_NUMERICA
FETAL,22749,P_CEFALICO_NUM,0.0,15,45,CONVERTIDO_A_NA_EN_VARIABLE_NUMERICA
FETAL,22779,P_CEFALICO_NUM,0.0,15,45,CONVERTIDO_A_NA_EN_VARIABLE_NUMERICA
FETAL,22825,P_CEFALICO_NUM,0.0,15,45,CONVERTIDO_A_NA_EN_VARIABLE_NUMERICA
FETAL,22876,P_CEFALICO_NUM,0.0,15,45,CONVERTIDO_A_NA_EN_VARIABLE_NUMERICA
FETAL,22928,P_CEFALICO_NUM,0.0,15,45,CONVERTIDO_A_NA_EN_VARIABLE_NUMERICA
FETAL,22996,P_CEFALICO_NUM,0.0,15,45,CONVERTIDO_A_NA_EN_VARIABLE_NUMERICA
FETAL,23014,P_CEFALICO_NUM,0.0,15,45,CONVERTIDO_A_NA_EN_VARIABLE_NUMERICA
FETAL,23029,P_CEFALICO_NUM,0.0,15,45,CONVERTIDO_A_NA_EN_VARIABLE_NUMERICA
FETAL,23069,P_CEFALICO_NUM,0.0,15,45,CONVERTIDO_A_NA_EN_VARIABLE_NUMERICA
FETAL,23118,P_CEFALICO_NUM,0.0,15,45,CONVERTIDO_A_NA_EN_VARIABLE_NUMERICA
FETAL,23137,P_CEFALICO_NUM,0.0,15,45,CONVERTIDO_A_NA_EN_VARIABLE_NUMERICA
FETAL,23147,P_CEFALICO_NUM,0.0,15,45,CONVERTIDO_A_NA_EN_VARIABLE_NUMERICA
FETAL,23230,P_CEFALICO_NUM,0.0,15,45,CONVERTIDO_A_NA_EN_VARIABLE_NUMERICA
FETAL,23263,P_CEFALICO_NUM,0.0,15,45,CONVERTIDO_A_NA_EN_VARIABLE_NUMERICA
FETAL,23264,P_CEFALICO_NUM,0.0,15,45,CONVERTIDO_A_NA_EN_VARIABLE_NUMERICA
FETAL,23275,P_CEFALICO_NUM,0.0,15,45,CONVERTIDO_A_NA_EN_VARIABLE_NUMERICA
FETAL,23425,P_CEFALICO_NUM,0.0,15,45,CONVERTIDO_A_NA_EN_VARIABLE_NUMERICA
FETAL,23484,P_CEFALICO_NUM,0.0,15,45,CONVERTIDO_A_NA_EN_VARIABLE_NUMERICA
FETAL,23503,P_CEFALICO_NUM,0.0,15,45,CONVERTIDO_A_NA_EN_VARIABLE_NUMERICA
FETAL,23542,P_CEFALICO_NUM,0.0,15,45,CONVERTIDO_A_NA_EN_VARIABLE_NUMERICA
FETAL,23551,P_CEFALICO_NUM,0.0,15,45,CONVERTIDO_A_NA_EN_VARIABLE_NUMERICA
