Indicador,Valor,Media,SD
N_total_inicial,23848,NA,NA
N_desenlace_conocido,23642,NA,NA
Eventos,489,NA,NA
No_eventos,23153,NA,NA
Faltantes_EDAD_CAT,243,NA,NA
Faltantes_EDAD_ANALITICA,243,30.476772511645798,6.561644689796499
Faltantes_EDAD_Z,243,-2.241558568630767e-16,1
Faltantes_HIPERTENSIVOS_A,0,NA,NA
Faltantes_PAREJA_ESTABLE_A,43,NA,NA
Faltantes_INSTRUCCION_A,129,NA,NA
Faltantes_ACOMPANADA_BIN,71,NA,NA
Faltantes_ACOMPANADA_DETALLE,71,NA,NA
Faltantes_CONTROLES_NUM,56,5.876409734588315,2.704989809532875
Faltantes_CONTROLES_Z,56,-6.47607274566547e-17,1
Faltantes_SESIONES_NUM_A,116,2.681416305364278,2.087289760034927
Faltantes_SESIONES_Z,116,-5.1373762741978027e-17,0.9999999999999999
Faltantes_IVU_A,0,NA,NA
Faltantes_RPM_A,0,NA,NA
Faltantes_DPP,0,NA,NA
Faltantes_HEMORRAGIA_A,1,NA,NA
Faltantes_VERTICE,0,NA,NA
Faltantes_RIESGO_INGRESO_A,88,NA,NA
Faltantes_SEGURO_A,7336,NA,NA
Faltantes_EG_Z,192,1.1262939430603234e-15,0.9999999999999999
